[2026-08-25 12:21:56] Start Monitor 
[2026-08-25 12:21:56] Start fileserver 
[2026-08-25 12:21:57] Start seafevents.main 
2026-08-25 12:21:58,320 Load disk config: storage_dir=/opt/seafile/seafile-data/storage/blocks
2026-08-25 12:21:58,320 Load disk config: storage_dir=/opt/seafile/seafile-data/storage/fs
2026-08-25 12:21:58,320 Load disk config: storage_dir=/opt/seafile/seafile-data/storage/commits
2026-08-25 12:22:01,795 LDAP is not set, disable ldap sync.
2026-08-25 12:22:01,795 [virus_scan] scan_command option is not found in seafile.conf, disable virus scan.
2026-08-25 12:22:01,796 Subscribe to channels: {'seaf_server.stats', 'seahub.stats', 'seaf_server.event'}
2026-08-25 12:22:01,798 Start counting user activity info..
2026-08-25 12:22:01,800 Start counting traffic info..
2026-08-25 12:22:01,801 Traffic counter finished, total time: 0.0014233589172363281 seconds.
2026-08-25 12:22:01,800 [UserActivityCounter] update 0 items.
2026-08-25 12:22:01,802 Start file updates sender, interval = 300 sec
2026-08-25 12:22:01,802 Can not start work weixin notice sender: it is not enabled!
2026-08-25 12:22:01,803 Can not start index updater: it is not enabled!
2026-08-25 12:22:01,803 seahub email sender is started, interval = 1800 sec
2026-08-25 12:22:01,803 Can not start ldap syncer: it is not enabled!
2026-08-25 12:22:01,804 Can not start virus scanner: it is not enabled!
2026-08-25 12:22:01,804 Serving on http://127.0.0.1:8889
2026-08-25 12:22:01,804 Start data statistics..
2026-08-25 12:22:01,804 Can not start content scanner: it is not enabled!
2026-08-25 12:22:01,806 Start counting total storage..
2026-08-25 12:22:01,806 Start counting file operations..
2026-08-25 12:22:01,807 Can not scan repo old files auto del days: it is not enabled!
2026-08-25 12:22:01,807 Start counting monthly traffic info..
2026-08-25 12:22:01,812 Start metric collect, interval = 15 sec
2026-08-25 12:22:01,815 Starting metric handler
2026-08-25 12:22:01,816 Starting handle redis channel
2026-08-25 12:22:01,818 Can not start seasearch file index updater: it is not enabled!
2026-08-25 12:22:01,818 Can not start seasearch wiki index updater: it is not enabled!
2026-08-25 12:22:01,818 Can not start wiki index updater: it is not enabled!
2026-08-25 12:22:01,818 Starting quota usage saver timer, interval = 30 sec
2026-08-25 12:22:01,821 Starting repo change collector
2026-08-25 12:22:01,860 Starting handle redis channel
2026-08-25 12:22:01,866 seahub quota alert email sender is started, interval = 86400 sec
2026-08-25 12:22:01,885 Monthly traffic counter finished, update 0 user items, 0 org items, total time: 0.0774075984954834 seconds.
2026-08-25 12:22:01,898 [FileOpsCounter] Finish counting file operations in 0.08820843696594238 seconds, 0 added, 0 deleted, 0 visited, 0 modified
2026-08-25 12:22:01,899 [TotalStorageCounter] No results from seafile-db.
2026-08-25 12:27:02,334 Load disk config: storage_dir=/opt/seafile/seafile-data/storage/blocks
2026-08-25 12:27:02,334 Load disk config: storage_dir=/opt/seafile/seafile-data/storage/fs
2026-08-25 12:27:02,334 Load disk config: storage_dir=/opt/seafile/seafile-data/storage/commits
[2026-08-25 12:27:04.142660] Start sending file updates emails...
[2026-08-25 12:27:04.153129] Finish sending file updates emails.

2026-08-25 12:32:05,072 Load disk config: storage_dir=/opt/seafile/seafile-data/storage/blocks
2026-08-25 12:32:05,072 Load disk config: storage_dir=/opt/seafile/seafile-data/storage/fs
2026-08-25 12:32:05,072 Load disk config: storage_dir=/opt/seafile/seafile-data/storage/commits
[2026-08-25 12:32:06.781951] Start sending file updates emails...
[2026-08-25 12:32:06.787582] Finish sending file updates emails.

2026-08-25 12:37:07,693 Load disk config: storage_dir=/opt/seafile/seafile-data/storage/blocks
2026-08-25 12:37:07,693 Load disk config: storage_dir=/opt/seafile/seafile-data/storage/fs
2026-08-25 12:37:07,693 Load disk config: storage_dir=/opt/seafile/seafile-data/storage/commits
[2026-08-25 12:37:09.386734] Start sending file updates emails...
[2026-08-25 12:37:09.392166] Finish sending file updates emails.

[2026-08-25 12:37:38] Start Monitor 
[2026-08-25 12:37:38] Start fileserver 
[2026-08-25 12:37:39] Start seafevents.main 
2026-08-25 12:37:40,137 Load disk config: storage_dir=/opt/seafile/seafile-data/storage/blocks
2026-08-25 12:37:40,137 Load disk config: storage_dir=/opt/seafile/seafile-data/storage/fs
2026-08-25 12:37:40,137 Load disk config: storage_dir=/opt/seafile/seafile-data/storage/commits
2026-08-25 12:37:42,309 LDAP is not set, disable ldap sync.
2026-08-25 12:37:42,310 [virus_scan] scan_command option is not found in seafile.conf, disable virus scan.
2026-08-25 12:37:42,310 Subscribe to channels: {'seahub.stats', 'seaf_server.event', 'seaf_server.stats'}
2026-08-25 12:37:42,312 Start counting user activity info..
2026-08-25 12:37:42,312 [UserActivityCounter] update 0 items.
2026-08-25 12:37:42,313 Start counting traffic info..
2026-08-25 12:37:42,314 Start file updates sender, interval = 300 sec
2026-08-25 12:37:42,315 Traffic counter finished, total time: 0.001852273941040039 seconds.
2026-08-25 12:37:42,316 Can not start work weixin notice sender: it is not enabled!
2026-08-25 12:37:42,316 Can not start index updater: it is not enabled!
2026-08-25 12:37:42,316 Serving on http://127.0.0.1:8889
2026-08-25 12:37:42,316 seahub email sender is started, interval = 1800 sec
2026-08-25 12:37:42,316 Can not start ldap syncer: it is not enabled!
2026-08-25 12:37:42,316 Can not start virus scanner: it is not enabled!
2026-08-25 12:37:42,317 Start data statistics..
2026-08-25 12:37:42,317 Can not start content scanner: it is not enabled!
2026-08-25 12:37:42,318 Start counting total storage..
2026-08-25 12:37:42,318 Can not scan repo old files auto del days: it is not enabled!
2026-08-25 12:37:42,320 Start metric collect, interval = 15 sec
2026-08-25 12:37:42,321 Start counting file operations..
2026-08-25 12:37:42,321 Start counting monthly traffic info..
2026-08-25 12:37:42,324 Starting metric handler
2026-08-25 12:37:42,325 Starting handle redis channel
2026-08-25 12:37:42,325 Can not start seasearch file index updater: it is not enabled!
2026-08-25 12:37:42,326 Can not start seasearch wiki index updater: it is not enabled!
2026-08-25 12:37:42,326 Can not start wiki index updater: it is not enabled!
2026-08-25 12:37:42,326 Starting quota usage saver timer, interval = 30 sec
2026-08-25 12:37:42,328 Starting repo change collector
2026-08-25 12:37:42,350 Starting handle redis channel
2026-08-25 12:37:42,351 seahub quota alert email sender is started, interval = 86400 sec
2026-08-25 12:37:42,365 [TotalStorageCounter] No results from seafile-db.
2026-08-25 12:37:42,372 [FileOpsCounter] Finish counting file operations in 0.05093097686767578 seconds, 0 added, 0 deleted, 0 visited, 0 modified
2026-08-25 12:37:42,374 Monthly traffic counter finished, update 0 user items, 0 org items, total time: 0.052176475524902344 seconds.
2026-08-25 12:42:42,961 Load disk config: storage_dir=/opt/seafile/seafile-data/storage/blocks
2026-08-25 12:42:42,961 Load disk config: storage_dir=/opt/seafile/seafile-data/storage/fs
2026-08-25 12:42:42,962 Load disk config: storage_dir=/opt/seafile/seafile-data/storage/commits
[2026-08-25 12:42:45.055860] Start sending file updates emails...
[2026-08-25 12:42:45.062606] Finish sending file updates emails.

[2026-08-25 12:43:39] Start Monitor 
[2026-08-25 12:43:39] Start fileserver 
[2026-08-25 12:43:40] Start seafevents.main 
2026-08-25 12:43:42,043 Load disk config: storage_dir=/opt/seafile/seafile-data/storage/blocks
2026-08-25 12:43:42,043 Load disk config: storage_dir=/opt/seafile/seafile-data/storage/fs
2026-08-25 12:43:42,043 Load disk config: storage_dir=/opt/seafile/seafile-data/storage/commits
2026-08-25 12:43:44,408 LDAP is not set, disable ldap sync.
2026-08-25 12:43:44,408 [virus_scan] scan_command option is not found in seafile.conf, disable virus scan.
2026-08-25 12:43:44,408 Subscribe to channels: {'seaf_server.event', 'seahub.stats', 'seaf_server.stats'}
2026-08-25 12:43:44,410 Start counting user activity info..
2026-08-25 12:43:44,411 Start counting traffic info..
2026-08-25 12:43:44,411 [UserActivityCounter] update 0 items.
2026-08-25 12:43:44,412 Traffic counter finished, total time: 0.0011446475982666016 seconds.
2026-08-25 12:43:44,412 Start file updates sender, interval = 300 sec
2026-08-25 12:43:44,414 Can not start work weixin notice sender: it is not enabled!
2026-08-25 12:43:44,414 Can not start index updater: it is not enabled!
2026-08-25 12:43:44,414 seahub email sender is started, interval = 1800 sec
2026-08-25 12:43:44,414 Serving on http://127.0.0.1:8889
2026-08-25 12:43:44,415 Can not start ldap syncer: it is not enabled!
2026-08-25 12:43:44,415 Can not start virus scanner: it is not enabled!
2026-08-25 12:43:44,415 Start data statistics..
2026-08-25 12:43:44,415 Can not start content scanner: it is not enabled!
2026-08-25 12:43:44,417 Start counting total storage..
2026-08-25 12:43:44,417 Can not scan repo old files auto del days: it is not enabled!
2026-08-25 12:43:44,419 Start counting file operations..
2026-08-25 12:43:44,420 Start counting monthly traffic info..
2026-08-25 12:43:44,421 Start metric collect, interval = 15 sec
2026-08-25 12:43:44,423 Starting metric handler
2026-08-25 12:43:44,424 Starting handle redis channel
2026-08-25 12:43:44,424 Can not start seasearch file index updater: it is not enabled!
2026-08-25 12:43:44,426 Can not start seasearch wiki index updater: it is not enabled!
2026-08-25 12:43:44,426 Can not start wiki index updater: it is not enabled!
2026-08-25 12:43:44,427 Starting quota usage saver timer, interval = 30 sec
2026-08-25 12:43:44,429 Starting repo change collector
2026-08-25 12:43:44,466 Starting handle redis channel
2026-08-25 12:43:44,468 seahub quota alert email sender is started, interval = 86400 sec
2026-08-25 12:43:44,469 [TotalStorageCounter] No results from seafile-db.
2026-08-25 12:43:44,473 Monthly traffic counter finished, update 0 user items, 0 org items, total time: 0.05336642265319824 seconds.
2026-08-25 12:43:44,473 [FileOpsCounter] Finish counting file operations in 0.05360722541809082 seconds, 0 added, 0 deleted, 0 visited, 0 modified
[2026-08-25 12:47:18] Start Monitor 
[2026-08-25 12:47:18] Start fileserver 
[2026-08-25 12:47:19] Start seafevents.main 
2026-08-25 12:47:20,318 Load disk config: storage_dir=/opt/seafile/seafile-data/storage/blocks
2026-08-25 12:47:20,318 Load disk config: storage_dir=/opt/seafile/seafile-data/storage/fs
2026-08-25 12:47:20,318 Load disk config: storage_dir=/opt/seafile/seafile-data/storage/commits
2026-08-25 12:47:22,430 LDAP is not set, disable ldap sync.
2026-08-25 12:47:22,430 [virus_scan] scan_command option is not found in seafile.conf, disable virus scan.
2026-08-25 12:47:22,431 Subscribe to channels: {'seahub.stats', 'seaf_server.stats', 'seaf_server.event'}
2026-08-25 12:47:22,432 Start counting user activity info..
2026-08-25 12:47:22,433 [UserActivityCounter] update 0 items.
2026-08-25 12:47:22,433 Start counting traffic info..
2026-08-25 12:47:22,434 Start file updates sender, interval = 300 sec
2026-08-25 12:47:22,435 Traffic counter finished, total time: 0.0012164115905761719 seconds.
2026-08-25 12:47:22,435 Can not start work weixin notice sender: it is not enabled!
2026-08-25 12:47:22,435 Can not start index updater: it is not enabled!
2026-08-25 12:47:22,436 seahub email sender is started, interval = 1800 sec
2026-08-25 12:47:22,436 Can not start ldap syncer: it is not enabled!
2026-08-25 12:47:22,436 Can not start virus scanner: it is not enabled!
2026-08-25 12:47:22,436 Serving on http://127.0.0.1:8889
2026-08-25 12:47:22,436 Start data statistics..
2026-08-25 12:47:22,437 Can not start content scanner: it is not enabled!
2026-08-25 12:47:22,438 Start counting total storage..
2026-08-25 12:47:22,438 Can not scan repo old files auto del days: it is not enabled!
2026-08-25 12:47:22,438 Start counting file operations..
2026-08-25 12:47:22,440 Start counting monthly traffic info..
2026-08-25 12:47:22,440 Start metric collect, interval = 15 sec
2026-08-25 12:47:22,443 Starting metric handler
2026-08-25 12:47:22,444 Starting handle redis channel
2026-08-25 12:47:22,445 Can not start seasearch file index updater: it is not enabled!
2026-08-25 12:47:22,446 Can not start seasearch wiki index updater: it is not enabled!
2026-08-25 12:47:22,447 Can not start wiki index updater: it is not enabled!
2026-08-25 12:47:22,447 Starting quota usage saver timer, interval = 30 sec
2026-08-25 12:47:22,449 Starting repo change collector
2026-08-25 12:47:22,484 Starting handle redis channel
2026-08-25 12:47:22,484 seahub quota alert email sender is started, interval = 86400 sec
2026-08-25 12:47:22,484 Monthly traffic counter finished, update 0 user items, 0 org items, total time: 0.0440673828125 seconds.
2026-08-25 12:47:22,485 [TotalStorageCounter] No results from seafile-db.
2026-08-25 12:47:22,491 [FileOpsCounter] Finish counting file operations in 0.05022788047790527 seconds, 0 added, 0 deleted, 0 visited, 0 modified
[2026-08-25 12:56:13] Start Monitor 
[2026-08-25 12:56:13] Start fileserver 
[2026-08-25 12:56:14] Start seafevents.main 
2026-08-25 12:56:15,734 Load disk config: storage_dir=/opt/seafile/seafile-data/storage/blocks
2026-08-25 12:56:15,734 Load disk config: storage_dir=/opt/seafile/seafile-data/storage/fs
2026-08-25 12:56:15,734 Load disk config: storage_dir=/opt/seafile/seafile-data/storage/commits
2026-08-25 12:56:17,862 LDAP is not set, disable ldap sync.
2026-08-25 12:56:17,863 [virus_scan] scan_command option is not found in seafile.conf, disable virus scan.
2026-08-25 12:56:17,863 Subscribe to channels: {'seaf_server.stats', 'seaf_server.event', 'seahub.stats'}
2026-08-25 12:56:17,865 Start counting user activity info..
2026-08-25 12:56:17,865 Start counting traffic info..
2026-08-25 12:56:17,866 [UserActivityCounter] update 0 items.
2026-08-25 12:56:17,867 Traffic counter finished, total time: 0.0010557174682617188 seconds.
2026-08-25 12:56:17,867 Start file updates sender, interval = 300 sec
2026-08-25 12:56:17,868 Can not start work weixin notice sender: it is not enabled!
2026-08-25 12:56:17,869 Can not start index updater: it is not enabled!
2026-08-25 12:56:17,869 seahub email sender is started, interval = 1800 sec
2026-08-25 12:56:17,869 Serving on http://127.0.0.1:8889
2026-08-25 12:56:17,869 Can not start ldap syncer: it is not enabled!
2026-08-25 12:56:17,869 Can not start virus scanner: it is not enabled!
2026-08-25 12:56:17,870 Start data statistics..
2026-08-25 12:56:17,870 Can not start content scanner: it is not enabled!
2026-08-25 12:56:17,871 Start counting total storage..
2026-08-25 12:56:17,871 Can not scan repo old files auto del days: it is not enabled!
2026-08-25 12:56:17,873 Start metric collect, interval = 15 sec
2026-08-25 12:56:17,873 Start counting file operations..
2026-08-25 12:56:17,875 Start counting monthly traffic info..
2026-08-25 12:56:17,875 Starting metric handler
2026-08-25 12:56:17,878 Starting handle redis channel
2026-08-25 12:56:17,878 Can not start seasearch file index updater: it is not enabled!
2026-08-25 12:56:17,879 Can not start seasearch wiki index updater: it is not enabled!
2026-08-25 12:56:17,879 Can not start wiki index updater: it is not enabled!
2026-08-25 12:56:17,879 Starting quota usage saver timer, interval = 30 sec
2026-08-25 12:56:17,881 Starting repo change collector
2026-08-25 12:56:17,895 Starting handle redis channel
2026-08-25 12:56:17,896 seahub quota alert email sender is started, interval = 86400 sec
2026-08-25 12:56:17,912 [FileOpsCounter] Finish counting file operations in 0.03800845146179199 seconds, 0 added, 0 deleted, 0 visited, 0 modified
2026-08-25 12:56:17,923 Monthly traffic counter finished, update 0 user items, 0 org items, total time: 0.04786396026611328 seconds.
2026-08-25 12:56:17,924 [TotalStorageCounter] No results from seafile-db.
2026-08-25 13:00:17,902 Start counting quota usage by repos, current 1 repos waiting to count
2026-08-25 13:01:18,471 Load disk config: storage_dir=/opt/seafile/seafile-data/storage/blocks
2026-08-25 13:01:18,471 Load disk config: storage_dir=/opt/seafile/seafile-data/storage/fs
2026-08-25 13:01:18,471 Load disk config: storage_dir=/opt/seafile/seafile-data/storage/commits
[2026-08-25 13:01:20.500258] Start sending file updates emails...
[2026-08-25 13:01:20.506576] Finish sending file updates emails.

2026-08-25 13:06:21,538 Load disk config: storage_dir=/opt/seafile/seafile-data/storage/blocks
2026-08-25 13:06:21,539 Load disk config: storage_dir=/opt/seafile/seafile-data/storage/fs
2026-08-25 13:06:21,539 Load disk config: storage_dir=/opt/seafile/seafile-data/storage/commits
[2026-08-25 13:06:23.601132] Start sending file updates emails...
[2026-08-25 13:06:23.607129] Finish sending file updates emails.

2026-08-25 13:07:17,994 Start counting quota usage by repos, current 1 repos waiting to count
2026-08-25 13:08:18,062 Start counting quota usage by repos, current 1 repos waiting to count
2026-08-25 13:11:24,591 Load disk config: storage_dir=/opt/seafile/seafile-data/storage/blocks
2026-08-25 13:11:24,591 Load disk config: storage_dir=/opt/seafile/seafile-data/storage/fs
2026-08-25 13:11:24,591 Load disk config: storage_dir=/opt/seafile/seafile-data/storage/commits
[2026-08-25 13:11:26.721039] Start sending file updates emails...
[2026-08-25 13:11:26.728426] Finish sending file updates emails.

2026-08-25 13:15:18,162 Start counting quota usage by repos, current 1 repos waiting to count
2026-08-25 13:16:18,236 Start counting quota usage by repos, current 1 repos waiting to count
2026-08-25 13:16:27,662 Load disk config: storage_dir=/opt/seafile/seafile-data/storage/blocks
2026-08-25 13:16:27,662 Load disk config: storage_dir=/opt/seafile/seafile-data/storage/fs
2026-08-25 13:16:27,662 Load disk config: storage_dir=/opt/seafile/seafile-data/storage/commits
[2026-08-25 13:16:29.355313] Start sending file updates emails...
[2026-08-25 13:16:29.361404] Finish sending file updates emails.

2026-08-25 13:21:30,266 Load disk config: storage_dir=/opt/seafile/seafile-data/storage/blocks
2026-08-25 13:21:30,266 Load disk config: storage_dir=/opt/seafile/seafile-data/storage/fs
2026-08-25 13:21:30,266 Load disk config: storage_dir=/opt/seafile/seafile-data/storage/commits
[2026-08-25 13:21:31.920356] Start sending file updates emails...
[2026-08-25 13:21:31.926704] Finish sending file updates emails.

2026-08-25 13:26:17,869 starts to send email
2026-08-25 13:26:18,339 Load disk config: storage_dir=/opt/seafile/seafile-data/storage/blocks
2026-08-25 13:26:18,340 Load disk config: storage_dir=/opt/seafile/seafile-data/storage/fs
2026-08-25 13:26:18,340 Load disk config: storage_dir=/opt/seafile/seafile-data/storage/commits
2026-08-25 13:26:32,828 Load disk config: storage_dir=/opt/seafile/seafile-data/storage/blocks
2026-08-25 13:26:32,828 Load disk config: storage_dir=/opt/seafile/seafile-data/storage/fs
2026-08-25 13:26:32,828 Load disk config: storage_dir=/opt/seafile/seafile-data/storage/commits
[2026-08-25 13:26:34.468420] Start sending file updates emails...
[2026-08-25 13:26:34.474072] Finish sending file updates emails.

2026-08-25 13:31:35,385 Load disk config: storage_dir=/opt/seafile/seafile-data/storage/blocks
2026-08-25 13:31:35,385 Load disk config: storage_dir=/opt/seafile/seafile-data/storage/fs
2026-08-25 13:31:35,385 Load disk config: storage_dir=/opt/seafile/seafile-data/storage/commits
[2026-08-25 13:31:37.037045] Start sending file updates emails...
[2026-08-25 13:31:37.043597] Finish sending file updates emails.

[2026-08-25 13:32:28] Start Monitor 
[2026-08-25 13:32:28] Start fileserver 
[2026-08-25 13:32:29] Start seafevents.main 
2026-08-25 13:32:30,408 Load disk config: storage_dir=/opt/seafile/seafile-data/storage/blocks
2026-08-25 13:32:30,408 Load disk config: storage_dir=/opt/seafile/seafile-data/storage/fs
2026-08-25 13:32:30,408 Load disk config: storage_dir=/opt/seafile/seafile-data/storage/commits
2026-08-25 13:32:32,537 LDAP is not set, disable ldap sync.
2026-08-25 13:32:32,537 [virus_scan] scan_command option is not found in seafile.conf, disable virus scan.
2026-08-25 13:32:32,538 Subscribe to channels: {'seaf_server.event', 'seaf_server.stats', 'seahub.stats'}
2026-08-25 13:32:32,539 Start counting user activity info..
2026-08-25 13:32:32,540 Start counting traffic info..
2026-08-25 13:32:32,540 [UserActivityCounter] update 0 items.
2026-08-25 13:32:32,541 Traffic counter finished, total time: 0.0010921955108642578 seconds.
2026-08-25 13:32:32,541 Start file updates sender, interval = 300 sec
2026-08-25 13:32:32,543 Can not start work weixin notice sender: it is not enabled!
2026-08-25 13:32:32,543 Can not start index updater: it is not enabled!
2026-08-25 13:32:32,543 seahub email sender is started, interval = 1800 sec
2026-08-25 13:32:32,544 Serving on http://127.0.0.1:8889
2026-08-25 13:32:32,544 Can not start ldap syncer: it is not enabled!
2026-08-25 13:32:32,544 Can not start virus scanner: it is not enabled!
2026-08-25 13:32:32,544 Start data statistics..
2026-08-25 13:32:32,544 Can not start content scanner: it is not enabled!
2026-08-25 13:32:32,546 Start counting total storage..
2026-08-25 13:32:32,546 Can not scan repo old files auto del days: it is not enabled!
2026-08-25 13:32:32,547 Start counting file operations..
2026-08-25 13:32:32,550 Start metric collect, interval = 15 sec
2026-08-25 13:32:32,551 Start counting monthly traffic info..
2026-08-25 13:32:32,552 Starting metric handler
2026-08-25 13:32:32,553 Starting handle redis channel
2026-08-25 13:32:32,554 Can not start seasearch file index updater: it is not enabled!
2026-08-25 13:32:32,554 Can not start seasearch wiki index updater: it is not enabled!
2026-08-25 13:32:32,554 Can not start wiki index updater: it is not enabled!
2026-08-25 13:32:32,554 Starting quota usage saver timer, interval = 30 sec
2026-08-25 13:32:32,555 Starting repo change collector
2026-08-25 13:32:32,558 Starting handle redis channel
2026-08-25 13:32:32,558 seahub quota alert email sender is started, interval = 86400 sec
2026-08-25 13:32:32,598 [FileOpsCounter] Finish counting file operations in 0.04930233955383301 seconds, 0 added, 0 deleted, 0 visited, 0 modified
2026-08-25 13:32:32,599 Monthly traffic counter finished, update 0 user items, 0 org items, total time: 0.04830288887023926 seconds.
2026-08-25 13:32:32,611 [TotalStorageCounter] Finish counting total storage in 0.06426000595092773 seconds.
2026-08-25 13:37:33,008 Load disk config: storage_dir=/opt/seafile/seafile-data/storage/blocks
2026-08-25 13:37:33,008 Load disk config: storage_dir=/opt/seafile/seafile-data/storage/fs
2026-08-25 13:37:33,008 Load disk config: storage_dir=/opt/seafile/seafile-data/storage/commits
[2026-08-25 13:37:34.702448] Start sending file updates emails...
[2026-08-25 13:37:34.708309] Finish sending file updates emails.

2026-08-25 13:42:35,580 Load disk config: storage_dir=/opt/seafile/seafile-data/storage/blocks
2026-08-25 13:42:35,580 Load disk config: storage_dir=/opt/seafile/seafile-data/storage/fs
2026-08-25 13:42:35,580 Load disk config: storage_dir=/opt/seafile/seafile-data/storage/commits
[2026-08-25 13:42:37.234672] Start sending file updates emails...
[2026-08-25 13:42:37.241052] Finish sending file updates emails.

2026-08-25 13:45:23,658 Failed to collect repo change information: Error 111 connecting to redis:6379. Connection refused.
[2026-08-25 13:46:03] Start Monitor 
[2026-08-25 13:46:03] Start fileserver 
[2026-08-25 13:46:04] Start seafevents.main 
2026-08-25 13:46:05,514 Load disk config: storage_dir=/opt/seafile/seafile-data/storage/blocks
2026-08-25 13:46:05,515 Load disk config: storage_dir=/opt/seafile/seafile-data/storage/fs
2026-08-25 13:46:05,515 Load disk config: storage_dir=/opt/seafile/seafile-data/storage/commits
2026-08-25 13:46:08,272 LDAP is not set, disable ldap sync.
2026-08-25 13:46:08,276 [virus_scan] scan_command option is not found in seafile.conf, disable virus scan.
2026-08-25 13:46:08,277 Subscribe to channels: {'seaf_server.event', 'seaf_server.stats', 'seahub.stats'}
2026-08-25 13:46:08,284 Start counting user activity info..
2026-08-25 13:46:08,285 [UserActivityCounter] update 0 items.
2026-08-25 13:46:08,286 Start counting traffic info..
2026-08-25 13:46:08,287 Traffic counter finished, total time: 0.0011234283447265625 seconds.
2026-08-25 13:46:08,288 Start file updates sender, interval = 300 sec
2026-08-25 13:46:08,289 Can not start work weixin notice sender: it is not enabled!
2026-08-25 13:46:08,289 Can not start index updater: it is not enabled!
2026-08-25 13:46:08,289 seahub email sender is started, interval = 1800 sec
2026-08-25 13:46:08,290 Can not start ldap syncer: it is not enabled!
2026-08-25 13:46:08,291 Can not start virus scanner: it is not enabled!
2026-08-25 13:46:08,291 Serving on http://127.0.0.1:8889
2026-08-25 13:46:08,291 Can not start content scanner: it is not enabled!
2026-08-25 13:46:08,292 Can not scan repo old files auto del days: it is not enabled!
2026-08-25 13:46:08,291 Start data statistics..
2026-08-25 13:46:08,294 Start counting total storage..
2026-08-25 13:46:08,294 Start metric collect, interval = 15 sec
2026-08-25 13:46:08,297 Start counting file operations..
2026-08-25 13:46:08,298 Starting metric handler
2026-08-25 13:46:08,303 Starting handle redis channel
2026-08-25 13:46:08,308 Can not start seasearch file index updater: it is not enabled!
2026-08-25 13:46:08,320 Can not start seasearch wiki index updater: it is not enabled!
2026-08-25 13:46:08,321 Can not start wiki index updater: it is not enabled!
2026-08-25 13:46:08,321 Starting quota usage saver timer, interval = 30 sec
2026-08-25 13:46:08,302 Start counting monthly traffic info..
2026-08-25 13:46:08,325 Starting repo change collector
2026-08-25 13:46:08,359 Starting handle redis channel
2026-08-25 13:46:08,368 seahub quota alert email sender is started, interval = 86400 sec
2026-08-25 13:46:08,420 Monthly traffic counter finished, update 0 user items, 0 org items, total time: 0.11881089210510254 seconds.
2026-08-25 13:46:08,430 [FileOpsCounter] Finish counting file operations in 0.13162875175476074 seconds, 0 added, 0 deleted, 0 visited, 0 modified
2026-08-25 13:46:08,433 [TotalStorageCounter] Finish counting total storage in 0.13857626914978027 seconds.
2026-08-25 13:51:08,788 Load disk config: storage_dir=/opt/seafile/seafile-data/storage/blocks
2026-08-25 13:51:08,789 Load disk config: storage_dir=/opt/seafile/seafile-data/storage/fs
2026-08-25 13:51:08,789 Load disk config: storage_dir=/opt/seafile/seafile-data/storage/commits
[2026-08-25 13:51:10.570546] Start sending file updates emails...
[2026-08-25 13:51:10.577072] Finish sending file updates emails.

2026-08-25 13:56:11,536 Load disk config: storage_dir=/opt/seafile/seafile-data/storage/blocks
2026-08-25 13:56:11,536 Load disk config: storage_dir=/opt/seafile/seafile-data/storage/fs
2026-08-25 13:56:11,536 Load disk config: storage_dir=/opt/seafile/seafile-data/storage/commits
[2026-08-25 13:56:13.465866] Start sending file updates emails...
[2026-08-25 13:56:13.471771] Finish sending file updates emails.

2026-08-25 14:01:14,449 Load disk config: storage_dir=/opt/seafile/seafile-data/storage/blocks
2026-08-25 14:01:14,449 Load disk config: storage_dir=/opt/seafile/seafile-data/storage/fs
2026-08-25 14:01:14,449 Load disk config: storage_dir=/opt/seafile/seafile-data/storage/commits
[2026-08-25 14:01:16.275203] Start sending file updates emails...
[2026-08-25 14:01:16.281422] Finish sending file updates emails.

2026-08-25 14:06:17,218 Load disk config: storage_dir=/opt/seafile/seafile-data/storage/blocks
2026-08-25 14:06:17,218 Load disk config: storage_dir=/opt/seafile/seafile-data/storage/fs
2026-08-25 14:06:17,218 Load disk config: storage_dir=/opt/seafile/seafile-data/storage/commits
[2026-08-25 14:06:18.894791] Start sending file updates emails...
[2026-08-25 14:06:18.900517] Finish sending file updates emails.

2026-08-25 14:11:19,756 Load disk config: storage_dir=/opt/seafile/seafile-data/storage/blocks
2026-08-25 14:11:19,756 Load disk config: storage_dir=/opt/seafile/seafile-data/storage/fs
2026-08-25 14:11:19,756 Load disk config: storage_dir=/opt/seafile/seafile-data/storage/commits
[2026-08-25 14:11:21.412020] Start sending file updates emails...
[2026-08-25 14:11:21.417560] Finish sending file updates emails.

[2026-08-25 14:12:50] Start Monitor 
[2026-08-25 14:12:50] Start fileserver 
[2026-08-25 14:12:51] Start seafevents.main 
2026-08-25 14:12:52,059 Load disk config: storage_dir=/opt/seafile/seafile-data/storage/blocks
2026-08-25 14:12:52,059 Load disk config: storage_dir=/opt/seafile/seafile-data/storage/fs
2026-08-25 14:12:52,059 Load disk config: storage_dir=/opt/seafile/seafile-data/storage/commits
2026-08-25 14:12:54,505 LDAP is not set, disable ldap sync.
2026-08-25 14:12:54,505 [virus_scan] scan_command option is not found in seafile.conf, disable virus scan.
2026-08-25 14:12:54,505 Subscribe to channels: {'seaf_server.event', 'seaf_server.stats', 'seahub.stats'}
2026-08-25 14:12:54,507 Start counting user activity info..
2026-08-25 14:12:54,507 [UserActivityCounter] update 0 items.
2026-08-25 14:12:54,508 Start counting traffic info..
2026-08-25 14:12:54,508 Start file updates sender, interval = 300 sec
2026-08-25 14:12:54,510 Traffic counter finished, total time: 0.0016469955444335938 seconds.
2026-08-25 14:12:54,510 Can not start work weixin notice sender: it is not enabled!
2026-08-25 14:12:54,511 Can not start index updater: it is not enabled!
2026-08-25 14:12:54,511 seahub email sender is started, interval = 1800 sec
2026-08-25 14:12:54,511 Serving on http://127.0.0.1:8889
2026-08-25 14:12:54,511 Can not start ldap syncer: it is not enabled!
2026-08-25 14:12:54,511 Can not start virus scanner: it is not enabled!
2026-08-25 14:12:54,512 Start data statistics..
2026-08-25 14:12:54,512 Can not start content scanner: it is not enabled!
2026-08-25 14:12:54,513 Start counting total storage..
2026-08-25 14:12:54,513 Can not scan repo old files auto del days: it is not enabled!
2026-08-25 14:12:54,513 Start counting file operations..
2026-08-25 14:12:54,516 Start counting monthly traffic info..
2026-08-25 14:12:54,516 Start metric collect, interval = 15 sec
2026-08-25 14:12:54,519 Starting metric handler
2026-08-25 14:12:54,520 Starting handle redis channel
2026-08-25 14:12:54,521 Can not start seasearch file index updater: it is not enabled!
2026-08-25 14:12:54,521 Can not start seasearch wiki index updater: it is not enabled!
2026-08-25 14:12:54,521 Can not start wiki index updater: it is not enabled!
2026-08-25 14:12:54,522 Starting quota usage saver timer, interval = 30 sec
2026-08-25 14:12:54,525 Starting repo change collector
2026-08-25 14:12:54,567 Starting handle redis channel
2026-08-25 14:12:54,568 seahub quota alert email sender is started, interval = 86400 sec
2026-08-25 14:12:54,572 Monthly traffic counter finished, update 0 user items, 0 org items, total time: 0.05575728416442871 seconds.
2026-08-25 14:12:54,572 [FileOpsCounter] Finish counting file operations in 0.055962562561035156 seconds, 0 added, 0 deleted, 0 visited, 0 modified
2026-08-25 14:12:54,585 [TotalStorageCounter] Finish counting total storage in 0.07090425491333008 seconds.
2026-08-25 14:17:54,975 Load disk config: storage_dir=/opt/seafile/seafile-data/storage/blocks
2026-08-25 14:17:54,975 Load disk config: storage_dir=/opt/seafile/seafile-data/storage/fs
2026-08-25 14:17:54,975 Load disk config: storage_dir=/opt/seafile/seafile-data/storage/commits
[2026-08-25 14:17:56.842617] Start sending file updates emails...
[2026-08-25 14:17:56.848260] Finish sending file updates emails.

2026-08-25 14:22:57,707 Load disk config: storage_dir=/opt/seafile/seafile-data/storage/blocks
2026-08-25 14:22:57,707 Load disk config: storage_dir=/opt/seafile/seafile-data/storage/fs
2026-08-25 14:22:57,707 Load disk config: storage_dir=/opt/seafile/seafile-data/storage/commits
[2026-08-25 14:22:59.350741] Start sending file updates emails...
[2026-08-25 14:22:59.357185] Finish sending file updates emails.

2026-08-25 14:28:00,215 Load disk config: storage_dir=/opt/seafile/seafile-data/storage/blocks
2026-08-25 14:28:00,215 Load disk config: storage_dir=/opt/seafile/seafile-data/storage/fs
2026-08-25 14:28:00,215 Load disk config: storage_dir=/opt/seafile/seafile-data/storage/commits
[2026-08-25 14:28:01.836901] Start sending file updates emails...
[2026-08-25 14:28:01.843289] Finish sending file updates emails.

2026-08-25 14:33:02,858 Load disk config: storage_dir=/opt/seafile/seafile-data/storage/blocks
2026-08-25 14:33:02,858 Load disk config: storage_dir=/opt/seafile/seafile-data/storage/fs
2026-08-25 14:33:02,859 Load disk config: storage_dir=/opt/seafile/seafile-data/storage/commits
[2026-08-25 14:33:04.530594] Start sending file updates emails...
[2026-08-25 14:33:04.536761] Finish sending file updates emails.

2026-08-25 14:36:24,653 Start counting quota usage by repos, current 1 repos waiting to count
2026-08-25 14:38:05,406 Load disk config: storage_dir=/opt/seafile/seafile-data/storage/blocks
2026-08-25 14:38:05,406 Load disk config: storage_dir=/opt/seafile/seafile-data/storage/fs
2026-08-25 14:38:05,406 Load disk config: storage_dir=/opt/seafile/seafile-data/storage/commits
[2026-08-25 14:38:07.031309] Start sending file updates emails...
[2026-08-25 14:38:07.037491] Finish sending file updates emails.

2026-08-25 14:42:54,511 starts to send email
2026-08-25 14:42:54,759 Start counting quota usage by repos, current 1 repos waiting to count
2026-08-25 14:42:54,985 Load disk config: storage_dir=/opt/seafile/seafile-data/storage/blocks
2026-08-25 14:42:54,985 Load disk config: storage_dir=/opt/seafile/seafile-data/storage/fs
2026-08-25 14:42:54,985 Load disk config: storage_dir=/opt/seafile/seafile-data/storage/commits
2026-08-25 14:43:07,932 Load disk config: storage_dir=/opt/seafile/seafile-data/storage/blocks
2026-08-25 14:43:07,932 Load disk config: storage_dir=/opt/seafile/seafile-data/storage/fs
2026-08-25 14:43:07,932 Load disk config: storage_dir=/opt/seafile/seafile-data/storage/commits
[2026-08-25 14:43:09.562772] Start sending file updates emails...
[2026-08-25 14:43:09.569126] Finish sending file updates emails.

[2026-08-25 14:46:57] Start Monitor 
[2026-08-25 14:46:57] Start fileserver 
[2026-08-25 14:46:58] Start seafevents.main 
2026-08-25 14:46:59,757 Load disk config: storage_dir=/opt/seafile/seafile-data/storage/blocks
2026-08-25 14:46:59,758 Load disk config: storage_dir=/opt/seafile/seafile-data/storage/fs
2026-08-25 14:46:59,758 Load disk config: storage_dir=/opt/seafile/seafile-data/storage/commits
2026-08-25 14:47:01,903 LDAP is not set, disable ldap sync.
2026-08-25 14:47:01,904 [virus_scan] scan_command option is not found in seafile.conf, disable virus scan.
2026-08-25 14:47:01,904 Subscribe to channels: {'seaf_server.event', 'seaf_server.stats', 'seahub.stats'}
2026-08-25 14:47:01,906 Start counting user activity info..
2026-08-25 14:47:01,906 Start counting traffic info..
2026-08-25 14:47:01,907 [UserActivityCounter] update 0 items.
2026-08-25 14:47:01,907 Start file updates sender, interval = 300 sec
2026-08-25 14:47:01,908 Traffic counter finished, total time: 0.0012848377227783203 seconds.
2026-08-25 14:47:01,909 Can not start work weixin notice sender: it is not enabled!
2026-08-25 14:47:01,909 Can not start index updater: it is not enabled!
2026-08-25 14:47:01,909 seahub email sender is started, interval = 1800 sec
2026-08-25 14:47:01,909 Serving on http://127.0.0.1:8889
2026-08-25 14:47:01,909 Can not start ldap syncer: it is not enabled!
2026-08-25 14:47:01,910 Can not start virus scanner: it is not enabled!
2026-08-25 14:47:01,910 Start data statistics..
2026-08-25 14:47:01,910 Can not start content scanner: it is not enabled!
2026-08-25 14:47:01,911 Start counting total storage..
2026-08-25 14:47:01,911 Can not scan repo old files auto del days: it is not enabled!
2026-08-25 14:47:01,912 Start counting file operations..
2026-08-25 14:47:01,916 Start counting monthly traffic info..
2026-08-25 14:47:01,917 Start metric collect, interval = 15 sec
2026-08-25 14:47:01,922 Starting metric handler
2026-08-25 14:47:01,923 Starting handle redis channel
2026-08-25 14:47:01,924 Can not start seasearch file index updater: it is not enabled!
2026-08-25 14:47:01,926 Can not start seasearch wiki index updater: it is not enabled!
2026-08-25 14:47:01,926 Can not start wiki index updater: it is not enabled!
2026-08-25 14:47:01,928 Starting quota usage saver timer, interval = 30 sec
2026-08-25 14:47:01,929 Starting repo change collector
2026-08-25 14:47:01,969 Starting handle redis channel
2026-08-25 14:47:01,971 seahub quota alert email sender is started, interval = 86400 sec
2026-08-25 14:47:01,975 [FileOpsCounter] Finish counting file operations in 0.0583040714263916 seconds, 0 added, 0 deleted, 0 visited, 0 modified
2026-08-25 14:47:01,976 Monthly traffic counter finished, update 0 user items, 0 org items, total time: 0.05945277214050293 seconds.
2026-08-25 14:47:01,979 [TotalStorageCounter] Finish counting total storage in 0.06684160232543945 seconds.
2026-08-25 14:47:31,931 Start counting quota usage by repos, current 1 repos waiting to count
2026-08-25 14:48:01,965 Start counting quota usage by repos, current 1 repos waiting to count
2026-08-25 14:52:02,377 Load disk config: storage_dir=/opt/seafile/seafile-data/storage/blocks
2026-08-25 14:52:02,377 Load disk config: storage_dir=/opt/seafile/seafile-data/storage/fs
2026-08-25 14:52:02,377 Load disk config: storage_dir=/opt/seafile/seafile-data/storage/commits
[2026-08-25 14:52:04.069879] Start sending file updates emails...
[2026-08-25 14:52:04.075342] Finish sending file updates emails.

2026-08-25 14:57:05,205 Load disk config: storage_dir=/opt/seafile/seafile-data/storage/blocks
2026-08-25 14:57:05,205 Load disk config: storage_dir=/opt/seafile/seafile-data/storage/fs
2026-08-25 14:57:05,205 Load disk config: storage_dir=/opt/seafile/seafile-data/storage/commits
[2026-08-25 14:57:07.694309] Start sending file updates emails...
[2026-08-25 14:57:07.703538] Finish sending file updates emails.

2026-08-25 15:02:08,980 Load disk config: storage_dir=/opt/seafile/seafile-data/storage/blocks
2026-08-25 15:02:08,980 Load disk config: storage_dir=/opt/seafile/seafile-data/storage/fs
2026-08-25 15:02:08,980 Load disk config: storage_dir=/opt/seafile/seafile-data/storage/commits
[2026-08-25 15:02:11.494693] Start sending file updates emails...
[2026-08-25 15:02:11.502521] Finish sending file updates emails.

2026-08-25 15:07:12,656 Load disk config: storage_dir=/opt/seafile/seafile-data/storage/blocks
2026-08-25 15:07:12,656 Load disk config: storage_dir=/opt/seafile/seafile-data/storage/fs
2026-08-25 15:07:12,656 Load disk config: storage_dir=/opt/seafile/seafile-data/storage/commits
[2026-08-25 15:07:15.143286] Start sending file updates emails...
[2026-08-25 15:07:15.151255] Finish sending file updates emails.

2026-08-25 15:12:16,304 Load disk config: storage_dir=/opt/seafile/seafile-data/storage/blocks
2026-08-25 15:12:16,304 Load disk config: storage_dir=/opt/seafile/seafile-data/storage/fs
2026-08-25 15:12:16,304 Load disk config: storage_dir=/opt/seafile/seafile-data/storage/commits
[2026-08-25 15:12:18.745844] Start sending file updates emails...
[2026-08-25 15:12:18.754512] Finish sending file updates emails.

2026-08-25 15:17:01,910 starts to send email
2026-08-25 15:17:02,638 Load disk config: storage_dir=/opt/seafile/seafile-data/storage/blocks
2026-08-25 15:17:02,639 Load disk config: storage_dir=/opt/seafile/seafile-data/storage/fs
2026-08-25 15:17:02,639 Load disk config: storage_dir=/opt/seafile/seafile-data/storage/commits
2026-08-25 15:17:19,998 Load disk config: storage_dir=/opt/seafile/seafile-data/storage/blocks
2026-08-25 15:17:19,998 Load disk config: storage_dir=/opt/seafile/seafile-data/storage/fs
2026-08-25 15:17:19,998 Load disk config: storage_dir=/opt/seafile/seafile-data/storage/commits
[2026-08-25 15:17:22.502869] Start sending file updates emails...
[2026-08-25 15:17:22.511621] Finish sending file updates emails.

2026-08-25 15:22:23,660 Load disk config: storage_dir=/opt/seafile/seafile-data/storage/blocks
2026-08-25 15:22:23,660 Load disk config: storage_dir=/opt/seafile/seafile-data/storage/fs
2026-08-25 15:22:23,660 Load disk config: storage_dir=/opt/seafile/seafile-data/storage/commits
[2026-08-25 15:22:26.161512] Start sending file updates emails...
[2026-08-25 15:22:26.169809] Finish sending file updates emails.

2026-08-25 15:27:27,427 Load disk config: storage_dir=/opt/seafile/seafile-data/storage/blocks
2026-08-25 15:27:27,428 Load disk config: storage_dir=/opt/seafile/seafile-data/storage/fs
2026-08-25 15:27:27,428 Load disk config: storage_dir=/opt/seafile/seafile-data/storage/commits
[2026-08-25 15:27:29.942575] Start sending file updates emails...
[2026-08-25 15:27:29.950714] Finish sending file updates emails.

2026-08-25 15:32:31,231 Load disk config: storage_dir=/opt/seafile/seafile-data/storage/blocks
2026-08-25 15:32:31,231 Load disk config: storage_dir=/opt/seafile/seafile-data/storage/fs
2026-08-25 15:32:31,231 Load disk config: storage_dir=/opt/seafile/seafile-data/storage/commits
[2026-08-25 15:32:33.737156] Start sending file updates emails...
[2026-08-25 15:32:33.745630] Finish sending file updates emails.

2026-08-25 15:33:32,237 Start counting quota usage by repos, current 1 repos waiting to count
2026-08-25 15:35:32,293 Start counting quota usage by repos, current 1 repos waiting to count
2026-08-25 15:36:02,318 Start counting quota usage by repos, current 1 repos waiting to count
2026-08-25 15:37:34,923 Load disk config: storage_dir=/opt/seafile/seafile-data/storage/blocks
2026-08-25 15:37:34,923 Load disk config: storage_dir=/opt/seafile/seafile-data/storage/fs
2026-08-25 15:37:34,923 Load disk config: storage_dir=/opt/seafile/seafile-data/storage/commits
[2026-08-25 15:37:37.401654] Start sending file updates emails...
[2026-08-25 15:37:37.409784] Finish sending file updates emails.

2026-08-25 15:42:38,565 Load disk config: storage_dir=/opt/seafile/seafile-data/storage/blocks
2026-08-25 15:42:38,566 Load disk config: storage_dir=/opt/seafile/seafile-data/storage/fs
2026-08-25 15:42:38,566 Load disk config: storage_dir=/opt/seafile/seafile-data/storage/commits
[2026-08-25 15:42:41.041460] Start sending file updates emails...
[2026-08-25 15:42:41.064982] Finish sending file updates emails.

2026-08-25 15:47:01,910 Start counting user activity info..
2026-08-25 15:47:01,910 Start counting traffic info..
2026-08-25 15:47:01,912 starts to send email
2026-08-25 15:47:01,948 [UserActivityCounter] update 1 items.
2026-08-25 15:47:01,972 Traffic Counter: 3 items has been updated on 2026-08-25, time: 0.061629533767700195 seconds.
2026-08-25 15:47:01,977 Start counting monthly traffic info..
2026-08-25 15:47:01,980 Start counting file operations..
2026-08-25 15:47:01,981 Start counting total storage..
2026-08-25 15:47:01,987 Traffic counter finished, total time: 0.07682085037231445 seconds.
2026-08-25 15:47:02,020 [FileOpsCounter] Finish counting file operations in 0.03871273994445801 seconds, 0 added, 0 deleted, 0 visited, 0 modified
2026-08-25 15:47:02,050 Monthly traffic counter finished, update 2 user items, 1 org items, total time: 0.07284903526306152 seconds.
2026-08-25 15:47:02,062 [TotalStorageCounter] Finish counting total storage in 0.07717156410217285 seconds.
2026-08-25 15:47:02,667 Load disk config: storage_dir=/opt/seafile/seafile-data/storage/blocks
2026-08-25 15:47:02,667 Load disk config: storage_dir=/opt/seafile/seafile-data/storage/fs
2026-08-25 15:47:02,667 Load disk config: storage_dir=/opt/seafile/seafile-data/storage/commits
2026-08-25 15:47:42,233 Load disk config: storage_dir=/opt/seafile/seafile-data/storage/blocks
2026-08-25 15:47:42,233 Load disk config: storage_dir=/opt/seafile/seafile-data/storage/fs
2026-08-25 15:47:42,233 Load disk config: storage_dir=/opt/seafile/seafile-data/storage/commits
[2026-08-25 15:47:44.686628] Start sending file updates emails...
[2026-08-25 15:47:44.696040] Finish sending file updates emails.

2026-08-25 15:52:45,850 Load disk config: storage_dir=/opt/seafile/seafile-data/storage/blocks
2026-08-25 15:52:45,851 Load disk config: storage_dir=/opt/seafile/seafile-data/storage/fs
2026-08-25 15:52:45,851 Load disk config: storage_dir=/opt/seafile/seafile-data/storage/commits
[2026-08-25 15:52:48.316208] Start sending file updates emails...
[2026-08-25 15:52:48.324602] Finish sending file updates emails.

2026-08-25 15:57:49,676 Load disk config: storage_dir=/opt/seafile/seafile-data/storage/blocks
2026-08-25 15:57:49,676 Load disk config: storage_dir=/opt/seafile/seafile-data/storage/fs
2026-08-25 15:57:49,676 Load disk config: storage_dir=/opt/seafile/seafile-data/storage/commits
[2026-08-25 15:57:52.157865] Start sending file updates emails...
[2026-08-25 15:57:52.166225] Finish sending file updates emails.

2026-08-25 16:02:53,453 Load disk config: storage_dir=/opt/seafile/seafile-data/storage/blocks
2026-08-25 16:02:53,453 Load disk config: storage_dir=/opt/seafile/seafile-data/storage/fs
2026-08-25 16:02:53,453 Load disk config: storage_dir=/opt/seafile/seafile-data/storage/commits
[2026-08-25 16:02:55.957366] Start sending file updates emails...
[2026-08-25 16:02:55.965945] Finish sending file updates emails.

2026-08-25 16:07:57,231 Load disk config: storage_dir=/opt/seafile/seafile-data/storage/blocks
2026-08-25 16:07:57,232 Load disk config: storage_dir=/opt/seafile/seafile-data/storage/fs
2026-08-25 16:07:57,232 Load disk config: storage_dir=/opt/seafile/seafile-data/storage/commits
[2026-08-25 16:07:59.785120] Start sending file updates emails...
[2026-08-25 16:07:59.793681] Finish sending file updates emails.

2026-08-25 16:13:00,962 Load disk config: storage_dir=/opt/seafile/seafile-data/storage/blocks
2026-08-25 16:13:00,962 Load disk config: storage_dir=/opt/seafile/seafile-data/storage/fs
2026-08-25 16:13:00,962 Load disk config: storage_dir=/opt/seafile/seafile-data/storage/commits
[2026-08-25 16:13:03.425999] Start sending file updates emails...
[2026-08-25 16:13:03.434551] Finish sending file updates emails.

2026-08-25 16:17:01,914 starts to send email
2026-08-25 16:17:02,617 Load disk config: storage_dir=/opt/seafile/seafile-data/storage/blocks
2026-08-25 16:17:02,617 Load disk config: storage_dir=/opt/seafile/seafile-data/storage/fs
2026-08-25 16:17:02,618 Load disk config: storage_dir=/opt/seafile/seafile-data/storage/commits
2026-08-25 16:18:04,592 Load disk config: storage_dir=/opt/seafile/seafile-data/storage/blocks
2026-08-25 16:18:04,592 Load disk config: storage_dir=/opt/seafile/seafile-data/storage/fs
2026-08-25 16:18:04,592 Load disk config: storage_dir=/opt/seafile/seafile-data/storage/commits
[2026-08-25 16:18:07.078246] Start sending file updates emails...
[2026-08-25 16:18:07.087335] Finish sending file updates emails.

2026-08-25 16:23:08,242 Load disk config: storage_dir=/opt/seafile/seafile-data/storage/blocks
2026-08-25 16:23:08,242 Load disk config: storage_dir=/opt/seafile/seafile-data/storage/fs
2026-08-25 16:23:08,242 Load disk config: storage_dir=/opt/seafile/seafile-data/storage/commits
[2026-08-25 16:23:10.717375] Start sending file updates emails...
[2026-08-25 16:23:10.726087] Finish sending file updates emails.

2026-08-25 16:28:11,876 Load disk config: storage_dir=/opt/seafile/seafile-data/storage/blocks
2026-08-25 16:28:11,876 Load disk config: storage_dir=/opt/seafile/seafile-data/storage/fs
2026-08-25 16:28:11,877 Load disk config: storage_dir=/opt/seafile/seafile-data/storage/commits
[2026-08-25 16:28:14.332159] Start sending file updates emails...
[2026-08-25 16:28:14.341386] Finish sending file updates emails.

2026-08-25 16:33:15,616 Load disk config: storage_dir=/opt/seafile/seafile-data/storage/blocks
2026-08-25 16:33:15,616 Load disk config: storage_dir=/opt/seafile/seafile-data/storage/fs
2026-08-25 16:33:15,617 Load disk config: storage_dir=/opt/seafile/seafile-data/storage/commits
[2026-08-25 16:33:18.073074] Start sending file updates emails...
[2026-08-25 16:33:18.081109] Finish sending file updates emails.

2026-08-25 16:38:19,230 Load disk config: storage_dir=/opt/seafile/seafile-data/storage/blocks
2026-08-25 16:38:19,230 Load disk config: storage_dir=/opt/seafile/seafile-data/storage/fs
2026-08-25 16:38:19,231 Load disk config: storage_dir=/opt/seafile/seafile-data/storage/commits
[2026-08-25 16:38:21.674165] Start sending file updates emails...
[2026-08-25 16:38:21.681791] Finish sending file updates emails.

2026-08-25 16:43:22,950 Load disk config: storage_dir=/opt/seafile/seafile-data/storage/blocks
2026-08-25 16:43:22,950 Load disk config: storage_dir=/opt/seafile/seafile-data/storage/fs
2026-08-25 16:43:22,950 Load disk config: storage_dir=/opt/seafile/seafile-data/storage/commits
[2026-08-25 16:43:25.401977] Start sending file updates emails...
[2026-08-25 16:43:25.410289] Finish sending file updates emails.

2026-08-25 16:47:01,915 starts to send email
2026-08-25 16:47:01,949 Start counting user activity info..
2026-08-25 16:47:01,950 [UserActivityCounter] update 0 items.
2026-08-25 16:47:01,989 Start counting traffic info..
2026-08-25 16:47:01,991 Traffic counter finished, total time: 0.0027534961700439453 seconds.
2026-08-25 16:47:02,031 Start counting file operations..
2026-08-25 16:47:02,044 [FileOpsCounter] Finish counting file operations in 0.013130426406860352 seconds, 0 added, 0 deleted, 0 visited, 0 modified
2026-08-25 16:47:02,051 Start counting monthly traffic info..
2026-08-25 16:47:02,144 Start counting total storage..
2026-08-25 16:47:02,188 Monthly traffic counter finished, update 2 user items, 1 org items, total time: 0.13715481758117676 seconds.
2026-08-25 16:47:02,227 [TotalStorageCounter] Finish counting total storage in 0.0821983814239502 seconds.
2026-08-25 16:47:02,682 Load disk config: storage_dir=/opt/seafile/seafile-data/storage/blocks
2026-08-25 16:47:02,682 Load disk config: storage_dir=/opt/seafile/seafile-data/storage/fs
2026-08-25 16:47:02,682 Load disk config: storage_dir=/opt/seafile/seafile-data/storage/commits
2026-08-25 16:48:26,676 Load disk config: storage_dir=/opt/seafile/seafile-data/storage/blocks
2026-08-25 16:48:26,677 Load disk config: storage_dir=/opt/seafile/seafile-data/storage/fs
2026-08-25 16:48:26,677 Load disk config: storage_dir=/opt/seafile/seafile-data/storage/commits
[2026-08-25 16:48:29.228468] Start sending file updates emails...
[2026-08-25 16:48:29.236859] Finish sending file updates emails.

2026-08-25 16:53:30,553 Load disk config: storage_dir=/opt/seafile/seafile-data/storage/blocks
2026-08-25 16:53:30,553 Load disk config: storage_dir=/opt/seafile/seafile-data/storage/fs
2026-08-25 16:53:30,553 Load disk config: storage_dir=/opt/seafile/seafile-data/storage/commits
[2026-08-25 16:53:33.022360] Start sending file updates emails...
[2026-08-25 16:53:33.030042] Finish sending file updates emails.

2026-08-25 16:58:34,291 Load disk config: storage_dir=/opt/seafile/seafile-data/storage/blocks
2026-08-25 16:58:34,291 Load disk config: storage_dir=/opt/seafile/seafile-data/storage/fs
2026-08-25 16:58:34,292 Load disk config: storage_dir=/opt/seafile/seafile-data/storage/commits
[2026-08-25 16:58:36.761160] Start sending file updates emails...
[2026-08-25 16:58:36.769525] Finish sending file updates emails.

2026-08-25 17:03:37,912 Load disk config: storage_dir=/opt/seafile/seafile-data/storage/blocks
2026-08-25 17:03:37,912 Load disk config: storage_dir=/opt/seafile/seafile-data/storage/fs
2026-08-25 17:03:37,913 Load disk config: storage_dir=/opt/seafile/seafile-data/storage/commits
[2026-08-25 17:03:40.456825] Start sending file updates emails...
[2026-08-25 17:03:40.465973] Finish sending file updates emails.

2026-08-25 17:08:41,615 Load disk config: storage_dir=/opt/seafile/seafile-data/storage/blocks
2026-08-25 17:08:41,615 Load disk config: storage_dir=/opt/seafile/seafile-data/storage/fs
2026-08-25 17:08:41,615 Load disk config: storage_dir=/opt/seafile/seafile-data/storage/commits
[2026-08-25 17:08:44.100344] Start sending file updates emails...
[2026-08-25 17:08:44.109748] Finish sending file updates emails.

2026-08-25 17:13:45,389 Load disk config: storage_dir=/opt/seafile/seafile-data/storage/blocks
2026-08-25 17:13:45,390 Load disk config: storage_dir=/opt/seafile/seafile-data/storage/fs
2026-08-25 17:13:45,390 Load disk config: storage_dir=/opt/seafile/seafile-data/storage/commits
[2026-08-25 17:13:47.891551] Start sending file updates emails...
[2026-08-25 17:13:47.899983] Finish sending file updates emails.

2026-08-25 17:17:01,917 starts to send email
2026-08-25 17:17:02,621 Load disk config: storage_dir=/opt/seafile/seafile-data/storage/blocks
2026-08-25 17:17:02,622 Load disk config: storage_dir=/opt/seafile/seafile-data/storage/fs
2026-08-25 17:17:02,622 Load disk config: storage_dir=/opt/seafile/seafile-data/storage/commits
2026-08-25 17:18:49,065 Load disk config: storage_dir=/opt/seafile/seafile-data/storage/blocks
2026-08-25 17:18:49,065 Load disk config: storage_dir=/opt/seafile/seafile-data/storage/fs
2026-08-25 17:18:49,065 Load disk config: storage_dir=/opt/seafile/seafile-data/storage/commits
[2026-08-25 17:18:51.509166] Start sending file updates emails...
[2026-08-25 17:18:51.517010] Finish sending file updates emails.

2026-08-25 17:23:52,804 Load disk config: storage_dir=/opt/seafile/seafile-data/storage/blocks
2026-08-25 17:23:52,804 Load disk config: storage_dir=/opt/seafile/seafile-data/storage/fs
2026-08-25 17:23:52,804 Load disk config: storage_dir=/opt/seafile/seafile-data/storage/commits
[2026-08-25 17:23:55.260154] Start sending file updates emails...
[2026-08-25 17:23:55.268875] Finish sending file updates emails.

2026-08-25 17:28:56,533 Load disk config: storage_dir=/opt/seafile/seafile-data/storage/blocks
2026-08-25 17:28:56,533 Load disk config: storage_dir=/opt/seafile/seafile-data/storage/fs
2026-08-25 17:28:56,533 Load disk config: storage_dir=/opt/seafile/seafile-data/storage/commits
[2026-08-25 17:28:58.985431] Start sending file updates emails...
[2026-08-25 17:28:58.993384] Finish sending file updates emails.

2026-08-25 17:34:00,288 Load disk config: storage_dir=/opt/seafile/seafile-data/storage/blocks
2026-08-25 17:34:00,288 Load disk config: storage_dir=/opt/seafile/seafile-data/storage/fs
2026-08-25 17:34:00,289 Load disk config: storage_dir=/opt/seafile/seafile-data/storage/commits
[2026-08-25 17:34:02.792280] Start sending file updates emails...
[2026-08-25 17:34:02.800468] Finish sending file updates emails.

2026-08-25 17:39:03,953 Load disk config: storage_dir=/opt/seafile/seafile-data/storage/blocks
2026-08-25 17:39:03,954 Load disk config: storage_dir=/opt/seafile/seafile-data/storage/fs
2026-08-25 17:39:03,954 Load disk config: storage_dir=/opt/seafile/seafile-data/storage/commits
[2026-08-25 17:39:06.418647] Start sending file updates emails...
[2026-08-25 17:39:06.427730] Finish sending file updates emails.

2026-08-25 17:44:07,587 Load disk config: storage_dir=/opt/seafile/seafile-data/storage/blocks
2026-08-25 17:44:07,588 Load disk config: storage_dir=/opt/seafile/seafile-data/storage/fs
2026-08-25 17:44:07,588 Load disk config: storage_dir=/opt/seafile/seafile-data/storage/commits
[2026-08-25 17:44:10.101294] Start sending file updates emails...
[2026-08-25 17:44:10.109790] Finish sending file updates emails.

2026-08-25 17:47:01,919 starts to send email
2026-08-25 17:47:01,951 Start counting user activity info..
2026-08-25 17:47:01,952 [UserActivityCounter] update 0 items.
2026-08-25 17:47:01,993 Start counting traffic info..
2026-08-25 17:47:01,993 Traffic counter finished, total time: 0.0007884502410888672 seconds.
2026-08-25 17:47:02,046 Start counting file operations..
2026-08-25 17:47:02,060 [FileOpsCounter] Finish counting file operations in 0.014141082763671875 seconds, 0 added, 0 deleted, 0 visited, 0 modified
2026-08-25 17:47:02,190 Start counting monthly traffic info..
2026-08-25 17:47:02,219 Monthly traffic counter finished, update 2 user items, 1 org items, total time: 0.029041528701782227 seconds.
2026-08-25 17:47:02,229 Start counting total storage..
2026-08-25 17:47:02,268 [TotalStorageCounter] Finish counting total storage in 0.03910112380981445 seconds.
2026-08-25 17:47:02,652 Load disk config: storage_dir=/opt/seafile/seafile-data/storage/blocks
2026-08-25 17:47:02,652 Load disk config: storage_dir=/opt/seafile/seafile-data/storage/fs
2026-08-25 17:47:02,652 Load disk config: storage_dir=/opt/seafile/seafile-data/storage/commits
2026-08-25 17:49:11,262 Load disk config: storage_dir=/opt/seafile/seafile-data/storage/blocks
2026-08-25 17:49:11,262 Load disk config: storage_dir=/opt/seafile/seafile-data/storage/fs
2026-08-25 17:49:11,262 Load disk config: storage_dir=/opt/seafile/seafile-data/storage/commits
[2026-08-25 17:49:13.775912] Start sending file updates emails...
[2026-08-25 17:49:13.785271] Finish sending file updates emails.

2026-08-25 17:54:14,968 Load disk config: storage_dir=/opt/seafile/seafile-data/storage/blocks
2026-08-25 17:54:14,968 Load disk config: storage_dir=/opt/seafile/seafile-data/storage/fs
2026-08-25 17:54:14,968 Load disk config: storage_dir=/opt/seafile/seafile-data/storage/commits
[2026-08-25 17:54:17.425792] Start sending file updates emails...
[2026-08-25 17:54:17.434734] Finish sending file updates emails.

2026-08-25 17:59:18,583 Load disk config: storage_dir=/opt/seafile/seafile-data/storage/blocks
2026-08-25 17:59:18,583 Load disk config: storage_dir=/opt/seafile/seafile-data/storage/fs
2026-08-25 17:59:18,583 Load disk config: storage_dir=/opt/seafile/seafile-data/storage/commits
[2026-08-25 17:59:21.021090] Start sending file updates emails...
[2026-08-25 17:59:21.029086] Finish sending file updates emails.

2026-08-25 18:04:22,303 Load disk config: storage_dir=/opt/seafile/seafile-data/storage/blocks
2026-08-25 18:04:22,303 Load disk config: storage_dir=/opt/seafile/seafile-data/storage/fs
2026-08-25 18:04:22,303 Load disk config: storage_dir=/opt/seafile/seafile-data/storage/commits
[2026-08-25 18:04:24.766468] Start sending file updates emails...
[2026-08-25 18:04:24.774236] Finish sending file updates emails.

2026-08-25 18:09:25,927 Load disk config: storage_dir=/opt/seafile/seafile-data/storage/blocks
2026-08-25 18:09:25,927 Load disk config: storage_dir=/opt/seafile/seafile-data/storage/fs
2026-08-25 18:09:25,927 Load disk config: storage_dir=/opt/seafile/seafile-data/storage/commits
[2026-08-25 18:09:28.391539] Start sending file updates emails...
[2026-08-25 18:09:28.400243] Finish sending file updates emails.

2026-08-25 18:14:29,688 Load disk config: storage_dir=/opt/seafile/seafile-data/storage/blocks
2026-08-25 18:14:29,688 Load disk config: storage_dir=/opt/seafile/seafile-data/storage/fs
2026-08-25 18:14:29,688 Load disk config: storage_dir=/opt/seafile/seafile-data/storage/commits
[2026-08-25 18:14:32.207745] Start sending file updates emails...
[2026-08-25 18:14:32.216838] Finish sending file updates emails.

2026-08-25 18:17:01,920 starts to send email
2026-08-25 18:17:02,627 Load disk config: storage_dir=/opt/seafile/seafile-data/storage/blocks
2026-08-25 18:17:02,627 Load disk config: storage_dir=/opt/seafile/seafile-data/storage/fs
2026-08-25 18:17:02,627 Load disk config: storage_dir=/opt/seafile/seafile-data/storage/commits
2026-08-25 18:19:33,536 Load disk config: storage_dir=/opt/seafile/seafile-data/storage/blocks
2026-08-25 18:19:33,537 Load disk config: storage_dir=/opt/seafile/seafile-data/storage/fs
2026-08-25 18:19:33,537 Load disk config: storage_dir=/opt/seafile/seafile-data/storage/commits
[2026-08-25 18:19:36.030839] Start sending file updates emails...
[2026-08-25 18:19:36.039699] Finish sending file updates emails.

2026-08-25 18:24:37,307 Load disk config: storage_dir=/opt/seafile/seafile-data/storage/blocks
2026-08-25 18:24:37,307 Load disk config: storage_dir=/opt/seafile/seafile-data/storage/fs
2026-08-25 18:24:37,307 Load disk config: storage_dir=/opt/seafile/seafile-data/storage/commits
[2026-08-25 18:24:39.770679] Start sending file updates emails...
[2026-08-25 18:24:39.778476] Finish sending file updates emails.

2026-08-25 18:29:40,919 Load disk config: storage_dir=/opt/seafile/seafile-data/storage/blocks
2026-08-25 18:29:40,920 Load disk config: storage_dir=/opt/seafile/seafile-data/storage/fs
2026-08-25 18:29:40,920 Load disk config: storage_dir=/opt/seafile/seafile-data/storage/commits
[2026-08-25 18:29:43.360068] Start sending file updates emails...
[2026-08-25 18:29:43.368745] Finish sending file updates emails.

2026-08-25 18:34:44,528 Load disk config: storage_dir=/opt/seafile/seafile-data/storage/blocks
2026-08-25 18:34:44,528 Load disk config: storage_dir=/opt/seafile/seafile-data/storage/fs
2026-08-25 18:34:44,529 Load disk config: storage_dir=/opt/seafile/seafile-data/storage/commits
[2026-08-25 18:34:46.988488] Start sending file updates emails...
[2026-08-25 18:34:46.996968] Finish sending file updates emails.

2026-08-25 18:39:48,295 Load disk config: storage_dir=/opt/seafile/seafile-data/storage/blocks
2026-08-25 18:39:48,295 Load disk config: storage_dir=/opt/seafile/seafile-data/storage/fs
2026-08-25 18:39:48,295 Load disk config: storage_dir=/opt/seafile/seafile-data/storage/commits
[2026-08-25 18:39:50.757882] Start sending file updates emails...
[2026-08-25 18:39:50.766843] Finish sending file updates emails.

2026-08-25 18:44:52,010 Load disk config: storage_dir=/opt/seafile/seafile-data/storage/blocks
2026-08-25 18:44:52,010 Load disk config: storage_dir=/opt/seafile/seafile-data/storage/fs
2026-08-25 18:44:52,010 Load disk config: storage_dir=/opt/seafile/seafile-data/storage/commits
[2026-08-25 18:44:54.472166] Start sending file updates emails...
[2026-08-25 18:44:54.480678] Finish sending file updates emails.

2026-08-25 18:47:01,922 starts to send email
2026-08-25 18:47:01,953 Start counting user activity info..
2026-08-25 18:47:01,954 [UserActivityCounter] update 0 items.
2026-08-25 18:47:01,995 Start counting traffic info..
2026-08-25 18:47:01,996 Traffic counter finished, total time: 0.0011911392211914062 seconds.
2026-08-25 18:47:02,062 Start counting file operations..
2026-08-25 18:47:02,076 [FileOpsCounter] Finish counting file operations in 0.014005899429321289 seconds, 0 added, 0 deleted, 0 visited, 0 modified
2026-08-25 18:47:02,220 Start counting monthly traffic info..
2026-08-25 18:47:02,248 Monthly traffic counter finished, update 2 user items, 1 org items, total time: 0.028410911560058594 seconds.
2026-08-25 18:47:02,270 Start counting total storage..
2026-08-25 18:47:02,302 [TotalStorageCounter] Finish counting total storage in 0.03147315979003906 seconds.
2026-08-25 18:47:02,660 Load disk config: storage_dir=/opt/seafile/seafile-data/storage/blocks
2026-08-25 18:47:02,660 Load disk config: storage_dir=/opt/seafile/seafile-data/storage/fs
2026-08-25 18:47:02,660 Load disk config: storage_dir=/opt/seafile/seafile-data/storage/commits
2026-08-25 18:49:55,633 Load disk config: storage_dir=/opt/seafile/seafile-data/storage/blocks
2026-08-25 18:49:55,634 Load disk config: storage_dir=/opt/seafile/seafile-data/storage/fs
2026-08-25 18:49:55,634 Load disk config: storage_dir=/opt/seafile/seafile-data/storage/commits
[2026-08-25 18:49:58.126023] Start sending file updates emails...
[2026-08-25 18:49:58.134054] Finish sending file updates emails.

2026-08-25 18:54:59,301 Load disk config: storage_dir=/opt/seafile/seafile-data/storage/blocks
2026-08-25 18:54:59,301 Load disk config: storage_dir=/opt/seafile/seafile-data/storage/fs
2026-08-25 18:54:59,301 Load disk config: storage_dir=/opt/seafile/seafile-data/storage/commits
[2026-08-25 18:55:01.782328] Start sending file updates emails...
[2026-08-25 18:55:01.791027] Finish sending file updates emails.

2026-08-25 19:00:03,045 Load disk config: storage_dir=/opt/seafile/seafile-data/storage/blocks
2026-08-25 19:00:03,045 Load disk config: storage_dir=/opt/seafile/seafile-data/storage/fs
2026-08-25 19:00:03,045 Load disk config: storage_dir=/opt/seafile/seafile-data/storage/commits
[2026-08-25 19:00:05.613005] Start sending file updates emails...
[2026-08-25 19:00:05.622197] Finish sending file updates emails.

2026-08-25 19:05:06,793 Load disk config: storage_dir=/opt/seafile/seafile-data/storage/blocks
2026-08-25 19:05:06,793 Load disk config: storage_dir=/opt/seafile/seafile-data/storage/fs
2026-08-25 19:05:06,793 Load disk config: storage_dir=/opt/seafile/seafile-data/storage/commits
[2026-08-25 19:05:09.262854] Start sending file updates emails...
[2026-08-25 19:05:09.271363] Finish sending file updates emails.

2026-08-25 19:10:10,575 Load disk config: storage_dir=/opt/seafile/seafile-data/storage/blocks
2026-08-25 19:10:10,575 Load disk config: storage_dir=/opt/seafile/seafile-data/storage/fs
2026-08-25 19:10:10,575 Load disk config: storage_dir=/opt/seafile/seafile-data/storage/commits
[2026-08-25 19:10:13.095711] Start sending file updates emails...
[2026-08-25 19:10:13.104097] Finish sending file updates emails.

2026-08-25 19:15:14,315 Load disk config: storage_dir=/opt/seafile/seafile-data/storage/blocks
2026-08-25 19:15:14,315 Load disk config: storage_dir=/opt/seafile/seafile-data/storage/fs
2026-08-25 19:15:14,315 Load disk config: storage_dir=/opt/seafile/seafile-data/storage/commits
[2026-08-25 19:15:16.803080] Start sending file updates emails...
[2026-08-25 19:15:16.812122] Finish sending file updates emails.

2026-08-25 19:17:01,924 starts to send email
2026-08-25 19:17:02,623 Load disk config: storage_dir=/opt/seafile/seafile-data/storage/blocks
2026-08-25 19:17:02,623 Load disk config: storage_dir=/opt/seafile/seafile-data/storage/fs
2026-08-25 19:17:02,623 Load disk config: storage_dir=/opt/seafile/seafile-data/storage/commits
2026-08-25 19:20:18,004 Load disk config: storage_dir=/opt/seafile/seafile-data/storage/blocks
2026-08-25 19:20:18,004 Load disk config: storage_dir=/opt/seafile/seafile-data/storage/fs
2026-08-25 19:20:18,004 Load disk config: storage_dir=/opt/seafile/seafile-data/storage/commits
[2026-08-25 19:20:20.528260] Start sending file updates emails...
[2026-08-25 19:20:20.537150] Finish sending file updates emails.

2026-08-25 19:25:21,695 Load disk config: storage_dir=/opt/seafile/seafile-data/storage/blocks
2026-08-25 19:25:21,695 Load disk config: storage_dir=/opt/seafile/seafile-data/storage/fs
2026-08-25 19:25:21,695 Load disk config: storage_dir=/opt/seafile/seafile-data/storage/commits
[2026-08-25 19:25:24.221005] Start sending file updates emails...
[2026-08-25 19:25:24.229976] Finish sending file updates emails.

2026-08-25 19:30:25,488 Load disk config: storage_dir=/opt/seafile/seafile-data/storage/blocks
2026-08-25 19:30:25,488 Load disk config: storage_dir=/opt/seafile/seafile-data/storage/fs
2026-08-25 19:30:25,488 Load disk config: storage_dir=/opt/seafile/seafile-data/storage/commits
[2026-08-25 19:30:28.099684] Start sending file updates emails...
[2026-08-25 19:30:28.108137] Finish sending file updates emails.

2026-08-25 19:35:29,398 Load disk config: storage_dir=/opt/seafile/seafile-data/storage/blocks
2026-08-25 19:35:29,398 Load disk config: storage_dir=/opt/seafile/seafile-data/storage/fs
2026-08-25 19:35:29,398 Load disk config: storage_dir=/opt/seafile/seafile-data/storage/commits
[2026-08-25 19:35:31.902655] Start sending file updates emails...
[2026-08-25 19:35:31.911701] Finish sending file updates emails.

2026-08-25 19:40:33,195 Load disk config: storage_dir=/opt/seafile/seafile-data/storage/blocks
2026-08-25 19:40:33,195 Load disk config: storage_dir=/opt/seafile/seafile-data/storage/fs
2026-08-25 19:40:33,195 Load disk config: storage_dir=/opt/seafile/seafile-data/storage/commits
[2026-08-25 19:40:35.778341] Start sending file updates emails...
[2026-08-25 19:40:35.787138] Finish sending file updates emails.

2026-08-25 19:45:37,004 Load disk config: storage_dir=/opt/seafile/seafile-data/storage/blocks
2026-08-25 19:45:37,004 Load disk config: storage_dir=/opt/seafile/seafile-data/storage/fs
2026-08-25 19:45:37,004 Load disk config: storage_dir=/opt/seafile/seafile-data/storage/commits
[2026-08-25 19:45:39.495126] Start sending file updates emails...
[2026-08-25 19:45:39.503787] Finish sending file updates emails.

2026-08-25 19:47:01,925 starts to send email
2026-08-25 19:47:01,955 Start counting user activity info..
2026-08-25 19:47:01,956 [UserActivityCounter] update 0 items.
2026-08-25 19:47:01,997 Start counting traffic info..
2026-08-25 19:47:01,998 Traffic counter finished, total time: 0.0013756752014160156 seconds.
2026-08-25 19:47:02,078 Start counting file operations..
2026-08-25 19:47:02,094 [FileOpsCounter] Finish counting file operations in 0.01567220687866211 seconds, 0 added, 0 deleted, 0 visited, 0 modified
2026-08-25 19:47:02,250 Start counting monthly traffic info..
2026-08-25 19:47:02,278 Monthly traffic counter finished, update 2 user items, 1 org items, total time: 0.028562307357788086 seconds.
2026-08-25 19:47:02,304 Start counting total storage..
2026-08-25 19:47:02,348 [TotalStorageCounter] Finish counting total storage in 0.0433659553527832 seconds.
2026-08-25 19:47:02,667 Load disk config: storage_dir=/opt/seafile/seafile-data/storage/blocks
2026-08-25 19:47:02,667 Load disk config: storage_dir=/opt/seafile/seafile-data/storage/fs
2026-08-25 19:47:02,667 Load disk config: storage_dir=/opt/seafile/seafile-data/storage/commits
2026-08-25 19:50:40,671 Load disk config: storage_dir=/opt/seafile/seafile-data/storage/blocks
2026-08-25 19:50:40,672 Load disk config: storage_dir=/opt/seafile/seafile-data/storage/fs
2026-08-25 19:50:40,672 Load disk config: storage_dir=/opt/seafile/seafile-data/storage/commits
[2026-08-25 19:50:43.120856] Start sending file updates emails...
[2026-08-25 19:50:43.129720] Finish sending file updates emails.

2026-08-25 19:55:44,417 Load disk config: storage_dir=/opt/seafile/seafile-data/storage/blocks
2026-08-25 19:55:44,417 Load disk config: storage_dir=/opt/seafile/seafile-data/storage/fs
2026-08-25 19:55:44,417 Load disk config: storage_dir=/opt/seafile/seafile-data/storage/commits
[2026-08-25 19:55:46.897438] Start sending file updates emails...
[2026-08-25 19:55:46.906914] Finish sending file updates emails.

2026-08-25 20:00:48,075 Load disk config: storage_dir=/opt/seafile/seafile-data/storage/blocks
2026-08-25 20:00:48,075 Load disk config: storage_dir=/opt/seafile/seafile-data/storage/fs
2026-08-25 20:00:48,075 Load disk config: storage_dir=/opt/seafile/seafile-data/storage/commits
[2026-08-25 20:00:50.582858] Start sending file updates emails...
[2026-08-25 20:00:50.590783] Finish sending file updates emails.

2026-08-25 20:05:51,797 Load disk config: storage_dir=/opt/seafile/seafile-data/storage/blocks
2026-08-25 20:05:51,797 Load disk config: storage_dir=/opt/seafile/seafile-data/storage/fs
2026-08-25 20:05:51,797 Load disk config: storage_dir=/opt/seafile/seafile-data/storage/commits
[2026-08-25 20:05:54.315413] Start sending file updates emails...
[2026-08-25 20:05:54.323786] Finish sending file updates emails.

2026-08-25 20:10:55,598 Load disk config: storage_dir=/opt/seafile/seafile-data/storage/blocks
2026-08-25 20:10:55,598 Load disk config: storage_dir=/opt/seafile/seafile-data/storage/fs
2026-08-25 20:10:55,599 Load disk config: storage_dir=/opt/seafile/seafile-data/storage/commits
[2026-08-25 20:10:58.113060] Start sending file updates emails...
[2026-08-25 20:10:58.122135] Finish sending file updates emails.

2026-08-25 20:15:59,389 Load disk config: storage_dir=/opt/seafile/seafile-data/storage/blocks
2026-08-25 20:15:59,390 Load disk config: storage_dir=/opt/seafile/seafile-data/storage/fs
2026-08-25 20:15:59,390 Load disk config: storage_dir=/opt/seafile/seafile-data/storage/commits
[2026-08-25 20:16:01.920804] Start sending file updates emails...
[2026-08-25 20:16:01.929449] Finish sending file updates emails.

2026-08-25 20:17:01,927 starts to send email
2026-08-25 20:17:02,628 Load disk config: storage_dir=/opt/seafile/seafile-data/storage/blocks
2026-08-25 20:17:02,628 Load disk config: storage_dir=/opt/seafile/seafile-data/storage/fs
2026-08-25 20:17:02,628 Load disk config: storage_dir=/opt/seafile/seafile-data/storage/commits
2026-08-25 20:21:03,205 Load disk config: storage_dir=/opt/seafile/seafile-data/storage/blocks
2026-08-25 20:21:03,205 Load disk config: storage_dir=/opt/seafile/seafile-data/storage/fs
2026-08-25 20:21:03,206 Load disk config: storage_dir=/opt/seafile/seafile-data/storage/commits
[2026-08-25 20:21:05.711534] Start sending file updates emails...
[2026-08-25 20:21:05.719960] Finish sending file updates emails.

2026-08-25 20:26:07,007 Load disk config: storage_dir=/opt/seafile/seafile-data/storage/blocks
2026-08-25 20:26:07,007 Load disk config: storage_dir=/opt/seafile/seafile-data/storage/fs
2026-08-25 20:26:07,007 Load disk config: storage_dir=/opt/seafile/seafile-data/storage/commits
[2026-08-25 20:26:09.598812] Start sending file updates emails...
[2026-08-25 20:26:09.606600] Finish sending file updates emails.

2026-08-25 20:31:10,772 Load disk config: storage_dir=/opt/seafile/seafile-data/storage/blocks
2026-08-25 20:31:10,773 Load disk config: storage_dir=/opt/seafile/seafile-data/storage/fs
2026-08-25 20:31:10,773 Load disk config: storage_dir=/opt/seafile/seafile-data/storage/commits
[2026-08-25 20:31:13.242461] Start sending file updates emails...
[2026-08-25 20:31:13.251354] Finish sending file updates emails.

2026-08-25 20:36:14,410 Load disk config: storage_dir=/opt/seafile/seafile-data/storage/blocks
2026-08-25 20:36:14,410 Load disk config: storage_dir=/opt/seafile/seafile-data/storage/fs
2026-08-25 20:36:14,410 Load disk config: storage_dir=/opt/seafile/seafile-data/storage/commits
[2026-08-25 20:36:16.894669] Start sending file updates emails...
[2026-08-25 20:36:16.903833] Finish sending file updates emails.

2026-08-25 20:41:18,215 Load disk config: storage_dir=/opt/seafile/seafile-data/storage/blocks
2026-08-25 20:41:18,216 Load disk config: storage_dir=/opt/seafile/seafile-data/storage/fs
2026-08-25 20:41:18,216 Load disk config: storage_dir=/opt/seafile/seafile-data/storage/commits
[2026-08-25 20:41:20.665596] Start sending file updates emails...
[2026-08-25 20:41:20.674627] Finish sending file updates emails.

2026-08-25 20:46:21,958 Load disk config: storage_dir=/opt/seafile/seafile-data/storage/blocks
2026-08-25 20:46:21,958 Load disk config: storage_dir=/opt/seafile/seafile-data/storage/fs
2026-08-25 20:46:21,959 Load disk config: storage_dir=/opt/seafile/seafile-data/storage/commits
[2026-08-25 20:46:24.446567] Start sending file updates emails...
[2026-08-25 20:46:24.455690] Finish sending file updates emails.

2026-08-25 20:47:01,929 starts to send email
2026-08-25 20:47:01,957 Start counting user activity info..
2026-08-25 20:47:01,981 [UserActivityCounter] update 0 items.
2026-08-25 20:47:02,000 Start counting traffic info..
2026-08-25 20:47:02,000 Traffic counter finished, total time: 0.0008428096771240234 seconds.
2026-08-25 20:47:02,096 Start counting file operations..
2026-08-25 20:47:02,113 [FileOpsCounter] Finish counting file operations in 0.017043352127075195 seconds, 0 added, 0 deleted, 0 visited, 0 modified
2026-08-25 20:47:02,279 Start counting monthly traffic info..
2026-08-25 20:47:02,308 Monthly traffic counter finished, update 2 user items, 1 org items, total time: 0.028477907180786133 seconds.
2026-08-25 20:47:02,350 Start counting total storage..
2026-08-25 20:47:02,378 [TotalStorageCounter] Finish counting total storage in 0.028029918670654297 seconds.
2026-08-25 20:47:02,708 Load disk config: storage_dir=/opt/seafile/seafile-data/storage/blocks
2026-08-25 20:47:02,708 Load disk config: storage_dir=/opt/seafile/seafile-data/storage/fs
2026-08-25 20:47:02,708 Load disk config: storage_dir=/opt/seafile/seafile-data/storage/commits
2026-08-25 20:51:25,773 Load disk config: storage_dir=/opt/seafile/seafile-data/storage/blocks
2026-08-25 20:51:25,773 Load disk config: storage_dir=/opt/seafile/seafile-data/storage/fs
2026-08-25 20:51:25,773 Load disk config: storage_dir=/opt/seafile/seafile-data/storage/commits
[2026-08-25 20:51:28.274211] Start sending file updates emails...
[2026-08-25 20:51:28.283117] Finish sending file updates emails.

2026-08-25 20:56:29,456 Load disk config: storage_dir=/opt/seafile/seafile-data/storage/blocks
2026-08-25 20:56:29,456 Load disk config: storage_dir=/opt/seafile/seafile-data/storage/fs
2026-08-25 20:56:29,456 Load disk config: storage_dir=/opt/seafile/seafile-data/storage/commits
[2026-08-25 20:56:31.981271] Start sending file updates emails...
[2026-08-25 20:56:31.989553] Finish sending file updates emails.

2026-08-25 21:01:33,155 Load disk config: storage_dir=/opt/seafile/seafile-data/storage/blocks
2026-08-25 21:01:33,155 Load disk config: storage_dir=/opt/seafile/seafile-data/storage/fs
2026-08-25 21:01:33,155 Load disk config: storage_dir=/opt/seafile/seafile-data/storage/commits
[2026-08-25 21:01:35.642296] Start sending file updates emails...
[2026-08-25 21:01:35.651370] Finish sending file updates emails.

2026-08-25 21:06:36,946 Load disk config: storage_dir=/opt/seafile/seafile-data/storage/blocks
2026-08-25 21:06:36,946 Load disk config: storage_dir=/opt/seafile/seafile-data/storage/fs
2026-08-25 21:06:36,946 Load disk config: storage_dir=/opt/seafile/seafile-data/storage/commits
[2026-08-25 21:06:39.479680] Start sending file updates emails...
[2026-08-25 21:06:39.488537] Finish sending file updates emails.

2026-08-25 21:11:40,829 Load disk config: storage_dir=/opt/seafile/seafile-data/storage/blocks
2026-08-25 21:11:40,829 Load disk config: storage_dir=/opt/seafile/seafile-data/storage/fs
2026-08-25 21:11:40,829 Load disk config: storage_dir=/opt/seafile/seafile-data/storage/commits
[2026-08-25 21:11:43.313611] Start sending file updates emails...
[2026-08-25 21:11:43.322184] Finish sending file updates emails.

2026-08-25 21:16:44,605 Load disk config: storage_dir=/opt/seafile/seafile-data/storage/blocks
2026-08-25 21:16:44,605 Load disk config: storage_dir=/opt/seafile/seafile-data/storage/fs
2026-08-25 21:16:44,605 Load disk config: storage_dir=/opt/seafile/seafile-data/storage/commits
[2026-08-25 21:16:47.121759] Start sending file updates emails...
[2026-08-25 21:16:47.130600] Finish sending file updates emails.

2026-08-25 21:17:01,931 starts to send email
2026-08-25 21:17:02,645 Load disk config: storage_dir=/opt/seafile/seafile-data/storage/blocks
2026-08-25 21:17:02,645 Load disk config: storage_dir=/opt/seafile/seafile-data/storage/fs
2026-08-25 21:17:02,645 Load disk config: storage_dir=/opt/seafile/seafile-data/storage/commits
2026-08-25 21:21:48,408 Load disk config: storage_dir=/opt/seafile/seafile-data/storage/blocks
2026-08-25 21:21:48,409 Load disk config: storage_dir=/opt/seafile/seafile-data/storage/fs
2026-08-25 21:21:48,409 Load disk config: storage_dir=/opt/seafile/seafile-data/storage/commits
[2026-08-25 21:21:50.918961] Start sending file updates emails...
[2026-08-25 21:21:50.926588] Finish sending file updates emails.

2026-08-25 21:26:52,208 Load disk config: storage_dir=/opt/seafile/seafile-data/storage/blocks
2026-08-25 21:26:52,208 Load disk config: storage_dir=/opt/seafile/seafile-data/storage/fs
2026-08-25 21:26:52,208 Load disk config: storage_dir=/opt/seafile/seafile-data/storage/commits
[2026-08-25 21:26:54.704460] Start sending file updates emails...
[2026-08-25 21:26:54.712198] Finish sending file updates emails.

2026-08-25 21:31:55,992 Load disk config: storage_dir=/opt/seafile/seafile-data/storage/blocks
2026-08-25 21:31:55,992 Load disk config: storage_dir=/opt/seafile/seafile-data/storage/fs
2026-08-25 21:31:55,992 Load disk config: storage_dir=/opt/seafile/seafile-data/storage/commits
[2026-08-25 21:31:58.526664] Start sending file updates emails...
[2026-08-25 21:31:58.540033] Finish sending file updates emails.

2026-08-25 21:36:59,720 Load disk config: storage_dir=/opt/seafile/seafile-data/storage/blocks
2026-08-25 21:36:59,720 Load disk config: storage_dir=/opt/seafile/seafile-data/storage/fs
2026-08-25 21:36:59,721 Load disk config: storage_dir=/opt/seafile/seafile-data/storage/commits
[2026-08-25 21:37:02.279557] Start sending file updates emails...
[2026-08-25 21:37:02.288128] Finish sending file updates emails.

2026-08-25 21:42:03,476 Load disk config: storage_dir=/opt/seafile/seafile-data/storage/blocks
2026-08-25 21:42:03,476 Load disk config: storage_dir=/opt/seafile/seafile-data/storage/fs
2026-08-25 21:42:03,476 Load disk config: storage_dir=/opt/seafile/seafile-data/storage/commits
[2026-08-25 21:42:05.992685] Start sending file updates emails...
[2026-08-25 21:42:06.001945] Finish sending file updates emails.

2026-08-25 21:47:01,932 starts to send email
2026-08-25 21:47:01,982 Start counting user activity info..
2026-08-25 21:47:01,982 [UserActivityCounter] update 0 items.
2026-08-25 21:47:02,001 Start counting traffic info..
2026-08-25 21:47:02,002 Traffic counter finished, total time: 0.0008504390716552734 seconds.
2026-08-25 21:47:02,115 Start counting file operations..
2026-08-25 21:47:02,132 [FileOpsCounter] Finish counting file operations in 0.016280412673950195 seconds, 0 added, 0 deleted, 0 visited, 0 modified
2026-08-25 21:47:02,309 Start counting monthly traffic info..
2026-08-25 21:47:02,339 Monthly traffic counter finished, update 2 user items, 1 org items, total time: 0.029345035552978516 seconds.
2026-08-25 21:47:02,380 Start counting total storage..
2026-08-25 21:47:02,425 [TotalStorageCounter] Finish counting total storage in 0.04477834701538086 seconds.
2026-08-25 21:47:02,674 Load disk config: storage_dir=/opt/seafile/seafile-data/storage/blocks
2026-08-25 21:47:02,674 Load disk config: storage_dir=/opt/seafile/seafile-data/storage/fs
2026-08-25 21:47:02,674 Load disk config: storage_dir=/opt/seafile/seafile-data/storage/commits
2026-08-25 21:47:07,299 Load disk config: storage_dir=/opt/seafile/seafile-data/storage/blocks
2026-08-25 21:47:07,299 Load disk config: storage_dir=/opt/seafile/seafile-data/storage/fs
2026-08-25 21:47:07,299 Load disk config: storage_dir=/opt/seafile/seafile-data/storage/commits
[2026-08-25 21:47:09.818875] Start sending file updates emails...
[2026-08-25 21:47:09.827332] Finish sending file updates emails.

2026-08-25 21:52:11,026 Load disk config: storage_dir=/opt/seafile/seafile-data/storage/blocks
2026-08-25 21:52:11,027 Load disk config: storage_dir=/opt/seafile/seafile-data/storage/fs
2026-08-25 21:52:11,027 Load disk config: storage_dir=/opt/seafile/seafile-data/storage/commits
[2026-08-25 21:52:13.587962] Start sending file updates emails...
[2026-08-25 21:52:13.596220] Finish sending file updates emails.

2026-08-25 21:57:14,756 Load disk config: storage_dir=/opt/seafile/seafile-data/storage/blocks
2026-08-25 21:57:14,756 Load disk config: storage_dir=/opt/seafile/seafile-data/storage/fs
2026-08-25 21:57:14,756 Load disk config: storage_dir=/opt/seafile/seafile-data/storage/commits
[2026-08-25 21:57:17.219914] Start sending file updates emails...
[2026-08-25 21:57:17.228609] Finish sending file updates emails.

2026-08-25 22:02:18,385 Load disk config: storage_dir=/opt/seafile/seafile-data/storage/blocks
2026-08-25 22:02:18,385 Load disk config: storage_dir=/opt/seafile/seafile-data/storage/fs
2026-08-25 22:02:18,385 Load disk config: storage_dir=/opt/seafile/seafile-data/storage/commits
[2026-08-25 22:02:20.869245] Start sending file updates emails...
[2026-08-25 22:02:20.878712] Finish sending file updates emails.

2026-08-25 22:07:22,043 Load disk config: storage_dir=/opt/seafile/seafile-data/storage/blocks
2026-08-25 22:07:22,043 Load disk config: storage_dir=/opt/seafile/seafile-data/storage/fs
2026-08-25 22:07:22,043 Load disk config: storage_dir=/opt/seafile/seafile-data/storage/commits
[2026-08-25 22:07:24.509020] Start sending file updates emails...
[2026-08-25 22:07:24.517672] Finish sending file updates emails.

2026-08-25 22:12:25,712 Load disk config: storage_dir=/opt/seafile/seafile-data/storage/blocks
2026-08-25 22:12:25,712 Load disk config: storage_dir=/opt/seafile/seafile-data/storage/fs
2026-08-25 22:12:25,712 Load disk config: storage_dir=/opt/seafile/seafile-data/storage/commits
[2026-08-25 22:12:28.270345] Start sending file updates emails...
[2026-08-25 22:12:28.278095] Finish sending file updates emails.

2026-08-25 22:17:01,934 starts to send email
2026-08-25 22:17:02,655 Load disk config: storage_dir=/opt/seafile/seafile-data/storage/blocks
2026-08-25 22:17:02,655 Load disk config: storage_dir=/opt/seafile/seafile-data/storage/fs
2026-08-25 22:17:02,655 Load disk config: storage_dir=/opt/seafile/seafile-data/storage/commits
2026-08-25 22:17:29,497 Load disk config: storage_dir=/opt/seafile/seafile-data/storage/blocks
2026-08-25 22:17:29,498 Load disk config: storage_dir=/opt/seafile/seafile-data/storage/fs
2026-08-25 22:17:29,498 Load disk config: storage_dir=/opt/seafile/seafile-data/storage/commits
[2026-08-25 22:17:32.014536] Start sending file updates emails...
[2026-08-25 22:17:32.024280] Finish sending file updates emails.

2026-08-25 22:22:33,225 Load disk config: storage_dir=/opt/seafile/seafile-data/storage/blocks
2026-08-25 22:22:33,226 Load disk config: storage_dir=/opt/seafile/seafile-data/storage/fs
2026-08-25 22:22:33,226 Load disk config: storage_dir=/opt/seafile/seafile-data/storage/commits
[2026-08-25 22:22:35.765432] Start sending file updates emails...
[2026-08-25 22:22:35.774184] Finish sending file updates emails.

2026-08-25 22:27:37,063 Load disk config: storage_dir=/opt/seafile/seafile-data/storage/blocks
2026-08-25 22:27:37,063 Load disk config: storage_dir=/opt/seafile/seafile-data/storage/fs
2026-08-25 22:27:37,063 Load disk config: storage_dir=/opt/seafile/seafile-data/storage/commits
[2026-08-25 22:27:39.630094] Start sending file updates emails...
[2026-08-25 22:27:39.637961] Finish sending file updates emails.

2026-08-25 22:32:40,916 Load disk config: storage_dir=/opt/seafile/seafile-data/storage/blocks
2026-08-25 22:32:40,917 Load disk config: storage_dir=/opt/seafile/seafile-data/storage/fs
2026-08-25 22:32:40,917 Load disk config: storage_dir=/opt/seafile/seafile-data/storage/commits
[2026-08-25 22:32:43.507441] Start sending file updates emails...
[2026-08-25 22:32:43.515782] Finish sending file updates emails.

2026-08-25 22:37:44,688 Load disk config: storage_dir=/opt/seafile/seafile-data/storage/blocks
2026-08-25 22:37:44,688 Load disk config: storage_dir=/opt/seafile/seafile-data/storage/fs
2026-08-25 22:37:44,688 Load disk config: storage_dir=/opt/seafile/seafile-data/storage/commits
[2026-08-25 22:37:47.241373] Start sending file updates emails...
[2026-08-25 22:37:47.249306] Finish sending file updates emails.

2026-08-25 22:42:48,419 Load disk config: storage_dir=/opt/seafile/seafile-data/storage/blocks
2026-08-25 22:42:48,419 Load disk config: storage_dir=/opt/seafile/seafile-data/storage/fs
2026-08-25 22:42:48,419 Load disk config: storage_dir=/opt/seafile/seafile-data/storage/commits
[2026-08-25 22:42:50.980081] Start sending file updates emails...
[2026-08-25 22:42:50.988337] Finish sending file updates emails.

2026-08-25 22:47:01,936 starts to send email
2026-08-25 22:47:01,983 Start counting user activity info..
2026-08-25 22:47:01,984 [UserActivityCounter] update 0 items.
2026-08-25 22:47:02,003 Start counting traffic info..
2026-08-25 22:47:02,004 Traffic counter finished, total time: 0.0008294582366943359 seconds.
2026-08-25 22:47:02,134 Start counting file operations..
2026-08-25 22:47:02,147 [FileOpsCounter] Finish counting file operations in 0.013197183609008789 seconds, 0 added, 0 deleted, 0 visited, 0 modified
2026-08-25 22:47:02,340 Start counting monthly traffic info..
2026-08-25 22:47:02,370 Monthly traffic counter finished, update 2 user items, 1 org items, total time: 0.029987096786499023 seconds.
2026-08-25 22:47:02,428 Start counting total storage..
2026-08-25 22:47:02,477 [TotalStorageCounter] Finish counting total storage in 0.04895782470703125 seconds.
2026-08-25 22:47:02,727 Load disk config: storage_dir=/opt/seafile/seafile-data/storage/blocks
2026-08-25 22:47:02,728 Load disk config: storage_dir=/opt/seafile/seafile-data/storage/fs
2026-08-25 22:47:02,728 Load disk config: storage_dir=/opt/seafile/seafile-data/storage/commits
2026-08-25 22:47:52,255 Load disk config: storage_dir=/opt/seafile/seafile-data/storage/blocks
2026-08-25 22:47:52,255 Load disk config: storage_dir=/opt/seafile/seafile-data/storage/fs
2026-08-25 22:47:52,255 Load disk config: storage_dir=/opt/seafile/seafile-data/storage/commits
[2026-08-25 22:47:54.921908] Start sending file updates emails...
[2026-08-25 22:47:54.930018] Finish sending file updates emails.

2026-08-25 22:52:56,103 Load disk config: storage_dir=/opt/seafile/seafile-data/storage/blocks
2026-08-25 22:52:56,104 Load disk config: storage_dir=/opt/seafile/seafile-data/storage/fs
2026-08-25 22:52:56,104 Load disk config: storage_dir=/opt/seafile/seafile-data/storage/commits
[2026-08-25 22:52:58.617040] Start sending file updates emails...
[2026-08-25 22:52:58.625036] Finish sending file updates emails.

2026-08-25 22:57:59,782 Load disk config: storage_dir=/opt/seafile/seafile-data/storage/blocks
2026-08-25 22:57:59,783 Load disk config: storage_dir=/opt/seafile/seafile-data/storage/fs
2026-08-25 22:57:59,783 Load disk config: storage_dir=/opt/seafile/seafile-data/storage/commits
[2026-08-25 22:58:02.290619] Start sending file updates emails...
[2026-08-25 22:58:02.300151] Finish sending file updates emails.

2026-08-25 23:03:03,590 Load disk config: storage_dir=/opt/seafile/seafile-data/storage/blocks
2026-08-25 23:03:03,591 Load disk config: storage_dir=/opt/seafile/seafile-data/storage/fs
2026-08-25 23:03:03,591 Load disk config: storage_dir=/opt/seafile/seafile-data/storage/commits
[2026-08-25 23:03:06.169335] Start sending file updates emails...
[2026-08-25 23:03:06.177975] Finish sending file updates emails.

2026-08-25 23:08:07,450 Load disk config: storage_dir=/opt/seafile/seafile-data/storage/blocks
2026-08-25 23:08:07,450 Load disk config: storage_dir=/opt/seafile/seafile-data/storage/fs
2026-08-25 23:08:07,450 Load disk config: storage_dir=/opt/seafile/seafile-data/storage/commits
[2026-08-25 23:08:09.964149] Start sending file updates emails...
[2026-08-25 23:08:09.972329] Finish sending file updates emails.

2026-08-25 23:13:11,289 Load disk config: storage_dir=/opt/seafile/seafile-data/storage/blocks
2026-08-25 23:13:11,289 Load disk config: storage_dir=/opt/seafile/seafile-data/storage/fs
2026-08-25 23:13:11,289 Load disk config: storage_dir=/opt/seafile/seafile-data/storage/commits
[2026-08-25 23:13:13.836142] Start sending file updates emails...
[2026-08-25 23:13:13.845145] Finish sending file updates emails.

2026-08-25 23:17:01,938 starts to send email
2026-08-25 23:17:02,642 Load disk config: storage_dir=/opt/seafile/seafile-data/storage/blocks
2026-08-25 23:17:02,642 Load disk config: storage_dir=/opt/seafile/seafile-data/storage/fs
2026-08-25 23:17:02,642 Load disk config: storage_dir=/opt/seafile/seafile-data/storage/commits
2026-08-25 23:18:15,028 Load disk config: storage_dir=/opt/seafile/seafile-data/storage/blocks
2026-08-25 23:18:15,028 Load disk config: storage_dir=/opt/seafile/seafile-data/storage/fs
2026-08-25 23:18:15,029 Load disk config: storage_dir=/opt/seafile/seafile-data/storage/commits
[2026-08-25 23:18:17.547125] Start sending file updates emails...
[2026-08-25 23:18:17.556177] Finish sending file updates emails.

2026-08-25 23:23:18,709 Load disk config: storage_dir=/opt/seafile/seafile-data/storage/blocks
2026-08-25 23:23:18,709 Load disk config: storage_dir=/opt/seafile/seafile-data/storage/fs
2026-08-25 23:23:18,709 Load disk config: storage_dir=/opt/seafile/seafile-data/storage/commits
[2026-08-25 23:23:21.201412] Start sending file updates emails...
[2026-08-25 23:23:21.210437] Finish sending file updates emails.

2026-08-25 23:28:22,483 Load disk config: storage_dir=/opt/seafile/seafile-data/storage/blocks
2026-08-25 23:28:22,484 Load disk config: storage_dir=/opt/seafile/seafile-data/storage/fs
2026-08-25 23:28:22,484 Load disk config: storage_dir=/opt/seafile/seafile-data/storage/commits
[2026-08-25 23:28:24.992325] Start sending file updates emails...
[2026-08-25 23:28:25.000363] Finish sending file updates emails.

2026-08-25 23:33:26,162 Load disk config: storage_dir=/opt/seafile/seafile-data/storage/blocks
2026-08-25 23:33:26,162 Load disk config: storage_dir=/opt/seafile/seafile-data/storage/fs
2026-08-25 23:33:26,162 Load disk config: storage_dir=/opt/seafile/seafile-data/storage/commits
[2026-08-25 23:33:28.658107] Start sending file updates emails...
[2026-08-25 23:33:28.667125] Finish sending file updates emails.

2026-08-25 23:38:29,847 Load disk config: storage_dir=/opt/seafile/seafile-data/storage/blocks
2026-08-25 23:38:29,847 Load disk config: storage_dir=/opt/seafile/seafile-data/storage/fs
2026-08-25 23:38:29,847 Load disk config: storage_dir=/opt/seafile/seafile-data/storage/commits
[2026-08-25 23:38:32.351399] Start sending file updates emails...
[2026-08-25 23:38:32.359134] Finish sending file updates emails.

2026-08-25 23:43:33,636 Load disk config: storage_dir=/opt/seafile/seafile-data/storage/blocks
2026-08-25 23:43:33,636 Load disk config: storage_dir=/opt/seafile/seafile-data/storage/fs
2026-08-25 23:43:33,636 Load disk config: storage_dir=/opt/seafile/seafile-data/storage/commits
[2026-08-25 23:43:36.134732] Start sending file updates emails...
[2026-08-25 23:43:36.142385] Finish sending file updates emails.

2026-08-25 23:47:01,939 starts to send email
2026-08-25 23:47:01,985 Start counting user activity info..
2026-08-25 23:47:01,985 [UserActivityCounter] update 0 items.
2026-08-25 23:47:02,005 Start counting traffic info..
2026-08-25 23:47:02,006 Traffic counter finished, total time: 0.0007605552673339844 seconds.
2026-08-25 23:47:02,149 Start counting file operations..
2026-08-25 23:47:02,165 [FileOpsCounter] Finish counting file operations in 0.015851736068725586 seconds, 0 added, 0 deleted, 0 visited, 0 modified
2026-08-25 23:47:02,371 Start counting monthly traffic info..
2026-08-25 23:47:02,399 Monthly traffic counter finished, update 2 user items, 1 org items, total time: 0.02861618995666504 seconds.
2026-08-25 23:47:02,480 Start counting total storage..
2026-08-25 23:47:02,528 [TotalStorageCounter] Finish counting total storage in 0.048520565032958984 seconds.
2026-08-25 23:47:02,687 Load disk config: storage_dir=/opt/seafile/seafile-data/storage/blocks
2026-08-25 23:47:02,687 Load disk config: storage_dir=/opt/seafile/seafile-data/storage/fs
2026-08-25 23:47:02,688 Load disk config: storage_dir=/opt/seafile/seafile-data/storage/commits
2026-08-25 23:48:37,412 Load disk config: storage_dir=/opt/seafile/seafile-data/storage/blocks
2026-08-25 23:48:37,412 Load disk config: storage_dir=/opt/seafile/seafile-data/storage/fs
2026-08-25 23:48:37,412 Load disk config: storage_dir=/opt/seafile/seafile-data/storage/commits
[2026-08-25 23:48:39.906911] Start sending file updates emails...
[2026-08-25 23:48:39.914900] Finish sending file updates emails.

2026-08-25 23:53:41,068 Load disk config: storage_dir=/opt/seafile/seafile-data/storage/blocks
2026-08-25 23:53:41,068 Load disk config: storage_dir=/opt/seafile/seafile-data/storage/fs
2026-08-25 23:53:41,069 Load disk config: storage_dir=/opt/seafile/seafile-data/storage/commits
[2026-08-25 23:53:43.544012] Start sending file updates emails...
[2026-08-25 23:53:43.552845] Finish sending file updates emails.

2026-08-25 23:58:44,836 Load disk config: storage_dir=/opt/seafile/seafile-data/storage/blocks
2026-08-25 23:58:44,836 Load disk config: storage_dir=/opt/seafile/seafile-data/storage/fs
2026-08-25 23:58:44,837 Load disk config: storage_dir=/opt/seafile/seafile-data/storage/commits
[2026-08-25 23:58:47.398872] Start sending file updates emails...
[2026-08-25 23:58:47.406813] Finish sending file updates emails.

2026-08-26 00:03:48,705 Load disk config: storage_dir=/opt/seafile/seafile-data/storage/blocks
2026-08-26 00:03:48,705 Load disk config: storage_dir=/opt/seafile/seafile-data/storage/fs
2026-08-26 00:03:48,706 Load disk config: storage_dir=/opt/seafile/seafile-data/storage/commits
[2026-08-26 00:03:51.208369] Start sending file updates emails...
[2026-08-26 00:03:51.217566] Finish sending file updates emails.

2026-08-26 00:08:52,516 Load disk config: storage_dir=/opt/seafile/seafile-data/storage/blocks
2026-08-26 00:08:52,516 Load disk config: storage_dir=/opt/seafile/seafile-data/storage/fs
2026-08-26 00:08:52,516 Load disk config: storage_dir=/opt/seafile/seafile-data/storage/commits
[2026-08-26 00:08:54.999112] Start sending file updates emails...
[2026-08-26 00:08:55.008128] Finish sending file updates emails.

2026-08-26 00:13:56,280 Load disk config: storage_dir=/opt/seafile/seafile-data/storage/blocks
2026-08-26 00:13:56,281 Load disk config: storage_dir=/opt/seafile/seafile-data/storage/fs
2026-08-26 00:13:56,281 Load disk config: storage_dir=/opt/seafile/seafile-data/storage/commits
[2026-08-26 00:13:58.779663] Start sending file updates emails...
[2026-08-26 00:13:58.788448] Finish sending file updates emails.

2026-08-26 00:17:01,941 starts to send email
2026-08-26 00:17:02,643 Load disk config: storage_dir=/opt/seafile/seafile-data/storage/blocks
2026-08-26 00:17:02,643 Load disk config: storage_dir=/opt/seafile/seafile-data/storage/fs
2026-08-26 00:17:02,643 Load disk config: storage_dir=/opt/seafile/seafile-data/storage/commits
2026-08-26 00:19:00,054 Load disk config: storage_dir=/opt/seafile/seafile-data/storage/blocks
2026-08-26 00:19:00,055 Load disk config: storage_dir=/opt/seafile/seafile-data/storage/fs
2026-08-26 00:19:00,055 Load disk config: storage_dir=/opt/seafile/seafile-data/storage/commits
[2026-08-26 00:19:02.536587] Start sending file updates emails...
[2026-08-26 00:19:02.544389] Finish sending file updates emails.

2026-08-26 00:24:03,713 Load disk config: storage_dir=/opt/seafile/seafile-data/storage/blocks
2026-08-26 00:24:03,713 Load disk config: storage_dir=/opt/seafile/seafile-data/storage/fs
2026-08-26 00:24:03,713 Load disk config: storage_dir=/opt/seafile/seafile-data/storage/commits
[2026-08-26 00:24:06.215892] Start sending file updates emails...
[2026-08-26 00:24:06.224678] Finish sending file updates emails.

2026-08-26 00:29:07,394 Load disk config: storage_dir=/opt/seafile/seafile-data/storage/blocks
2026-08-26 00:29:07,394 Load disk config: storage_dir=/opt/seafile/seafile-data/storage/fs
2026-08-26 00:29:07,394 Load disk config: storage_dir=/opt/seafile/seafile-data/storage/commits
[2026-08-26 00:29:09.864861] Start sending file updates emails...
[2026-08-26 00:29:09.873522] Finish sending file updates emails.

2026-08-26 00:34:11,037 Load disk config: storage_dir=/opt/seafile/seafile-data/storage/blocks
2026-08-26 00:34:11,037 Load disk config: storage_dir=/opt/seafile/seafile-data/storage/fs
2026-08-26 00:34:11,038 Load disk config: storage_dir=/opt/seafile/seafile-data/storage/commits
[2026-08-26 00:34:13.526570] Start sending file updates emails...
[2026-08-26 00:34:13.534792] Finish sending file updates emails.

2026-08-26 00:39:14,802 Load disk config: storage_dir=/opt/seafile/seafile-data/storage/blocks
2026-08-26 00:39:14,803 Load disk config: storage_dir=/opt/seafile/seafile-data/storage/fs
2026-08-26 00:39:14,803 Load disk config: storage_dir=/opt/seafile/seafile-data/storage/commits
[2026-08-26 00:39:17.303890] Start sending file updates emails...
[2026-08-26 00:39:17.313017] Finish sending file updates emails.

2026-08-26 00:44:18,644 Load disk config: storage_dir=/opt/seafile/seafile-data/storage/blocks
2026-08-26 00:44:18,644 Load disk config: storage_dir=/opt/seafile/seafile-data/storage/fs
2026-08-26 00:44:18,645 Load disk config: storage_dir=/opt/seafile/seafile-data/storage/commits
[2026-08-26 00:44:21.145642] Start sending file updates emails...
[2026-08-26 00:44:21.154097] Finish sending file updates emails.

2026-08-26 00:47:01,942 starts to send email
2026-08-26 00:47:01,986 Start counting user activity info..
2026-08-26 00:47:01,987 [UserActivityCounter] update 0 items.
2026-08-26 00:47:02,007 Start counting traffic info..
2026-08-26 00:47:02,007 Traffic counter finished, total time: 0.0005517005920410156 seconds.
2026-08-26 00:47:02,167 Start counting file operations..
2026-08-26 00:47:02,184 [FileOpsCounter] Finish counting file operations in 0.016341447830200195 seconds, 0 added, 0 deleted, 0 visited, 0 modified
2026-08-26 00:47:02,401 Start counting monthly traffic info..
2026-08-26 00:47:02,428 Monthly traffic counter finished, update 2 user items, 1 org items, total time: 0.027202606201171875 seconds.
2026-08-26 00:47:02,531 Start counting total storage..
2026-08-26 00:47:02,585 [TotalStorageCounter] Finish counting total storage in 0.05362558364868164 seconds.
2026-08-26 00:47:02,669 Load disk config: storage_dir=/opt/seafile/seafile-data/storage/blocks
2026-08-26 00:47:02,670 Load disk config: storage_dir=/opt/seafile/seafile-data/storage/fs
2026-08-26 00:47:02,670 Load disk config: storage_dir=/opt/seafile/seafile-data/storage/commits
2026-08-26 00:49:22,439 Load disk config: storage_dir=/opt/seafile/seafile-data/storage/blocks
2026-08-26 00:49:22,439 Load disk config: storage_dir=/opt/seafile/seafile-data/storage/fs
2026-08-26 00:49:22,439 Load disk config: storage_dir=/opt/seafile/seafile-data/storage/commits
[2026-08-26 00:49:24.910922] Start sending file updates emails...
[2026-08-26 00:49:24.919494] Finish sending file updates emails.

2026-08-26 00:54:26,079 Load disk config: storage_dir=/opt/seafile/seafile-data/storage/blocks
2026-08-26 00:54:26,079 Load disk config: storage_dir=/opt/seafile/seafile-data/storage/fs
2026-08-26 00:54:26,079 Load disk config: storage_dir=/opt/seafile/seafile-data/storage/commits
[2026-08-26 00:54:28.617472] Start sending file updates emails...
[2026-08-26 00:54:28.625805] Finish sending file updates emails.

2026-08-26 00:59:29,903 Load disk config: storage_dir=/opt/seafile/seafile-data/storage/blocks
2026-08-26 00:59:29,903 Load disk config: storage_dir=/opt/seafile/seafile-data/storage/fs
2026-08-26 00:59:29,903 Load disk config: storage_dir=/opt/seafile/seafile-data/storage/commits
[2026-08-26 00:59:32.387431] Start sending file updates emails...
[2026-08-26 00:59:32.396278] Finish sending file updates emails.

2026-08-26 01:04:33,665 Load disk config: storage_dir=/opt/seafile/seafile-data/storage/blocks
2026-08-26 01:04:33,665 Load disk config: storage_dir=/opt/seafile/seafile-data/storage/fs
2026-08-26 01:04:33,665 Load disk config: storage_dir=/opt/seafile/seafile-data/storage/commits
[2026-08-26 01:04:36.170622] Start sending file updates emails...
[2026-08-26 01:04:36.178759] Finish sending file updates emails.

2026-08-26 01:09:37,339 Load disk config: storage_dir=/opt/seafile/seafile-data/storage/blocks
2026-08-26 01:09:37,339 Load disk config: storage_dir=/opt/seafile/seafile-data/storage/fs
2026-08-26 01:09:37,339 Load disk config: storage_dir=/opt/seafile/seafile-data/storage/commits
[2026-08-26 01:09:39.807477] Start sending file updates emails...
[2026-08-26 01:09:39.816617] Finish sending file updates emails.

2026-08-26 01:14:41,056 Load disk config: storage_dir=/opt/seafile/seafile-data/storage/blocks
2026-08-26 01:14:41,056 Load disk config: storage_dir=/opt/seafile/seafile-data/storage/fs
2026-08-26 01:14:41,056 Load disk config: storage_dir=/opt/seafile/seafile-data/storage/commits
[2026-08-26 01:14:43.548810] Start sending file updates emails...
[2026-08-26 01:14:43.557688] Finish sending file updates emails.

2026-08-26 01:17:01,944 starts to send email
2026-08-26 01:17:02,648 Load disk config: storage_dir=/opt/seafile/seafile-data/storage/blocks
2026-08-26 01:17:02,648 Load disk config: storage_dir=/opt/seafile/seafile-data/storage/fs
2026-08-26 01:17:02,648 Load disk config: storage_dir=/opt/seafile/seafile-data/storage/commits
2026-08-26 01:19:44,709 Load disk config: storage_dir=/opt/seafile/seafile-data/storage/blocks
2026-08-26 01:19:44,709 Load disk config: storage_dir=/opt/seafile/seafile-data/storage/fs
2026-08-26 01:19:44,709 Load disk config: storage_dir=/opt/seafile/seafile-data/storage/commits
[2026-08-26 01:19:47.191078] Start sending file updates emails...
[2026-08-26 01:19:47.200074] Finish sending file updates emails.

2026-08-26 01:24:48,497 Load disk config: storage_dir=/opt/seafile/seafile-data/storage/blocks
2026-08-26 01:24:48,497 Load disk config: storage_dir=/opt/seafile/seafile-data/storage/fs
2026-08-26 01:24:48,497 Load disk config: storage_dir=/opt/seafile/seafile-data/storage/commits
[2026-08-26 01:24:51.029647] Start sending file updates emails...
[2026-08-26 01:24:51.038229] Finish sending file updates emails.

2026-08-26 01:29:52,202 Load disk config: storage_dir=/opt/seafile/seafile-data/storage/blocks
2026-08-26 01:29:52,202 Load disk config: storage_dir=/opt/seafile/seafile-data/storage/fs
2026-08-26 01:29:52,202 Load disk config: storage_dir=/opt/seafile/seafile-data/storage/commits
[2026-08-26 01:29:54.766617] Start sending file updates emails...
[2026-08-26 01:29:54.775614] Finish sending file updates emails.

2026-08-26 01:34:56,042 Load disk config: storage_dir=/opt/seafile/seafile-data/storage/blocks
2026-08-26 01:34:56,042 Load disk config: storage_dir=/opt/seafile/seafile-data/storage/fs
2026-08-26 01:34:56,043 Load disk config: storage_dir=/opt/seafile/seafile-data/storage/commits
[2026-08-26 01:34:58.605963] Start sending file updates emails...
[2026-08-26 01:34:58.613657] Finish sending file updates emails.

2026-08-26 01:39:59,773 Load disk config: storage_dir=/opt/seafile/seafile-data/storage/blocks
2026-08-26 01:39:59,773 Load disk config: storage_dir=/opt/seafile/seafile-data/storage/fs
2026-08-26 01:39:59,773 Load disk config: storage_dir=/opt/seafile/seafile-data/storage/commits
[2026-08-26 01:40:02.385849] Start sending file updates emails...
[2026-08-26 01:40:02.394722] Finish sending file updates emails.

2026-08-26 01:45:03,691 Load disk config: storage_dir=/opt/seafile/seafile-data/storage/blocks
2026-08-26 01:45:03,691 Load disk config: storage_dir=/opt/seafile/seafile-data/storage/fs
2026-08-26 01:45:03,691 Load disk config: storage_dir=/opt/seafile/seafile-data/storage/commits
[2026-08-26 01:45:06.305598] Start sending file updates emails...
[2026-08-26 01:45:06.313356] Finish sending file updates emails.

2026-08-26 01:47:01,945 starts to send email
2026-08-26 01:47:01,988 Start counting user activity info..
2026-08-26 01:47:01,988 [UserActivityCounter] update 0 items.
2026-08-26 01:47:02,008 Start counting traffic info..
2026-08-26 01:47:02,009 Traffic counter finished, total time: 0.0005080699920654297 seconds.
2026-08-26 01:47:02,186 Start counting file operations..
2026-08-26 01:47:02,200 [FileOpsCounter] Finish counting file operations in 0.013832569122314453 seconds, 0 added, 0 deleted, 0 visited, 0 modified
2026-08-26 01:47:02,429 Start counting monthly traffic info..
2026-08-26 01:47:02,458 Monthly traffic counter finished, update 2 user items, 1 org items, total time: 0.028723716735839844 seconds.
2026-08-26 01:47:02,586 Start counting total storage..
2026-08-26 01:47:02,614 [TotalStorageCounter] Finish counting total storage in 0.027704715728759766 seconds.
2026-08-26 01:47:02,691 Load disk config: storage_dir=/opt/seafile/seafile-data/storage/blocks
2026-08-26 01:47:02,692 Load disk config: storage_dir=/opt/seafile/seafile-data/storage/fs
2026-08-26 01:47:02,692 Load disk config: storage_dir=/opt/seafile/seafile-data/storage/commits
2026-08-26 01:50:07,635 Load disk config: storage_dir=/opt/seafile/seafile-data/storage/blocks
2026-08-26 01:50:07,636 Load disk config: storage_dir=/opt/seafile/seafile-data/storage/fs
2026-08-26 01:50:07,636 Load disk config: storage_dir=/opt/seafile/seafile-data/storage/commits
[2026-08-26 01:50:10.220257] Start sending file updates emails...
[2026-08-26 01:50:10.229206] Finish sending file updates emails.

2026-08-26 01:55:11,519 Load disk config: storage_dir=/opt/seafile/seafile-data/storage/blocks
2026-08-26 01:55:11,520 Load disk config: storage_dir=/opt/seafile/seafile-data/storage/fs
2026-08-26 01:55:11,520 Load disk config: storage_dir=/opt/seafile/seafile-data/storage/commits
[2026-08-26 01:55:14.068815] Start sending file updates emails...
[2026-08-26 01:55:14.078359] Finish sending file updates emails.

2026-08-26 02:00:15,248 Load disk config: storage_dir=/opt/seafile/seafile-data/storage/blocks
2026-08-26 02:00:15,248 Load disk config: storage_dir=/opt/seafile/seafile-data/storage/fs
2026-08-26 02:00:15,248 Load disk config: storage_dir=/opt/seafile/seafile-data/storage/commits
[2026-08-26 02:00:17.798378] Start sending file updates emails...
[2026-08-26 02:00:17.806665] Finish sending file updates emails.

2026-08-26 02:05:19,104 Load disk config: storage_dir=/opt/seafile/seafile-data/storage/blocks
2026-08-26 02:05:19,104 Load disk config: storage_dir=/opt/seafile/seafile-data/storage/fs
2026-08-26 02:05:19,104 Load disk config: storage_dir=/opt/seafile/seafile-data/storage/commits
[2026-08-26 02:05:21.638745] Start sending file updates emails...
[2026-08-26 02:05:21.647986] Finish sending file updates emails.

2026-08-26 02:10:22,830 Load disk config: storage_dir=/opt/seafile/seafile-data/storage/blocks
2026-08-26 02:10:22,831 Load disk config: storage_dir=/opt/seafile/seafile-data/storage/fs
2026-08-26 02:10:22,831 Load disk config: storage_dir=/opt/seafile/seafile-data/storage/commits
[2026-08-26 02:10:25.305292] Start sending file updates emails...
[2026-08-26 02:10:25.312981] Finish sending file updates emails.

2026-08-26 02:15:26,610 Load disk config: storage_dir=/opt/seafile/seafile-data/storage/blocks
2026-08-26 02:15:26,610 Load disk config: storage_dir=/opt/seafile/seafile-data/storage/fs
2026-08-26 02:15:26,610 Load disk config: storage_dir=/opt/seafile/seafile-data/storage/commits
[2026-08-26 02:15:29.080835] Start sending file updates emails...
[2026-08-26 02:15:29.089554] Finish sending file updates emails.

2026-08-26 02:17:01,947 starts to send email
2026-08-26 02:17:02,660 Load disk config: storage_dir=/opt/seafile/seafile-data/storage/blocks
2026-08-26 02:17:02,660 Load disk config: storage_dir=/opt/seafile/seafile-data/storage/fs
2026-08-26 02:17:02,660 Load disk config: storage_dir=/opt/seafile/seafile-data/storage/commits
2026-08-26 02:20:30,259 Load disk config: storage_dir=/opt/seafile/seafile-data/storage/blocks
2026-08-26 02:20:30,260 Load disk config: storage_dir=/opt/seafile/seafile-data/storage/fs
2026-08-26 02:20:30,260 Load disk config: storage_dir=/opt/seafile/seafile-data/storage/commits
[2026-08-26 02:20:32.763349] Start sending file updates emails...
[2026-08-26 02:20:32.771976] Finish sending file updates emails.

2026-08-26 02:25:34,064 Load disk config: storage_dir=/opt/seafile/seafile-data/storage/blocks
2026-08-26 02:25:34,064 Load disk config: storage_dir=/opt/seafile/seafile-data/storage/fs
2026-08-26 02:25:34,065 Load disk config: storage_dir=/opt/seafile/seafile-data/storage/commits
[2026-08-26 02:25:36.546245] Start sending file updates emails...
[2026-08-26 02:25:36.554703] Finish sending file updates emails.

2026-08-26 02:30:37,825 Load disk config: storage_dir=/opt/seafile/seafile-data/storage/blocks
2026-08-26 02:30:37,825 Load disk config: storage_dir=/opt/seafile/seafile-data/storage/fs
2026-08-26 02:30:37,825 Load disk config: storage_dir=/opt/seafile/seafile-data/storage/commits
[2026-08-26 02:30:40.290496] Start sending file updates emails...
[2026-08-26 02:30:40.299296] Finish sending file updates emails.

2026-08-26 02:35:41,579 Load disk config: storage_dir=/opt/seafile/seafile-data/storage/blocks
2026-08-26 02:35:41,579 Load disk config: storage_dir=/opt/seafile/seafile-data/storage/fs
2026-08-26 02:35:41,580 Load disk config: storage_dir=/opt/seafile/seafile-data/storage/commits
[2026-08-26 02:35:44.076065] Start sending file updates emails...
[2026-08-26 02:35:44.084137] Finish sending file updates emails.

2026-08-26 02:40:45,254 Load disk config: storage_dir=/opt/seafile/seafile-data/storage/blocks
2026-08-26 02:40:45,255 Load disk config: storage_dir=/opt/seafile/seafile-data/storage/fs
2026-08-26 02:40:45,255 Load disk config: storage_dir=/opt/seafile/seafile-data/storage/commits
[2026-08-26 02:40:47.798793] Start sending file updates emails...
[2026-08-26 02:40:47.807895] Finish sending file updates emails.

2026-08-26 02:45:48,974 Load disk config: storage_dir=/opt/seafile/seafile-data/storage/blocks
2026-08-26 02:45:48,974 Load disk config: storage_dir=/opt/seafile/seafile-data/storage/fs
2026-08-26 02:45:48,975 Load disk config: storage_dir=/opt/seafile/seafile-data/storage/commits
[2026-08-26 02:45:51.553299] Start sending file updates emails...
[2026-08-26 02:45:51.561735] Finish sending file updates emails.

2026-08-26 02:47:01,949 starts to send email
2026-08-26 02:47:01,989 Start counting user activity info..
2026-08-26 02:47:01,990 [UserActivityCounter] update 0 items.
2026-08-26 02:47:02,010 Start counting traffic info..
2026-08-26 02:47:02,011 Traffic counter finished, total time: 0.0009906291961669922 seconds.
2026-08-26 02:47:02,202 Start counting file operations..
2026-08-26 02:47:02,216 [FileOpsCounter] Finish counting file operations in 0.013223648071289062 seconds, 0 added, 0 deleted, 0 visited, 0 modified
2026-08-26 02:47:02,459 Start counting monthly traffic info..
2026-08-26 02:47:02,490 Monthly traffic counter finished, update 2 user items, 1 org items, total time: 0.03042459487915039 seconds.
2026-08-26 02:47:02,617 Start counting total storage..
2026-08-26 02:47:02,662 [TotalStorageCounter] Finish counting total storage in 0.045142173767089844 seconds.
2026-08-26 02:47:02,686 Load disk config: storage_dir=/opt/seafile/seafile-data/storage/blocks
2026-08-26 02:47:02,686 Load disk config: storage_dir=/opt/seafile/seafile-data/storage/fs
2026-08-26 02:47:02,686 Load disk config: storage_dir=/opt/seafile/seafile-data/storage/commits
2026-08-26 02:50:52,855 Load disk config: storage_dir=/opt/seafile/seafile-data/storage/blocks
2026-08-26 02:50:52,855 Load disk config: storage_dir=/opt/seafile/seafile-data/storage/fs
2026-08-26 02:50:52,855 Load disk config: storage_dir=/opt/seafile/seafile-data/storage/commits
[2026-08-26 02:50:55.399238] Start sending file updates emails...
[2026-08-26 02:50:55.406915] Finish sending file updates emails.

2026-08-26 02:55:56,567 Load disk config: storage_dir=/opt/seafile/seafile-data/storage/blocks
2026-08-26 02:55:56,568 Load disk config: storage_dir=/opt/seafile/seafile-data/storage/fs
2026-08-26 02:55:56,568 Load disk config: storage_dir=/opt/seafile/seafile-data/storage/commits
[2026-08-26 02:55:59.051613] Start sending file updates emails...
[2026-08-26 02:55:59.061550] Finish sending file updates emails.

2026-08-26 03:01:00,379 Load disk config: storage_dir=/opt/seafile/seafile-data/storage/blocks
2026-08-26 03:01:00,379 Load disk config: storage_dir=/opt/seafile/seafile-data/storage/fs
2026-08-26 03:01:00,379 Load disk config: storage_dir=/opt/seafile/seafile-data/storage/commits
[2026-08-26 03:01:02.887505] Start sending file updates emails...
[2026-08-26 03:01:02.896500] Finish sending file updates emails.

2026-08-26 03:06:04,167 Load disk config: storage_dir=/opt/seafile/seafile-data/storage/blocks
2026-08-26 03:06:04,167 Load disk config: storage_dir=/opt/seafile/seafile-data/storage/fs
2026-08-26 03:06:04,167 Load disk config: storage_dir=/opt/seafile/seafile-data/storage/commits
[2026-08-26 03:06:06.640823] Start sending file updates emails...
[2026-08-26 03:06:06.650103] Finish sending file updates emails.

2026-08-26 03:11:07,934 Load disk config: storage_dir=/opt/seafile/seafile-data/storage/blocks
2026-08-26 03:11:07,934 Load disk config: storage_dir=/opt/seafile/seafile-data/storage/fs
2026-08-26 03:11:07,935 Load disk config: storage_dir=/opt/seafile/seafile-data/storage/commits
[2026-08-26 03:11:10.434926] Start sending file updates emails...
[2026-08-26 03:11:10.443528] Finish sending file updates emails.

2026-08-26 03:16:11,723 Load disk config: storage_dir=/opt/seafile/seafile-data/storage/blocks
2026-08-26 03:16:11,723 Load disk config: storage_dir=/opt/seafile/seafile-data/storage/fs
2026-08-26 03:16:11,723 Load disk config: storage_dir=/opt/seafile/seafile-data/storage/commits
[2026-08-26 03:16:14.181629] Start sending file updates emails...
[2026-08-26 03:16:14.189185] Finish sending file updates emails.

2026-08-26 03:17:01,950 starts to send email
2026-08-26 03:17:02,654 Load disk config: storage_dir=/opt/seafile/seafile-data/storage/blocks
2026-08-26 03:17:02,654 Load disk config: storage_dir=/opt/seafile/seafile-data/storage/fs
2026-08-26 03:17:02,654 Load disk config: storage_dir=/opt/seafile/seafile-data/storage/commits
2026-08-26 03:21:15,345 Load disk config: storage_dir=/opt/seafile/seafile-data/storage/blocks
2026-08-26 03:21:15,345 Load disk config: storage_dir=/opt/seafile/seafile-data/storage/fs
2026-08-26 03:21:15,345 Load disk config: storage_dir=/opt/seafile/seafile-data/storage/commits
[2026-08-26 03:21:17.783854] Start sending file updates emails...
[2026-08-26 03:21:17.792748] Finish sending file updates emails.

2026-08-26 03:26:19,073 Load disk config: storage_dir=/opt/seafile/seafile-data/storage/blocks
2026-08-26 03:26:19,073 Load disk config: storage_dir=/opt/seafile/seafile-data/storage/fs
2026-08-26 03:26:19,074 Load disk config: storage_dir=/opt/seafile/seafile-data/storage/commits
[2026-08-26 03:26:21.568437] Start sending file updates emails...
[2026-08-26 03:26:21.576797] Finish sending file updates emails.

2026-08-26 03:31:22,730 Load disk config: storage_dir=/opt/seafile/seafile-data/storage/blocks
2026-08-26 03:31:22,730 Load disk config: storage_dir=/opt/seafile/seafile-data/storage/fs
2026-08-26 03:31:22,730 Load disk config: storage_dir=/opt/seafile/seafile-data/storage/commits
[2026-08-26 03:31:25.307293] Start sending file updates emails...
[2026-08-26 03:31:25.316796] Finish sending file updates emails.

2026-08-26 03:36:26,635 Load disk config: storage_dir=/opt/seafile/seafile-data/storage/blocks
2026-08-26 03:36:26,635 Load disk config: storage_dir=/opt/seafile/seafile-data/storage/fs
2026-08-26 03:36:26,636 Load disk config: storage_dir=/opt/seafile/seafile-data/storage/commits
[2026-08-26 03:36:29.143669] Start sending file updates emails...
[2026-08-26 03:36:29.151530] Finish sending file updates emails.

2026-08-26 03:41:30,438 Load disk config: storage_dir=/opt/seafile/seafile-data/storage/blocks
2026-08-26 03:41:30,438 Load disk config: storage_dir=/opt/seafile/seafile-data/storage/fs
2026-08-26 03:41:30,438 Load disk config: storage_dir=/opt/seafile/seafile-data/storage/commits
[2026-08-26 03:41:32.898203] Start sending file updates emails...
[2026-08-26 03:41:32.905863] Finish sending file updates emails.

2026-08-26 03:46:34,073 Load disk config: storage_dir=/opt/seafile/seafile-data/storage/blocks
2026-08-26 03:46:34,074 Load disk config: storage_dir=/opt/seafile/seafile-data/storage/fs
2026-08-26 03:46:34,074 Load disk config: storage_dir=/opt/seafile/seafile-data/storage/commits
[2026-08-26 03:46:36.548752] Start sending file updates emails...
[2026-08-26 03:46:36.556469] Finish sending file updates emails.

2026-08-26 03:47:01,952 starts to send email
2026-08-26 03:47:01,991 Start counting user activity info..
2026-08-26 03:47:01,992 [UserActivityCounter] update 0 items.
2026-08-26 03:47:02,012 Start counting traffic info..
2026-08-26 03:47:02,012 Traffic counter finished, total time: 0.0005443096160888672 seconds.
2026-08-26 03:47:02,217 Start counting file operations..
2026-08-26 03:47:02,233 [FileOpsCounter] Finish counting file operations in 0.015348196029663086 seconds, 0 added, 0 deleted, 0 visited, 0 modified
2026-08-26 03:47:02,491 Start counting monthly traffic info..
2026-08-26 03:47:02,520 Monthly traffic counter finished, update 2 user items, 1 org items, total time: 0.028912782669067383 seconds.
2026-08-26 03:47:02,665 Start counting total storage..
2026-08-26 03:47:02,705 [TotalStorageCounter] Finish counting total storage in 0.03955197334289551 seconds.
2026-08-26 03:47:02,726 Load disk config: storage_dir=/opt/seafile/seafile-data/storage/blocks
2026-08-26 03:47:02,726 Load disk config: storage_dir=/opt/seafile/seafile-data/storage/fs
2026-08-26 03:47:02,726 Load disk config: storage_dir=/opt/seafile/seafile-data/storage/commits
2026-08-26 03:51:37,714 Load disk config: storage_dir=/opt/seafile/seafile-data/storage/blocks
2026-08-26 03:51:37,715 Load disk config: storage_dir=/opt/seafile/seafile-data/storage/fs
2026-08-26 03:51:37,715 Load disk config: storage_dir=/opt/seafile/seafile-data/storage/commits
[2026-08-26 03:51:40.165242] Start sending file updates emails...
[2026-08-26 03:51:40.172942] Finish sending file updates emails.

2026-08-26 03:56:41,433 Load disk config: storage_dir=/opt/seafile/seafile-data/storage/blocks
2026-08-26 03:56:41,434 Load disk config: storage_dir=/opt/seafile/seafile-data/storage/fs
2026-08-26 03:56:41,434 Load disk config: storage_dir=/opt/seafile/seafile-data/storage/commits
[2026-08-26 03:56:43.918151] Start sending file updates emails...
[2026-08-26 03:56:43.926599] Finish sending file updates emails.

2026-08-26 04:01:45,216 Load disk config: storage_dir=/opt/seafile/seafile-data/storage/blocks
2026-08-26 04:01:45,216 Load disk config: storage_dir=/opt/seafile/seafile-data/storage/fs
2026-08-26 04:01:45,217 Load disk config: storage_dir=/opt/seafile/seafile-data/storage/commits
[2026-08-26 04:01:47.683293] Start sending file updates emails...
[2026-08-26 04:01:47.692177] Finish sending file updates emails.

2026-08-26 04:06:48,869 Load disk config: storage_dir=/opt/seafile/seafile-data/storage/blocks
2026-08-26 04:06:48,869 Load disk config: storage_dir=/opt/seafile/seafile-data/storage/fs
2026-08-26 04:06:48,869 Load disk config: storage_dir=/opt/seafile/seafile-data/storage/commits
[2026-08-26 04:06:51.382320] Start sending file updates emails...
[2026-08-26 04:06:51.390147] Finish sending file updates emails.

2026-08-26 04:11:52,663 Load disk config: storage_dir=/opt/seafile/seafile-data/storage/blocks
2026-08-26 04:11:52,663 Load disk config: storage_dir=/opt/seafile/seafile-data/storage/fs
2026-08-26 04:11:52,664 Load disk config: storage_dir=/opt/seafile/seafile-data/storage/commits
[2026-08-26 04:11:55.148585] Start sending file updates emails...
[2026-08-26 04:11:55.157744] Finish sending file updates emails.

2026-08-26 04:16:56,461 Load disk config: storage_dir=/opt/seafile/seafile-data/storage/blocks
2026-08-26 04:16:56,461 Load disk config: storage_dir=/opt/seafile/seafile-data/storage/fs
2026-08-26 04:16:56,461 Load disk config: storage_dir=/opt/seafile/seafile-data/storage/commits
[2026-08-26 04:16:59.056007] Start sending file updates emails...
[2026-08-26 04:16:59.064124] Finish sending file updates emails.

2026-08-26 04:17:01,954 starts to send email
2026-08-26 04:17:02,657 Load disk config: storage_dir=/opt/seafile/seafile-data/storage/blocks
2026-08-26 04:17:02,657 Load disk config: storage_dir=/opt/seafile/seafile-data/storage/fs
2026-08-26 04:17:02,657 Load disk config: storage_dir=/opt/seafile/seafile-data/storage/commits
2026-08-26 04:22:00,360 Load disk config: storage_dir=/opt/seafile/seafile-data/storage/blocks
2026-08-26 04:22:00,360 Load disk config: storage_dir=/opt/seafile/seafile-data/storage/fs
2026-08-26 04:22:00,360 Load disk config: storage_dir=/opt/seafile/seafile-data/storage/commits
[2026-08-26 04:22:02.862771] Start sending file updates emails...
[2026-08-26 04:22:02.871779] Finish sending file updates emails.

2026-08-26 04:27:04,144 Load disk config: storage_dir=/opt/seafile/seafile-data/storage/blocks
2026-08-26 04:27:04,144 Load disk config: storage_dir=/opt/seafile/seafile-data/storage/fs
2026-08-26 04:27:04,144 Load disk config: storage_dir=/opt/seafile/seafile-data/storage/commits
[2026-08-26 04:27:06.697036] Start sending file updates emails...
[2026-08-26 04:27:06.705382] Finish sending file updates emails.

2026-08-26 04:32:07,864 Load disk config: storage_dir=/opt/seafile/seafile-data/storage/blocks
2026-08-26 04:32:07,864 Load disk config: storage_dir=/opt/seafile/seafile-data/storage/fs
2026-08-26 04:32:07,864 Load disk config: storage_dir=/opt/seafile/seafile-data/storage/commits
[2026-08-26 04:32:10.346859] Start sending file updates emails...
[2026-08-26 04:32:10.354613] Finish sending file updates emails.

2026-08-26 04:37:11,618 Load disk config: storage_dir=/opt/seafile/seafile-data/storage/blocks
2026-08-26 04:37:11,619 Load disk config: storage_dir=/opt/seafile/seafile-data/storage/fs
2026-08-26 04:37:11,619 Load disk config: storage_dir=/opt/seafile/seafile-data/storage/commits
[2026-08-26 04:37:14.115314] Start sending file updates emails...
[2026-08-26 04:37:14.123270] Finish sending file updates emails.

2026-08-26 04:42:15,417 Load disk config: storage_dir=/opt/seafile/seafile-data/storage/blocks
2026-08-26 04:42:15,418 Load disk config: storage_dir=/opt/seafile/seafile-data/storage/fs
2026-08-26 04:42:15,418 Load disk config: storage_dir=/opt/seafile/seafile-data/storage/commits
[2026-08-26 04:42:17.979097] Start sending file updates emails...
[2026-08-26 04:42:17.987909] Finish sending file updates emails.

2026-08-26 04:47:01,956 starts to send email
2026-08-26 04:47:01,993 Start counting user activity info..
2026-08-26 04:47:01,994 [UserActivityCounter] update 0 items.
2026-08-26 04:47:02,013 Start counting traffic info..
2026-08-26 04:47:02,014 Traffic counter finished, total time: 0.0004856586456298828 seconds.
2026-08-26 04:47:02,235 Start counting file operations..
2026-08-26 04:47:02,250 [FileOpsCounter] Finish counting file operations in 0.0151214599609375 seconds, 0 added, 0 deleted, 0 visited, 0 modified
2026-08-26 04:47:02,521 Start counting monthly traffic info..
2026-08-26 04:47:02,550 Monthly traffic counter finished, update 2 user items, 1 org items, total time: 0.029045581817626953 seconds.
2026-08-26 04:47:02,681 Load disk config: storage_dir=/opt/seafile/seafile-data/storage/blocks
2026-08-26 04:47:02,682 Load disk config: storage_dir=/opt/seafile/seafile-data/storage/fs
2026-08-26 04:47:02,682 Load disk config: storage_dir=/opt/seafile/seafile-data/storage/commits
2026-08-26 04:47:02,709 Start counting total storage..
2026-08-26 04:47:02,771 [TotalStorageCounter] Finish counting total storage in 0.06196165084838867 seconds.
2026-08-26 04:47:19,153 Load disk config: storage_dir=/opt/seafile/seafile-data/storage/blocks
2026-08-26 04:47:19,153 Load disk config: storage_dir=/opt/seafile/seafile-data/storage/fs
2026-08-26 04:47:19,153 Load disk config: storage_dir=/opt/seafile/seafile-data/storage/commits
[2026-08-26 04:47:21.683231] Start sending file updates emails...
[2026-08-26 04:47:21.692172] Finish sending file updates emails.

2026-08-26 04:52:22,848 Load disk config: storage_dir=/opt/seafile/seafile-data/storage/blocks
2026-08-26 04:52:22,848 Load disk config: storage_dir=/opt/seafile/seafile-data/storage/fs
2026-08-26 04:52:22,848 Load disk config: storage_dir=/opt/seafile/seafile-data/storage/commits
[2026-08-26 04:52:25.387089] Start sending file updates emails...
[2026-08-26 04:52:25.396515] Finish sending file updates emails.

2026-08-26 04:57:26,560 Load disk config: storage_dir=/opt/seafile/seafile-data/storage/blocks
2026-08-26 04:57:26,560 Load disk config: storage_dir=/opt/seafile/seafile-data/storage/fs
2026-08-26 04:57:26,561 Load disk config: storage_dir=/opt/seafile/seafile-data/storage/commits
[2026-08-26 04:57:29.113852] Start sending file updates emails...
[2026-08-26 04:57:29.121973] Finish sending file updates emails.

2026-08-26 05:02:30,418 Load disk config: storage_dir=/opt/seafile/seafile-data/storage/blocks
2026-08-26 05:02:30,418 Load disk config: storage_dir=/opt/seafile/seafile-data/storage/fs
2026-08-26 05:02:30,418 Load disk config: storage_dir=/opt/seafile/seafile-data/storage/commits
[2026-08-26 05:02:32.914141] Start sending file updates emails...
[2026-08-26 05:02:32.923304] Finish sending file updates emails.

2026-08-26 05:07:34,103 Load disk config: storage_dir=/opt/seafile/seafile-data/storage/blocks
2026-08-26 05:07:34,103 Load disk config: storage_dir=/opt/seafile/seafile-data/storage/fs
2026-08-26 05:07:34,103 Load disk config: storage_dir=/opt/seafile/seafile-data/storage/commits
[2026-08-26 05:07:36.577598] Start sending file updates emails...
[2026-08-26 05:07:36.586105] Finish sending file updates emails.

2026-08-26 05:12:37,872 Load disk config: storage_dir=/opt/seafile/seafile-data/storage/blocks
2026-08-26 05:12:37,872 Load disk config: storage_dir=/opt/seafile/seafile-data/storage/fs
2026-08-26 05:12:37,872 Load disk config: storage_dir=/opt/seafile/seafile-data/storage/commits
[2026-08-26 05:12:40.380970] Start sending file updates emails...
[2026-08-26 05:12:40.388611] Finish sending file updates emails.

2026-08-26 05:17:01,957 starts to send email
2026-08-26 05:17:02,655 Load disk config: storage_dir=/opt/seafile/seafile-data/storage/blocks
2026-08-26 05:17:02,655 Load disk config: storage_dir=/opt/seafile/seafile-data/storage/fs
2026-08-26 05:17:02,655 Load disk config: storage_dir=/opt/seafile/seafile-data/storage/commits
2026-08-26 05:17:41,660 Load disk config: storage_dir=/opt/seafile/seafile-data/storage/blocks
2026-08-26 05:17:41,660 Load disk config: storage_dir=/opt/seafile/seafile-data/storage/fs
2026-08-26 05:17:41,660 Load disk config: storage_dir=/opt/seafile/seafile-data/storage/commits
[2026-08-26 05:17:44.099119] Start sending file updates emails...
[2026-08-26 05:17:44.107851] Finish sending file updates emails.

2026-08-26 05:22:45,283 Load disk config: storage_dir=/opt/seafile/seafile-data/storage/blocks
2026-08-26 05:22:45,283 Load disk config: storage_dir=/opt/seafile/seafile-data/storage/fs
2026-08-26 05:22:45,283 Load disk config: storage_dir=/opt/seafile/seafile-data/storage/commits
[2026-08-26 05:22:47.812363] Start sending file updates emails...
[2026-08-26 05:22:47.821126] Finish sending file updates emails.

2026-08-26 05:27:48,984 Load disk config: storage_dir=/opt/seafile/seafile-data/storage/blocks
2026-08-26 05:27:48,984 Load disk config: storage_dir=/opt/seafile/seafile-data/storage/fs
2026-08-26 05:27:48,984 Load disk config: storage_dir=/opt/seafile/seafile-data/storage/commits
[2026-08-26 05:27:51.459375] Start sending file updates emails...
[2026-08-26 05:27:51.467198] Finish sending file updates emails.

2026-08-26 05:32:52,639 Load disk config: storage_dir=/opt/seafile/seafile-data/storage/blocks
2026-08-26 05:32:52,639 Load disk config: storage_dir=/opt/seafile/seafile-data/storage/fs
2026-08-26 05:32:52,639 Load disk config: storage_dir=/opt/seafile/seafile-data/storage/commits
[2026-08-26 05:32:55.124607] Start sending file updates emails...
[2026-08-26 05:32:55.132573] Finish sending file updates emails.

2026-08-26 05:37:56,295 Load disk config: storage_dir=/opt/seafile/seafile-data/storage/blocks
2026-08-26 05:37:56,295 Load disk config: storage_dir=/opt/seafile/seafile-data/storage/fs
2026-08-26 05:37:56,295 Load disk config: storage_dir=/opt/seafile/seafile-data/storage/commits
[2026-08-26 05:37:58.765978] Start sending file updates emails...
[2026-08-26 05:37:58.775112] Finish sending file updates emails.

2026-08-26 05:43:00,018 Load disk config: storage_dir=/opt/seafile/seafile-data/storage/blocks
2026-08-26 05:43:00,019 Load disk config: storage_dir=/opt/seafile/seafile-data/storage/fs
2026-08-26 05:43:00,019 Load disk config: storage_dir=/opt/seafile/seafile-data/storage/commits
[2026-08-26 05:43:02.570232] Start sending file updates emails...
[2026-08-26 05:43:02.579049] Finish sending file updates emails.

2026-08-26 05:47:01,959 starts to send email
2026-08-26 05:47:01,995 Start counting user activity info..
2026-08-26 05:47:01,995 [UserActivityCounter] update 0 items.
2026-08-26 05:47:02,014 Start counting traffic info..
2026-08-26 05:47:02,015 Traffic counter finished, total time: 0.0005052089691162109 seconds.
2026-08-26 05:47:02,252 Start counting file operations..
2026-08-26 05:47:02,266 [FileOpsCounter] Finish counting file operations in 0.013716936111450195 seconds, 0 added, 0 deleted, 0 visited, 0 modified
2026-08-26 05:47:02,551 Start counting monthly traffic info..
2026-08-26 05:47:02,580 Monthly traffic counter finished, update 2 user items, 1 org items, total time: 0.028804540634155273 seconds.
2026-08-26 05:47:02,681 Load disk config: storage_dir=/opt/seafile/seafile-data/storage/blocks
2026-08-26 05:47:02,681 Load disk config: storage_dir=/opt/seafile/seafile-data/storage/fs
2026-08-26 05:47:02,681 Load disk config: storage_dir=/opt/seafile/seafile-data/storage/commits
2026-08-26 05:47:02,773 Start counting total storage..
2026-08-26 05:47:02,818 [TotalStorageCounter] Finish counting total storage in 0.04462862014770508 seconds.
2026-08-26 05:48:03,877 Load disk config: storage_dir=/opt/seafile/seafile-data/storage/blocks
2026-08-26 05:48:03,878 Load disk config: storage_dir=/opt/seafile/seafile-data/storage/fs
2026-08-26 05:48:03,878 Load disk config: storage_dir=/opt/seafile/seafile-data/storage/commits
[2026-08-26 05:48:06.395261] Start sending file updates emails...
[2026-08-26 05:48:06.403031] Finish sending file updates emails.

2026-08-26 05:53:07,696 Load disk config: storage_dir=/opt/seafile/seafile-data/storage/blocks
2026-08-26 05:53:07,696 Load disk config: storage_dir=/opt/seafile/seafile-data/storage/fs
2026-08-26 05:53:07,696 Load disk config: storage_dir=/opt/seafile/seafile-data/storage/commits
[2026-08-26 05:53:10.214279] Start sending file updates emails...
[2026-08-26 05:53:10.222035] Finish sending file updates emails.

2026-08-26 05:58:11,510 Load disk config: storage_dir=/opt/seafile/seafile-data/storage/blocks
2026-08-26 05:58:11,510 Load disk config: storage_dir=/opt/seafile/seafile-data/storage/fs
2026-08-26 05:58:11,510 Load disk config: storage_dir=/opt/seafile/seafile-data/storage/commits
[2026-08-26 05:58:14.002497] Start sending file updates emails...
[2026-08-26 05:58:14.011726] Finish sending file updates emails.

2026-08-26 06:03:15,181 Load disk config: storage_dir=/opt/seafile/seafile-data/storage/blocks
2026-08-26 06:03:15,181 Load disk config: storage_dir=/opt/seafile/seafile-data/storage/fs
2026-08-26 06:03:15,181 Load disk config: storage_dir=/opt/seafile/seafile-data/storage/commits
[2026-08-26 06:03:17.642476] Start sending file updates emails...
[2026-08-26 06:03:17.650294] Finish sending file updates emails.

2026-08-26 06:08:18,932 Load disk config: storage_dir=/opt/seafile/seafile-data/storage/blocks
2026-08-26 06:08:18,932 Load disk config: storage_dir=/opt/seafile/seafile-data/storage/fs
2026-08-26 06:08:18,932 Load disk config: storage_dir=/opt/seafile/seafile-data/storage/commits
[2026-08-26 06:08:21.414434] Start sending file updates emails...
[2026-08-26 06:08:21.422520] Finish sending file updates emails.

2026-08-26 06:13:22,693 Load disk config: storage_dir=/opt/seafile/seafile-data/storage/blocks
2026-08-26 06:13:22,693 Load disk config: storage_dir=/opt/seafile/seafile-data/storage/fs
2026-08-26 06:13:22,694 Load disk config: storage_dir=/opt/seafile/seafile-data/storage/commits
[2026-08-26 06:13:25.225507] Start sending file updates emails...
[2026-08-26 06:13:25.234587] Finish sending file updates emails.

2026-08-26 06:17:01,961 starts to send email
2026-08-26 06:17:02,676 Load disk config: storage_dir=/opt/seafile/seafile-data/storage/blocks
2026-08-26 06:17:02,676 Load disk config: storage_dir=/opt/seafile/seafile-data/storage/fs
2026-08-26 06:17:02,676 Load disk config: storage_dir=/opt/seafile/seafile-data/storage/commits
2026-08-26 06:18:26,395 Load disk config: storage_dir=/opt/seafile/seafile-data/storage/blocks
2026-08-26 06:18:26,395 Load disk config: storage_dir=/opt/seafile/seafile-data/storage/fs
2026-08-26 06:18:26,395 Load disk config: storage_dir=/opt/seafile/seafile-data/storage/commits
[2026-08-26 06:18:28.909934] Start sending file updates emails...
[2026-08-26 06:18:28.918667] Finish sending file updates emails.

2026-08-26 06:23:30,073 Load disk config: storage_dir=/opt/seafile/seafile-data/storage/blocks
2026-08-26 06:23:30,073 Load disk config: storage_dir=/opt/seafile/seafile-data/storage/fs
2026-08-26 06:23:30,073 Load disk config: storage_dir=/opt/seafile/seafile-data/storage/commits
[2026-08-26 06:23:32.592191] Start sending file updates emails...
[2026-08-26 06:23:32.600765] Finish sending file updates emails.

2026-08-26 06:28:33,875 Load disk config: storage_dir=/opt/seafile/seafile-data/storage/blocks
2026-08-26 06:28:33,876 Load disk config: storage_dir=/opt/seafile/seafile-data/storage/fs
2026-08-26 06:28:33,876 Load disk config: storage_dir=/opt/seafile/seafile-data/storage/commits
[2026-08-26 06:28:36.391546] Start sending file updates emails...
[2026-08-26 06:28:36.399274] Finish sending file updates emails.

2026-08-26 06:33:37,599 Load disk config: storage_dir=/opt/seafile/seafile-data/storage/blocks
2026-08-26 06:33:37,599 Load disk config: storage_dir=/opt/seafile/seafile-data/storage/fs
2026-08-26 06:33:37,599 Load disk config: storage_dir=/opt/seafile/seafile-data/storage/commits
[2026-08-26 06:33:40.059228] Start sending file updates emails...
[2026-08-26 06:33:40.068095] Finish sending file updates emails.

2026-08-26 06:38:41,356 Load disk config: storage_dir=/opt/seafile/seafile-data/storage/blocks
2026-08-26 06:38:41,356 Load disk config: storage_dir=/opt/seafile/seafile-data/storage/fs
2026-08-26 06:38:41,356 Load disk config: storage_dir=/opt/seafile/seafile-data/storage/commits
[2026-08-26 06:38:43.845940] Start sending file updates emails...
[2026-08-26 06:38:43.853768] Finish sending file updates emails.

2026-08-26 06:43:45,137 Load disk config: storage_dir=/opt/seafile/seafile-data/storage/blocks
2026-08-26 06:43:45,137 Load disk config: storage_dir=/opt/seafile/seafile-data/storage/fs
2026-08-26 06:43:45,137 Load disk config: storage_dir=/opt/seafile/seafile-data/storage/commits
[2026-08-26 06:43:47.614181] Start sending file updates emails...
[2026-08-26 06:43:47.623010] Finish sending file updates emails.

2026-08-26 06:47:01,963 starts to send email
2026-08-26 06:47:01,997 Start counting user activity info..
2026-08-26 06:47:01,997 [UserActivityCounter] update 0 items.
2026-08-26 06:47:02,016 Start counting traffic info..
2026-08-26 06:47:02,016 Traffic counter finished, total time: 0.0005435943603515625 seconds.
2026-08-26 06:47:02,268 Start counting file operations..
2026-08-26 06:47:02,284 [FileOpsCounter] Finish counting file operations in 0.016398191452026367 seconds, 0 added, 0 deleted, 0 visited, 0 modified
2026-08-26 06:47:02,581 Start counting monthly traffic info..
2026-08-26 06:47:02,610 Monthly traffic counter finished, update 2 user items, 1 org items, total time: 0.029172420501708984 seconds.
2026-08-26 06:47:02,689 Load disk config: storage_dir=/opt/seafile/seafile-data/storage/blocks
2026-08-26 06:47:02,689 Load disk config: storage_dir=/opt/seafile/seafile-data/storage/fs
2026-08-26 06:47:02,689 Load disk config: storage_dir=/opt/seafile/seafile-data/storage/commits
2026-08-26 06:47:02,820 Start counting total storage..
2026-08-26 06:47:02,878 [TotalStorageCounter] Finish counting total storage in 0.05856585502624512 seconds.
2026-08-26 06:48:48,802 Load disk config: storage_dir=/opt/seafile/seafile-data/storage/blocks
2026-08-26 06:48:48,802 Load disk config: storage_dir=/opt/seafile/seafile-data/storage/fs
2026-08-26 06:48:48,803 Load disk config: storage_dir=/opt/seafile/seafile-data/storage/commits
[2026-08-26 06:48:51.286330] Start sending file updates emails...
[2026-08-26 06:48:51.294714] Finish sending file updates emails.

2026-08-26 06:53:52,457 Load disk config: storage_dir=/opt/seafile/seafile-data/storage/blocks
2026-08-26 06:53:52,458 Load disk config: storage_dir=/opt/seafile/seafile-data/storage/fs
2026-08-26 06:53:52,458 Load disk config: storage_dir=/opt/seafile/seafile-data/storage/commits
[2026-08-26 06:53:54.963128] Start sending file updates emails...
[2026-08-26 06:53:54.971221] Finish sending file updates emails.

2026-08-26 06:58:56,136 Load disk config: storage_dir=/opt/seafile/seafile-data/storage/blocks
2026-08-26 06:58:56,137 Load disk config: storage_dir=/opt/seafile/seafile-data/storage/fs
2026-08-26 06:58:56,137 Load disk config: storage_dir=/opt/seafile/seafile-data/storage/commits
[2026-08-26 06:58:58.644176] Start sending file updates emails...
[2026-08-26 06:58:58.651764] Finish sending file updates emails.

2026-08-26 07:03:59,944 Load disk config: storage_dir=/opt/seafile/seafile-data/storage/blocks
2026-08-26 07:03:59,944 Load disk config: storage_dir=/opt/seafile/seafile-data/storage/fs
2026-08-26 07:03:59,944 Load disk config: storage_dir=/opt/seafile/seafile-data/storage/commits
[2026-08-26 07:04:02.529178] Start sending file updates emails...
[2026-08-26 07:04:02.538274] Finish sending file updates emails.

2026-08-26 07:09:03,696 Load disk config: storage_dir=/opt/seafile/seafile-data/storage/blocks
2026-08-26 07:09:03,696 Load disk config: storage_dir=/opt/seafile/seafile-data/storage/fs
2026-08-26 07:09:03,696 Load disk config: storage_dir=/opt/seafile/seafile-data/storage/commits
[2026-08-26 07:09:06.275188] Start sending file updates emails...
[2026-08-26 07:09:06.283944] Finish sending file updates emails.

2026-08-26 07:14:07,563 Load disk config: storage_dir=/opt/seafile/seafile-data/storage/blocks
2026-08-26 07:14:07,563 Load disk config: storage_dir=/opt/seafile/seafile-data/storage/fs
2026-08-26 07:14:07,563 Load disk config: storage_dir=/opt/seafile/seafile-data/storage/commits
[2026-08-26 07:14:10.057952] Start sending file updates emails...
[2026-08-26 07:14:10.067148] Finish sending file updates emails.

2026-08-26 07:17:01,964 starts to send email
2026-08-26 07:17:02,665 Load disk config: storage_dir=/opt/seafile/seafile-data/storage/blocks
2026-08-26 07:17:02,665 Load disk config: storage_dir=/opt/seafile/seafile-data/storage/fs
2026-08-26 07:17:02,665 Load disk config: storage_dir=/opt/seafile/seafile-data/storage/commits
2026-08-26 07:19:11,352 Load disk config: storage_dir=/opt/seafile/seafile-data/storage/blocks
2026-08-26 07:19:11,352 Load disk config: storage_dir=/opt/seafile/seafile-data/storage/fs
2026-08-26 07:19:11,352 Load disk config: storage_dir=/opt/seafile/seafile-data/storage/commits
[2026-08-26 07:19:13.820364] Start sending file updates emails...
[2026-08-26 07:19:13.828198] Finish sending file updates emails.

2026-08-26 07:24:14,998 Load disk config: storage_dir=/opt/seafile/seafile-data/storage/blocks
2026-08-26 07:24:14,998 Load disk config: storage_dir=/opt/seafile/seafile-data/storage/fs
2026-08-26 07:24:14,999 Load disk config: storage_dir=/opt/seafile/seafile-data/storage/commits
[2026-08-26 07:24:17.463733] Start sending file updates emails...
[2026-08-26 07:24:17.475879] Finish sending file updates emails.

2026-08-26 07:29:18,647 Load disk config: storage_dir=/opt/seafile/seafile-data/storage/blocks
2026-08-26 07:29:18,648 Load disk config: storage_dir=/opt/seafile/seafile-data/storage/fs
2026-08-26 07:29:18,648 Load disk config: storage_dir=/opt/seafile/seafile-data/storage/commits
[2026-08-26 07:29:21.116189] Start sending file updates emails...
[2026-08-26 07:29:21.124018] Finish sending file updates emails.

2026-08-26 07:34:22,283 Load disk config: storage_dir=/opt/seafile/seafile-data/storage/blocks
2026-08-26 07:34:22,284 Load disk config: storage_dir=/opt/seafile/seafile-data/storage/fs
2026-08-26 07:34:22,284 Load disk config: storage_dir=/opt/seafile/seafile-data/storage/commits
[2026-08-26 07:34:24.752981] Start sending file updates emails...
[2026-08-26 07:34:24.760842] Finish sending file updates emails.

2026-08-26 07:39:25,687 Load disk config: storage_dir=/opt/seafile/seafile-data/storage/blocks
2026-08-26 07:39:25,688 Load disk config: storage_dir=/opt/seafile/seafile-data/storage/fs
2026-08-26 07:39:25,688 Load disk config: storage_dir=/opt/seafile/seafile-data/storage/commits
[2026-08-26 07:39:27.327203] Start sending file updates emails...
[2026-08-26 07:39:27.333034] Finish sending file updates emails.

2026-08-26 07:44:28,204 Load disk config: storage_dir=/opt/seafile/seafile-data/storage/blocks
2026-08-26 07:44:28,204 Load disk config: storage_dir=/opt/seafile/seafile-data/storage/fs
2026-08-26 07:44:28,204 Load disk config: storage_dir=/opt/seafile/seafile-data/storage/commits
[2026-08-26 07:44:29.842151] Start sending file updates emails...
[2026-08-26 07:44:29.848139] Finish sending file updates emails.

2026-08-26 07:47:01,966 starts to send email
2026-08-26 07:47:02,000 Start counting user activity info..
2026-08-26 07:47:02,017 Start counting traffic info..
2026-08-26 07:47:02,018 Traffic counter finished, total time: 0.00057220458984375 seconds.
2026-08-26 07:47:02,025 [UserActivityCounter] update 1 items.
2026-08-26 07:47:02,286 Start counting file operations..
2026-08-26 07:47:02,294 [FileOpsCounter] Finish counting file operations in 0.008017778396606445 seconds, 0 added, 0 deleted, 0 visited, 0 modified
2026-08-26 07:47:02,446 Load disk config: storage_dir=/opt/seafile/seafile-data/storage/blocks
2026-08-26 07:47:02,446 Load disk config: storage_dir=/opt/seafile/seafile-data/storage/fs
2026-08-26 07:47:02,446 Load disk config: storage_dir=/opt/seafile/seafile-data/storage/commits
2026-08-26 07:47:02,611 Start counting monthly traffic info..
2026-08-26 07:47:02,627 Monthly traffic counter finished, update 2 user items, 1 org items, total time: 0.015882492065429688 seconds.
2026-08-26 07:47:02,880 Start counting total storage..
2026-08-26 07:47:02,905 [TotalStorageCounter] Finish counting total storage in 0.024073362350463867 seconds.
2026-08-26 07:49:30,702 Load disk config: storage_dir=/opt/seafile/seafile-data/storage/blocks
2026-08-26 07:49:30,702 Load disk config: storage_dir=/opt/seafile/seafile-data/storage/fs
2026-08-26 07:49:30,702 Load disk config: storage_dir=/opt/seafile/seafile-data/storage/commits
[2026-08-26 07:49:32.360537] Start sending file updates emails...
[2026-08-26 07:49:32.366207] Finish sending file updates emails.

2026-08-26 07:54:33,581 Load disk config: storage_dir=/opt/seafile/seafile-data/storage/blocks
2026-08-26 07:54:33,581 Load disk config: storage_dir=/opt/seafile/seafile-data/storage/fs
2026-08-26 07:54:33,581 Load disk config: storage_dir=/opt/seafile/seafile-data/storage/commits
[2026-08-26 07:54:35.581755] Start sending file updates emails...
[2026-08-26 07:54:35.588471] Finish sending file updates emails.

2026-08-26 07:59:36,620 Load disk config: storage_dir=/opt/seafile/seafile-data/storage/blocks
2026-08-26 07:59:36,620 Load disk config: storage_dir=/opt/seafile/seafile-data/storage/fs
2026-08-26 07:59:36,620 Load disk config: storage_dir=/opt/seafile/seafile-data/storage/commits
[2026-08-26 07:59:38.459148] Start sending file updates emails...
[2026-08-26 07:59:38.465206] Finish sending file updates emails.

2026-08-26 08:04:39,423 Load disk config: storage_dir=/opt/seafile/seafile-data/storage/blocks
2026-08-26 08:04:39,423 Load disk config: storage_dir=/opt/seafile/seafile-data/storage/fs
2026-08-26 08:04:39,423 Load disk config: storage_dir=/opt/seafile/seafile-data/storage/commits
[2026-08-26 08:04:41.105816] Start sending file updates emails...
[2026-08-26 08:04:41.112103] Finish sending file updates emails.

2026-08-26 08:09:42,251 Load disk config: storage_dir=/opt/seafile/seafile-data/storage/blocks
2026-08-26 08:09:42,251 Load disk config: storage_dir=/opt/seafile/seafile-data/storage/fs
2026-08-26 08:09:42,252 Load disk config: storage_dir=/opt/seafile/seafile-data/storage/commits
[2026-08-26 08:09:44.760026] Start sending file updates emails...
[2026-08-26 08:09:44.771414] Finish sending file updates emails.

2026-08-26 08:14:46,102 Load disk config: storage_dir=/opt/seafile/seafile-data/storage/blocks
2026-08-26 08:14:46,103 Load disk config: storage_dir=/opt/seafile/seafile-data/storage/fs
2026-08-26 08:14:46,103 Load disk config: storage_dir=/opt/seafile/seafile-data/storage/commits
[2026-08-26 08:14:48.590969] Start sending file updates emails...
[2026-08-26 08:14:48.599881] Finish sending file updates emails.

2026-08-26 08:17:01,967 starts to send email
2026-08-26 08:17:02,720 Load disk config: storage_dir=/opt/seafile/seafile-data/storage/blocks
2026-08-26 08:17:02,721 Load disk config: storage_dir=/opt/seafile/seafile-data/storage/fs
2026-08-26 08:17:02,721 Load disk config: storage_dir=/opt/seafile/seafile-data/storage/commits
2026-08-26 08:19:49,769 Load disk config: storage_dir=/opt/seafile/seafile-data/storage/blocks
2026-08-26 08:19:49,769 Load disk config: storage_dir=/opt/seafile/seafile-data/storage/fs
2026-08-26 08:19:49,769 Load disk config: storage_dir=/opt/seafile/seafile-data/storage/commits
[2026-08-26 08:19:52.213291] Start sending file updates emails...
[2026-08-26 08:19:52.221482] Finish sending file updates emails.

2026-08-26 08:24:53,379 Load disk config: storage_dir=/opt/seafile/seafile-data/storage/blocks
2026-08-26 08:24:53,379 Load disk config: storage_dir=/opt/seafile/seafile-data/storage/fs
2026-08-26 08:24:53,379 Load disk config: storage_dir=/opt/seafile/seafile-data/storage/commits
[2026-08-26 08:24:55.848635] Start sending file updates emails...
[2026-08-26 08:24:55.857685] Finish sending file updates emails.

2026-08-26 08:29:57,013 Load disk config: storage_dir=/opt/seafile/seafile-data/storage/blocks
2026-08-26 08:29:57,014 Load disk config: storage_dir=/opt/seafile/seafile-data/storage/fs
2026-08-26 08:29:57,014 Load disk config: storage_dir=/opt/seafile/seafile-data/storage/commits
[2026-08-26 08:29:59.469568] Start sending file updates emails...
[2026-08-26 08:29:59.478519] Finish sending file updates emails.

2026-08-26 08:35:00,781 Load disk config: storage_dir=/opt/seafile/seafile-data/storage/blocks
2026-08-26 08:35:00,781 Load disk config: storage_dir=/opt/seafile/seafile-data/storage/fs
2026-08-26 08:35:00,781 Load disk config: storage_dir=/opt/seafile/seafile-data/storage/commits
[2026-08-26 08:35:03.270103] Start sending file updates emails...
[2026-08-26 08:35:03.278786] Finish sending file updates emails.

2026-08-26 08:40:04,572 Load disk config: storage_dir=/opt/seafile/seafile-data/storage/blocks
2026-08-26 08:40:04,572 Load disk config: storage_dir=/opt/seafile/seafile-data/storage/fs
2026-08-26 08:40:04,572 Load disk config: storage_dir=/opt/seafile/seafile-data/storage/commits
[2026-08-26 08:40:07.132827] Start sending file updates emails...
[2026-08-26 08:40:07.141746] Finish sending file updates emails.

2026-08-26 08:45:08,355 Load disk config: storage_dir=/opt/seafile/seafile-data/storage/blocks
2026-08-26 08:45:08,355 Load disk config: storage_dir=/opt/seafile/seafile-data/storage/fs
2026-08-26 08:45:08,355 Load disk config: storage_dir=/opt/seafile/seafile-data/storage/commits
[2026-08-26 08:45:10.818524] Start sending file updates emails...
[2026-08-26 08:45:10.827067] Finish sending file updates emails.

2026-08-26 08:47:01,968 starts to send email
2026-08-26 08:47:02,019 Start counting traffic info..
2026-08-26 08:47:02,019 Traffic counter finished, total time: 0.0005857944488525391 seconds.
2026-08-26 08:47:02,026 Start counting user activity info..
2026-08-26 08:47:02,059 [UserActivityCounter] update 1 items.
2026-08-26 08:47:02,295 Start counting file operations..
2026-08-26 08:47:02,314 [FileOpsCounter] Finish counting file operations in 0.01807379722595215 seconds, 0 added, 0 deleted, 0 visited, 0 modified
2026-08-26 08:47:02,628 Start counting monthly traffic info..
2026-08-26 08:47:02,658 Monthly traffic counter finished, update 2 user items, 1 org items, total time: 0.029812097549438477 seconds.
2026-08-26 08:47:02,699 Load disk config: storage_dir=/opt/seafile/seafile-data/storage/blocks
2026-08-26 08:47:02,700 Load disk config: storage_dir=/opt/seafile/seafile-data/storage/fs
2026-08-26 08:47:02,700 Load disk config: storage_dir=/opt/seafile/seafile-data/storage/commits
2026-08-26 08:47:02,906 Start counting total storage..
2026-08-26 08:47:02,939 [TotalStorageCounter] Finish counting total storage in 0.03231048583984375 seconds.
2026-08-26 08:50:11,993 Load disk config: storage_dir=/opt/seafile/seafile-data/storage/blocks
2026-08-26 08:50:11,993 Load disk config: storage_dir=/opt/seafile/seafile-data/storage/fs
2026-08-26 08:50:11,994 Load disk config: storage_dir=/opt/seafile/seafile-data/storage/commits
[2026-08-26 08:50:14.446252] Start sending file updates emails...
[2026-08-26 08:50:14.454919] Finish sending file updates emails.

2026-08-26 08:55:15,708 Load disk config: storage_dir=/opt/seafile/seafile-data/storage/blocks
2026-08-26 08:55:15,708 Load disk config: storage_dir=/opt/seafile/seafile-data/storage/fs
2026-08-26 08:55:15,709 Load disk config: storage_dir=/opt/seafile/seafile-data/storage/commits
[2026-08-26 08:55:18.180517] Start sending file updates emails...
[2026-08-26 08:55:18.189016] Finish sending file updates emails.

2026-08-26 09:00:19,571 Load disk config: storage_dir=/opt/seafile/seafile-data/storage/blocks
2026-08-26 09:00:19,571 Load disk config: storage_dir=/opt/seafile/seafile-data/storage/fs
2026-08-26 09:00:19,571 Load disk config: storage_dir=/opt/seafile/seafile-data/storage/commits
[2026-08-26 09:00:22.043913] Start sending file updates emails...
[2026-08-26 09:00:22.051537] Finish sending file updates emails.

2026-08-26 09:05:23,343 Load disk config: storage_dir=/opt/seafile/seafile-data/storage/blocks
2026-08-26 09:05:23,343 Load disk config: storage_dir=/opt/seafile/seafile-data/storage/fs
2026-08-26 09:05:23,343 Load disk config: storage_dir=/opt/seafile/seafile-data/storage/commits
[2026-08-26 09:05:25.886353] Start sending file updates emails...
[2026-08-26 09:05:25.894471] Finish sending file updates emails.

2026-08-26 09:10:27,217 Load disk config: storage_dir=/opt/seafile/seafile-data/storage/blocks
2026-08-26 09:10:27,217 Load disk config: storage_dir=/opt/seafile/seafile-data/storage/fs
2026-08-26 09:10:27,217 Load disk config: storage_dir=/opt/seafile/seafile-data/storage/commits
[2026-08-26 09:10:29.700964] Start sending file updates emails...
[2026-08-26 09:10:29.709626] Finish sending file updates emails.

2026-08-26 09:13:07,407 Start counting quota usage by repos, current 1 repos waiting to count
2026-08-26 09:15:30,992 Load disk config: storage_dir=/opt/seafile/seafile-data/storage/blocks
2026-08-26 09:15:30,993 Load disk config: storage_dir=/opt/seafile/seafile-data/storage/fs
2026-08-26 09:15:30,993 Load disk config: storage_dir=/opt/seafile/seafile-data/storage/commits
[2026-08-26 09:15:33.465541] Start sending file updates emails...
[2026-08-26 09:15:33.473896] Finish sending file updates emails.

2026-08-26 09:17:01,970 starts to send email
2026-08-26 09:17:02,674 Load disk config: storage_dir=/opt/seafile/seafile-data/storage/blocks
2026-08-26 09:17:02,674 Load disk config: storage_dir=/opt/seafile/seafile-data/storage/fs
2026-08-26 09:17:02,674 Load disk config: storage_dir=/opt/seafile/seafile-data/storage/commits
2026-08-26 09:20:34,787 Load disk config: storage_dir=/opt/seafile/seafile-data/storage/blocks
2026-08-26 09:20:34,787 Load disk config: storage_dir=/opt/seafile/seafile-data/storage/fs
2026-08-26 09:20:34,787 Load disk config: storage_dir=/opt/seafile/seafile-data/storage/commits
[2026-08-26 09:20:37.379998] Start sending file updates emails...
[2026-08-26 09:20:37.388485] Finish sending file updates emails.

2026-08-26 09:25:38,541 Load disk config: storage_dir=/opt/seafile/seafile-data/storage/blocks
2026-08-26 09:25:38,541 Load disk config: storage_dir=/opt/seafile/seafile-data/storage/fs
2026-08-26 09:25:38,541 Load disk config: storage_dir=/opt/seafile/seafile-data/storage/commits
[2026-08-26 09:25:41.026167] Start sending file updates emails...
[2026-08-26 09:25:41.034031] Finish sending file updates emails.

2026-08-26 09:30:42,188 Load disk config: storage_dir=/opt/seafile/seafile-data/storage/blocks
2026-08-26 09:30:42,188 Load disk config: storage_dir=/opt/seafile/seafile-data/storage/fs
2026-08-26 09:30:42,188 Load disk config: storage_dir=/opt/seafile/seafile-data/storage/commits
[2026-08-26 09:30:44.641438] Start sending file updates emails...
[2026-08-26 09:30:44.650024] Finish sending file updates emails.

2026-08-26 09:35:45,799 Load disk config: storage_dir=/opt/seafile/seafile-data/storage/blocks
2026-08-26 09:35:45,799 Load disk config: storage_dir=/opt/seafile/seafile-data/storage/fs
2026-08-26 09:35:45,799 Load disk config: storage_dir=/opt/seafile/seafile-data/storage/commits
[2026-08-26 09:35:48.253020] Start sending file updates emails...
[2026-08-26 09:35:48.262052] Finish sending file updates emails.

2026-08-26 09:40:49,505 Load disk config: storage_dir=/opt/seafile/seafile-data/storage/blocks
2026-08-26 09:40:49,506 Load disk config: storage_dir=/opt/seafile/seafile-data/storage/fs
2026-08-26 09:40:49,506 Load disk config: storage_dir=/opt/seafile/seafile-data/storage/commits
[2026-08-26 09:40:52.014038] Start sending file updates emails...
[2026-08-26 09:40:52.022840] Finish sending file updates emails.

2026-08-26 09:45:53,307 Load disk config: storage_dir=/opt/seafile/seafile-data/storage/blocks
2026-08-26 09:45:53,308 Load disk config: storage_dir=/opt/seafile/seafile-data/storage/fs
2026-08-26 09:45:53,308 Load disk config: storage_dir=/opt/seafile/seafile-data/storage/commits
[2026-08-26 09:45:55.800766] Start sending file updates emails...
[2026-08-26 09:45:55.809604] Finish sending file updates emails.

2026-08-26 09:47:01,972 starts to send email
2026-08-26 09:47:02,020 Start counting traffic info..
2026-08-26 09:47:02,060 Start counting user activity info..
2026-08-26 09:47:02,080 Traffic Counter: 2 items has been updated on 2026-08-26, time: 0.059416770935058594 seconds.
2026-08-26 09:47:02,099 [UserActivityCounter] update 2 items.
2026-08-26 09:47:02,113 Traffic counter finished, total time: 0.09265255928039551 seconds.
2026-08-26 09:47:02,315 Start counting file operations..
2026-08-26 09:47:02,329 [FileOpsCounter] Finish counting file operations in 0.01371145248413086 seconds, 0 added, 0 deleted, 0 visited, 0 modified
2026-08-26 09:47:02,659 Start counting monthly traffic info..
2026-08-26 09:47:02,701 Monthly traffic counter finished, update 3 user items, 1 org items, total time: 0.041584014892578125 seconds.
2026-08-26 09:47:02,782 Load disk config: storage_dir=/opt/seafile/seafile-data/storage/blocks
2026-08-26 09:47:02,783 Load disk config: storage_dir=/opt/seafile/seafile-data/storage/fs
2026-08-26 09:47:02,783 Load disk config: storage_dir=/opt/seafile/seafile-data/storage/commits
2026-08-26 09:47:02,941 Start counting total storage..
2026-08-26 09:47:02,967 [TotalStorageCounter] Finish counting total storage in 0.02574014663696289 seconds.
2026-08-26 09:50:57,130 Load disk config: storage_dir=/opt/seafile/seafile-data/storage/blocks
2026-08-26 09:50:57,130 Load disk config: storage_dir=/opt/seafile/seafile-data/storage/fs
2026-08-26 09:50:57,130 Load disk config: storage_dir=/opt/seafile/seafile-data/storage/commits
[2026-08-26 09:50:59.689147] Start sending file updates emails...
[2026-08-26 09:50:59.698189] Finish sending file updates emails.

2026-08-26 09:56:00,887 Load disk config: storage_dir=/opt/seafile/seafile-data/storage/blocks
2026-08-26 09:56:00,887 Load disk config: storage_dir=/opt/seafile/seafile-data/storage/fs
2026-08-26 09:56:00,888 Load disk config: storage_dir=/opt/seafile/seafile-data/storage/commits
[2026-08-26 09:56:03.433781] Start sending file updates emails...
[2026-08-26 09:56:03.442088] Finish sending file updates emails.

2026-08-26 10:01:04,650 Load disk config: storage_dir=/opt/seafile/seafile-data/storage/blocks
2026-08-26 10:01:04,651 Load disk config: storage_dir=/opt/seafile/seafile-data/storage/fs
2026-08-26 10:01:04,651 Load disk config: storage_dir=/opt/seafile/seafile-data/storage/commits
[2026-08-26 10:01:07.234978] Start sending file updates emails...
[2026-08-26 10:01:07.243684] Finish sending file updates emails.

2026-08-26 10:06:08,507 Load disk config: storage_dir=/opt/seafile/seafile-data/storage/blocks
2026-08-26 10:06:08,507 Load disk config: storage_dir=/opt/seafile/seafile-data/storage/fs
2026-08-26 10:06:08,507 Load disk config: storage_dir=/opt/seafile/seafile-data/storage/commits
[2026-08-26 10:06:11.126345] Start sending file updates emails...
[2026-08-26 10:06:11.134153] Finish sending file updates emails.

2026-08-26 10:11:12,356 Load disk config: storage_dir=/opt/seafile/seafile-data/storage/blocks
2026-08-26 10:11:12,356 Load disk config: storage_dir=/opt/seafile/seafile-data/storage/fs
2026-08-26 10:11:12,356 Load disk config: storage_dir=/opt/seafile/seafile-data/storage/commits
[2026-08-26 10:11:14.913246] Start sending file updates emails...
[2026-08-26 10:11:14.921505] Finish sending file updates emails.

2026-08-26 10:16:16,182 Load disk config: storage_dir=/opt/seafile/seafile-data/storage/blocks
2026-08-26 10:16:16,182 Load disk config: storage_dir=/opt/seafile/seafile-data/storage/fs
2026-08-26 10:16:16,182 Load disk config: storage_dir=/opt/seafile/seafile-data/storage/commits
[2026-08-26 10:16:18.701794] Start sending file updates emails...
[2026-08-26 10:16:18.709614] Finish sending file updates emails.

2026-08-26 10:17:01,974 starts to send email
2026-08-26 10:17:02,682 Load disk config: storage_dir=/opt/seafile/seafile-data/storage/blocks
2026-08-26 10:17:02,683 Load disk config: storage_dir=/opt/seafile/seafile-data/storage/fs
2026-08-26 10:17:02,683 Load disk config: storage_dir=/opt/seafile/seafile-data/storage/commits
2026-08-26 10:21:19,875 Load disk config: storage_dir=/opt/seafile/seafile-data/storage/blocks
2026-08-26 10:21:19,875 Load disk config: storage_dir=/opt/seafile/seafile-data/storage/fs
2026-08-26 10:21:19,875 Load disk config: storage_dir=/opt/seafile/seafile-data/storage/commits
[2026-08-26 10:21:22.401612] Start sending file updates emails...
[2026-08-26 10:21:22.410744] Finish sending file updates emails.

2026-08-26 10:26:23,711 Load disk config: storage_dir=/opt/seafile/seafile-data/storage/blocks
2026-08-26 10:26:23,711 Load disk config: storage_dir=/opt/seafile/seafile-data/storage/fs
2026-08-26 10:26:23,711 Load disk config: storage_dir=/opt/seafile/seafile-data/storage/commits
[2026-08-26 10:26:26.221302] Start sending file updates emails...
[2026-08-26 10:26:26.230679] Finish sending file updates emails.

2026-08-26 10:31:27,426 Load disk config: storage_dir=/opt/seafile/seafile-data/storage/blocks
2026-08-26 10:31:27,426 Load disk config: storage_dir=/opt/seafile/seafile-data/storage/fs
2026-08-26 10:31:27,426 Load disk config: storage_dir=/opt/seafile/seafile-data/storage/commits
[2026-08-26 10:31:29.899355] Start sending file updates emails...
[2026-08-26 10:31:29.907729] Finish sending file updates emails.

2026-08-26 10:36:31,194 Load disk config: storage_dir=/opt/seafile/seafile-data/storage/blocks
2026-08-26 10:36:31,195 Load disk config: storage_dir=/opt/seafile/seafile-data/storage/fs
2026-08-26 10:36:31,195 Load disk config: storage_dir=/opt/seafile/seafile-data/storage/commits
[2026-08-26 10:36:33.739499] Start sending file updates emails...
[2026-08-26 10:36:33.747552] Finish sending file updates emails.

2026-08-26 10:41:35,049 Load disk config: storage_dir=/opt/seafile/seafile-data/storage/blocks
2026-08-26 10:41:35,049 Load disk config: storage_dir=/opt/seafile/seafile-data/storage/fs
2026-08-26 10:41:35,049 Load disk config: storage_dir=/opt/seafile/seafile-data/storage/commits
[2026-08-26 10:41:37.535856] Start sending file updates emails...
[2026-08-26 10:41:37.544211] Finish sending file updates emails.

2026-08-26 10:46:38,699 Load disk config: storage_dir=/opt/seafile/seafile-data/storage/blocks
2026-08-26 10:46:38,699 Load disk config: storage_dir=/opt/seafile/seafile-data/storage/fs
2026-08-26 10:46:38,699 Load disk config: storage_dir=/opt/seafile/seafile-data/storage/commits
[2026-08-26 10:46:41.154838] Start sending file updates emails...
[2026-08-26 10:46:41.163741] Finish sending file updates emails.

2026-08-26 10:47:01,976 starts to send email
2026-08-26 10:47:02,100 Start counting user activity info..
2026-08-26 10:47:02,100 [UserActivityCounter] update 0 items.
2026-08-26 10:47:02,114 Start counting traffic info..
2026-08-26 10:47:02,115 Traffic counter finished, total time: 0.0004889965057373047 seconds.
2026-08-26 10:47:02,331 Start counting file operations..
2026-08-26 10:47:02,346 [FileOpsCounter] Finish counting file operations in 0.014254570007324219 seconds, 0 added, 0 deleted, 0 visited, 0 modified
2026-08-26 10:47:02,687 Load disk config: storage_dir=/opt/seafile/seafile-data/storage/blocks
2026-08-26 10:47:02,687 Load disk config: storage_dir=/opt/seafile/seafile-data/storage/fs
2026-08-26 10:47:02,688 Load disk config: storage_dir=/opt/seafile/seafile-data/storage/commits
2026-08-26 10:47:02,702 Start counting monthly traffic info..
2026-08-26 10:47:02,734 Monthly traffic counter finished, update 3 user items, 1 org items, total time: 0.03256845474243164 seconds.
2026-08-26 10:47:02,970 Start counting total storage..
2026-08-26 10:47:03,012 [TotalStorageCounter] Finish counting total storage in 0.04208540916442871 seconds.
2026-08-26 10:51:42,335 Load disk config: storage_dir=/opt/seafile/seafile-data/storage/blocks
2026-08-26 10:51:42,335 Load disk config: storage_dir=/opt/seafile/seafile-data/storage/fs
2026-08-26 10:51:42,335 Load disk config: storage_dir=/opt/seafile/seafile-data/storage/commits
[2026-08-26 10:51:44.278554] Start sending file updates emails...
[2026-08-26 10:51:44.284231] Finish sending file updates emails.

2026-08-26 10:56:45,226 Load disk config: storage_dir=/opt/seafile/seafile-data/storage/blocks
2026-08-26 10:56:45,226 Load disk config: storage_dir=/opt/seafile/seafile-data/storage/fs
2026-08-26 10:56:45,227 Load disk config: storage_dir=/opt/seafile/seafile-data/storage/commits
[2026-08-26 10:56:46.871806] Start sending file updates emails...
[2026-08-26 10:56:46.878266] Finish sending file updates emails.

2026-08-26 11:01:48,021 Load disk config: storage_dir=/opt/seafile/seafile-data/storage/blocks
2026-08-26 11:01:48,021 Load disk config: storage_dir=/opt/seafile/seafile-data/storage/fs
2026-08-26 11:01:48,022 Load disk config: storage_dir=/opt/seafile/seafile-data/storage/commits
[2026-08-26 11:01:50.521344] Start sending file updates emails...
[2026-08-26 11:01:50.530126] Finish sending file updates emails.

2026-08-26 11:06:51,812 Load disk config: storage_dir=/opt/seafile/seafile-data/storage/blocks
2026-08-26 11:06:51,812 Load disk config: storage_dir=/opt/seafile/seafile-data/storage/fs
2026-08-26 11:06:51,813 Load disk config: storage_dir=/opt/seafile/seafile-data/storage/commits
[2026-08-26 11:06:54.293869] Start sending file updates emails...
[2026-08-26 11:06:54.301637] Finish sending file updates emails.

2026-08-26 11:11:55,514 Load disk config: storage_dir=/opt/seafile/seafile-data/storage/blocks
2026-08-26 11:11:55,515 Load disk config: storage_dir=/opt/seafile/seafile-data/storage/fs
2026-08-26 11:11:55,515 Load disk config: storage_dir=/opt/seafile/seafile-data/storage/commits
[2026-08-26 11:11:58.062865] Start sending file updates emails...
[2026-08-26 11:11:58.071822] Finish sending file updates emails.

2026-08-26 11:16:59,238 Load disk config: storage_dir=/opt/seafile/seafile-data/storage/blocks
2026-08-26 11:16:59,238 Load disk config: storage_dir=/opt/seafile/seafile-data/storage/fs
2026-08-26 11:16:59,239 Load disk config: storage_dir=/opt/seafile/seafile-data/storage/commits
[2026-08-26 11:17:01.751360] Start sending file updates emails...
[2026-08-26 11:17:01.759214] Finish sending file updates emails.

2026-08-26 11:17:01,977 starts to send email
2026-08-26 11:17:02,812 Load disk config: storage_dir=/opt/seafile/seafile-data/storage/blocks
2026-08-26 11:17:02,813 Load disk config: storage_dir=/opt/seafile/seafile-data/storage/fs
2026-08-26 11:17:02,813 Load disk config: storage_dir=/opt/seafile/seafile-data/storage/commits
2026-08-26 11:22:03,045 Load disk config: storage_dir=/opt/seafile/seafile-data/storage/blocks
2026-08-26 11:22:03,045 Load disk config: storage_dir=/opt/seafile/seafile-data/storage/fs
2026-08-26 11:22:03,045 Load disk config: storage_dir=/opt/seafile/seafile-data/storage/commits
[2026-08-26 11:22:05.530248] Start sending file updates emails...
[2026-08-26 11:22:05.538071] Finish sending file updates emails.

2026-08-26 11:27:06,798 Load disk config: storage_dir=/opt/seafile/seafile-data/storage/blocks
2026-08-26 11:27:06,798 Load disk config: storage_dir=/opt/seafile/seafile-data/storage/fs
2026-08-26 11:27:06,798 Load disk config: storage_dir=/opt/seafile/seafile-data/storage/commits
[2026-08-26 11:27:09.268858] Start sending file updates emails...
[2026-08-26 11:27:09.277453] Finish sending file updates emails.

2026-08-26 11:32:10,574 Load disk config: storage_dir=/opt/seafile/seafile-data/storage/blocks
2026-08-26 11:32:10,574 Load disk config: storage_dir=/opt/seafile/seafile-data/storage/fs
2026-08-26 11:32:10,574 Load disk config: storage_dir=/opt/seafile/seafile-data/storage/commits
[2026-08-26 11:32:13.047563] Start sending file updates emails...
[2026-08-26 11:32:13.055915] Finish sending file updates emails.

2026-08-26 11:37:14,344 Load disk config: storage_dir=/opt/seafile/seafile-data/storage/blocks
2026-08-26 11:37:14,344 Load disk config: storage_dir=/opt/seafile/seafile-data/storage/fs
2026-08-26 11:37:14,344 Load disk config: storage_dir=/opt/seafile/seafile-data/storage/commits
[2026-08-26 11:37:16.894792] Start sending file updates emails...
[2026-08-26 11:37:16.903830] Finish sending file updates emails.

2026-08-26 11:42:18,188 Load disk config: storage_dir=/opt/seafile/seafile-data/storage/blocks
2026-08-26 11:42:18,189 Load disk config: storage_dir=/opt/seafile/seafile-data/storage/fs
2026-08-26 11:42:18,189 Load disk config: storage_dir=/opt/seafile/seafile-data/storage/commits
[2026-08-26 11:42:20.667033] Start sending file updates emails...
[2026-08-26 11:42:20.675202] Finish sending file updates emails.

2026-08-26 11:47:01,978 starts to send email
2026-08-26 11:47:02,101 Start counting user activity info..
2026-08-26 11:47:02,116 Start counting traffic info..
2026-08-26 11:47:02,117 Traffic counter finished, total time: 0.000820159912109375 seconds.
2026-08-26 11:47:02,133 [UserActivityCounter] update 1 items.
2026-08-26 11:47:02,348 Start counting file operations..
2026-08-26 11:47:02,362 [FileOpsCounter] Finish counting file operations in 0.013570308685302734 seconds, 0 added, 0 deleted, 0 visited, 0 modified
2026-08-26 11:47:02,700 Load disk config: storage_dir=/opt/seafile/seafile-data/storage/blocks
2026-08-26 11:47:02,700 Load disk config: storage_dir=/opt/seafile/seafile-data/storage/fs
2026-08-26 11:47:02,700 Load disk config: storage_dir=/opt/seafile/seafile-data/storage/commits
2026-08-26 11:47:02,736 Start counting monthly traffic info..
2026-08-26 11:47:02,775 Monthly traffic counter finished, update 3 user items, 1 org items, total time: 0.03954815864562988 seconds.
2026-08-26 11:47:03,015 Start counting total storage..
2026-08-26 11:47:03,041 [TotalStorageCounter] Finish counting total storage in 0.02559661865234375 seconds.
2026-08-26 11:47:21,837 Load disk config: storage_dir=/opt/seafile/seafile-data/storage/blocks
2026-08-26 11:47:21,837 Load disk config: storage_dir=/opt/seafile/seafile-data/storage/fs
2026-08-26 11:47:21,837 Load disk config: storage_dir=/opt/seafile/seafile-data/storage/commits
[2026-08-26 11:47:24.362912] Start sending file updates emails...
[2026-08-26 11:47:24.371298] Finish sending file updates emails.

2026-08-26 11:52:25,633 Load disk config: storage_dir=/opt/seafile/seafile-data/storage/blocks
2026-08-26 11:52:25,633 Load disk config: storage_dir=/opt/seafile/seafile-data/storage/fs
2026-08-26 11:52:25,633 Load disk config: storage_dir=/opt/seafile/seafile-data/storage/commits
[2026-08-26 11:52:28.115507] Start sending file updates emails...
[2026-08-26 11:52:28.123123] Finish sending file updates emails.

2026-08-26 11:57:29,285 Load disk config: storage_dir=/opt/seafile/seafile-data/storage/blocks
2026-08-26 11:57:29,286 Load disk config: storage_dir=/opt/seafile/seafile-data/storage/fs
2026-08-26 11:57:29,286 Load disk config: storage_dir=/opt/seafile/seafile-data/storage/commits
[2026-08-26 11:57:31.804856] Start sending file updates emails...
[2026-08-26 11:57:31.812846] Finish sending file updates emails.

2026-08-26 12:02:32,983 Load disk config: storage_dir=/opt/seafile/seafile-data/storage/blocks
2026-08-26 12:02:32,983 Load disk config: storage_dir=/opt/seafile/seafile-data/storage/fs
2026-08-26 12:02:32,983 Load disk config: storage_dir=/opt/seafile/seafile-data/storage/commits
[2026-08-26 12:02:35.464476] Start sending file updates emails...
[2026-08-26 12:02:35.472408] Finish sending file updates emails.

2026-08-26 12:07:36,647 Load disk config: storage_dir=/opt/seafile/seafile-data/storage/blocks
2026-08-26 12:07:36,647 Load disk config: storage_dir=/opt/seafile/seafile-data/storage/fs
2026-08-26 12:07:36,647 Load disk config: storage_dir=/opt/seafile/seafile-data/storage/commits
[2026-08-26 12:07:39.143770] Start sending file updates emails...
[2026-08-26 12:07:39.151581] Finish sending file updates emails.

2026-08-26 12:12:40,311 Load disk config: storage_dir=/opt/seafile/seafile-data/storage/blocks
2026-08-26 12:12:40,311 Load disk config: storage_dir=/opt/seafile/seafile-data/storage/fs
2026-08-26 12:12:40,311 Load disk config: storage_dir=/opt/seafile/seafile-data/storage/commits
[2026-08-26 12:12:42.791781] Start sending file updates emails...
[2026-08-26 12:12:42.800345] Finish sending file updates emails.

2026-08-26 12:17:01,980 starts to send email
2026-08-26 12:17:02,693 Load disk config: storage_dir=/opt/seafile/seafile-data/storage/blocks
2026-08-26 12:17:02,693 Load disk config: storage_dir=/opt/seafile/seafile-data/storage/fs
2026-08-26 12:17:02,693 Load disk config: storage_dir=/opt/seafile/seafile-data/storage/commits
2026-08-26 12:17:44,090 Load disk config: storage_dir=/opt/seafile/seafile-data/storage/blocks
2026-08-26 12:17:44,090 Load disk config: storage_dir=/opt/seafile/seafile-data/storage/fs
2026-08-26 12:17:44,090 Load disk config: storage_dir=/opt/seafile/seafile-data/storage/commits
[2026-08-26 12:17:46.624872] Start sending file updates emails...
[2026-08-26 12:17:46.634002] Finish sending file updates emails.

2026-08-26 12:22:47,945 Load disk config: storage_dir=/opt/seafile/seafile-data/storage/blocks
2026-08-26 12:22:47,945 Load disk config: storage_dir=/opt/seafile/seafile-data/storage/fs
2026-08-26 12:22:47,945 Load disk config: storage_dir=/opt/seafile/seafile-data/storage/commits
[2026-08-26 12:22:50.454238] Start sending file updates emails...
[2026-08-26 12:22:50.462362] Finish sending file updates emails.

2026-08-26 12:27:51,627 Load disk config: storage_dir=/opt/seafile/seafile-data/storage/blocks
2026-08-26 12:27:51,627 Load disk config: storage_dir=/opt/seafile/seafile-data/storage/fs
2026-08-26 12:27:51,627 Load disk config: storage_dir=/opt/seafile/seafile-data/storage/commits
[2026-08-26 12:27:54.132685] Start sending file updates emails...
[2026-08-26 12:27:54.140981] Finish sending file updates emails.

2026-08-26 12:32:55,419 Load disk config: storage_dir=/opt/seafile/seafile-data/storage/blocks
2026-08-26 12:32:55,419 Load disk config: storage_dir=/opt/seafile/seafile-data/storage/fs
2026-08-26 12:32:55,420 Load disk config: storage_dir=/opt/seafile/seafile-data/storage/commits
[2026-08-26 12:32:57.932073] Start sending file updates emails...
[2026-08-26 12:32:57.939876] Finish sending file updates emails.

2026-08-26 12:37:59,113 Load disk config: storage_dir=/opt/seafile/seafile-data/storage/blocks
2026-08-26 12:37:59,113 Load disk config: storage_dir=/opt/seafile/seafile-data/storage/fs
2026-08-26 12:37:59,113 Load disk config: storage_dir=/opt/seafile/seafile-data/storage/commits
[2026-08-26 12:38:01.662221] Start sending file updates emails...
[2026-08-26 12:38:01.671017] Finish sending file updates emails.

2026-08-26 12:43:02,868 Load disk config: storage_dir=/opt/seafile/seafile-data/storage/blocks
2026-08-26 12:43:02,869 Load disk config: storage_dir=/opt/seafile/seafile-data/storage/fs
2026-08-26 12:43:02,869 Load disk config: storage_dir=/opt/seafile/seafile-data/storage/commits
[2026-08-26 12:43:05.408944] Start sending file updates emails...
[2026-08-26 12:43:05.416606] Finish sending file updates emails.

2026-08-26 12:47:01,982 starts to send email
2026-08-26 12:47:02,117 Start counting traffic info..
2026-08-26 12:47:02,118 Traffic counter finished, total time: 0.0005147457122802734 seconds.
2026-08-26 12:47:02,134 Start counting user activity info..
2026-08-26 12:47:02,135 [UserActivityCounter] update 0 items.
2026-08-26 12:47:02,363 Start counting file operations..
2026-08-26 12:47:02,378 [FileOpsCounter] Finish counting file operations in 0.014003276824951172 seconds, 0 added, 0 deleted, 0 visited, 0 modified
2026-08-26 12:47:02,698 Load disk config: storage_dir=/opt/seafile/seafile-data/storage/blocks
2026-08-26 12:47:02,698 Load disk config: storage_dir=/opt/seafile/seafile-data/storage/fs
2026-08-26 12:47:02,698 Load disk config: storage_dir=/opt/seafile/seafile-data/storage/commits
2026-08-26 12:47:02,777 Start counting monthly traffic info..
2026-08-26 12:47:02,813 Monthly traffic counter finished, update 3 user items, 1 org items, total time: 0.036057233810424805 seconds.
2026-08-26 12:47:03,043 Start counting total storage..
2026-08-26 12:47:03,073 [TotalStorageCounter] Finish counting total storage in 0.0293428897857666 seconds.
2026-08-26 12:48:06,682 Load disk config: storage_dir=/opt/seafile/seafile-data/storage/blocks
2026-08-26 12:48:06,682 Load disk config: storage_dir=/opt/seafile/seafile-data/storage/fs
2026-08-26 12:48:06,682 Load disk config: storage_dir=/opt/seafile/seafile-data/storage/commits
[2026-08-26 12:48:09.244623] Start sending file updates emails...
[2026-08-26 12:48:09.252827] Finish sending file updates emails.

2026-08-26 12:53:10,543 Load disk config: storage_dir=/opt/seafile/seafile-data/storage/blocks
2026-08-26 12:53:10,543 Load disk config: storage_dir=/opt/seafile/seafile-data/storage/fs
2026-08-26 12:53:10,543 Load disk config: storage_dir=/opt/seafile/seafile-data/storage/commits
[2026-08-26 12:53:13.039831] Start sending file updates emails...
[2026-08-26 12:53:13.048063] Finish sending file updates emails.

2026-08-26 12:56:03,628 Failed to collect repo change information: Error 111 connecting to redis:6379. Connection refused.
2026-08-26 12:56:03,724 Failed handle metrics: Error 111 connecting to redis:6379. Connection refused.
2026-08-26 12:56:03,725 redis pubsub failed. connection failed: Error 111 connecting to redis:6379. Connection refused.
Exception in thread Thread-15:
Traceback (most recent call last):
  File "/opt/seafile/seafile-server-13.0.25/seahub/thirdpart/redis/retry.py", line 87, in call_with_retry
    return do()
           ^^^^
  File "/opt/seafile/seafile-server-13.0.25/seahub/thirdpart/redis/client.py", line 919, in <lambda>
    lambda: command(*args, **kwargs),
            ^^^^^^^^^^^^^^^^^^^^^^^^
  File "/opt/seafile/seafile-server-13.0.25/seahub/thirdpart/redis/client.py", line 936, in try_read
    if not conn.can_read(timeout=timeout):
           ^^^^^^^^^^^^^^^^^^^^^^^^^^^^^^
  File "/opt/seafile/seafile-server-13.0.25/seahub/thirdpart/redis/connection.py", line 622, in can_read
    return self._parser.can_read(timeout)
           ^^^^^^^^^^^^^^^^^^^^^^^^^^^^^^
  File "/opt/seafile/seafile-server-13.0.25/seahub/thirdpart/redis/_parsers/base.py", line 140, in can_read
    return self._buffer and self._buffer.can_read(timeout)
                            ^^^^^^^^^^^^^^^^^^^^^^^^^^^^^^
  File "/opt/seafile/seafile-server-13.0.25/seahub/thirdpart/redis/_parsers/socket.py", line 95, in can_read
    return bool(self.unread_bytes()) or self._read_from_socket(
                                        ^^^^^^^^^^^^^^^^^^^^^^^
  File "/opt/seafile/seafile-server-13.0.25/seahub/thirdpart/redis/_parsers/socket.py", line 68, in _read_from_socket
    raise ConnectionError(SERVER_CLOSED_CONNECTION_ERROR)
redis.exceptions.ConnectionError: Connection closed by server.

During handling of the above exception, another exception occurred:

Traceback (most recent call last):
  File "/opt/seafile/seafile-server-13.0.25/seahub/thirdpart/redis/connection.py", line 385, in connect_check_health
    sock = self.retry.call_with_retry(
           ^^^^^^^^^^^^^^^^^^^^^^^^^^^
  File "/opt/seafile/seafile-server-13.0.25/seahub/thirdpart/redis/retry.py", line 87, in call_with_retry
    return do()
           ^^^^
  File "/opt/seafile/seafile-server-13.0.25/seahub/thirdpart/redis/connection.py", line 386, in <lambda>
    lambda: self._connect(), lambda error: self.disconnect(error)
            ^^^^^^^^^^^^^^^
  File "/opt/seafile/seafile-server-13.0.25/seahub/thirdpart/redis/connection.py", line 797, in _connect
    raise err
  File "/opt/seafile/seafile-server-13.0.25/seahub/thirdpart/redis/connection.py", line 781, in _connect
    sock.connect(socket_address)
ConnectionRefusedError: [Errno 111] Connection refused

During handling of the above exception, another exception occurred:

Traceback (most recent call last):
  File "/opt/seafile/seafile-server-13.0.25/pro/python/seafevents/events/metrics.py", line 57, in run
    message = subscriber.get_message()
              ^^^^^^^^^^^^^^^^^^^^^^^^
  File "/opt/seafile/seafile-server-13.0.25/seahub/thirdpart/redis/client.py", line 1131, in get_message
    response = self.parse_response(block=(timeout is None), timeout=timeout)
               ^^^^^^^^^^^^^^^^^^^^^^^^^^^^^^^^^^^^^^^^^^^^^^^^^^^^^^^^^^^^^
  File "/opt/seafile/seafile-server-13.0.25/seahub/thirdpart/redis/client.py", line 942, in parse_response
    response = self._execute(conn, try_read)
               ^^^^^^^^^^^^^^^^^^^^^^^^^^^^^
  File "/opt/seafile/seafile-server-13.0.25/seahub/thirdpart/redis/client.py", line 918, in _execute
    return conn.retry.call_with_retry(
           ^^^^^^^^^^^^^^^^^^^^^^^^^^^
  File "/opt/seafile/seafile-server-13.0.25/seahub/thirdpart/redis/retry.py", line 90, in call_with_retry
    fail(error)
  File "/opt/seafile/seafile-server-13.0.25/seahub/thirdpart/redis/client.py", line 920, in <lambda>
    lambda _: self._reconnect(conn),
              ^^^^^^^^^^^^^^^^^^^^^
  File "/opt/seafile/seafile-server-13.0.25/seahub/thirdpart/redis/client.py", line 908, in _reconnect
    conn.connect()
  File "/opt/seafile/seafile-server-13.0.25/seahub/thirdpart/redis/connection.py", line 379, in connect
    self.connect_check_health(check_health=True)
  File "/opt/seafile/seafile-server-13.0.25/seahub/thirdpart/redis/connection.py", line 391, in connect_check_health
    raise ConnectionError(self._error_message(e))
redis.exceptions.ConnectionError: Error 111 connecting to redis:6379. Connection refused.

During handling of the above exception, another exception occurred:

Traceback (most recent call last):
  File "/opt/seafile/seafile-server-13.0.25/seahub/thirdpart/redis/connection.py", line 385, in connect_check_health
    sock = self.retry.call_with_retry(
           ^^^^^^^^^^^^^^^^^^^^^^^^^^^
  File "/opt/seafile/seafile-server-13.0.25/seahub/thirdpart/redis/retry.py", line 87, in call_with_retry
    return do()
           ^^^^
  File "/opt/seafile/seafile-server-13.0.25/seahub/thirdpart/redis/connection.py", line 386, in <lambda>
    lambda: self._connect(), lambda error: self.disconnect(error)
            ^^^^^^^^^^^^^^^
  File "/opt/seafile/seafile-server-13.0.25/seahub/thirdpart/redis/connection.py", line 797, in _connect
    raise err
  File "/opt/seafile/seafile-server-13.0.25/seahub/thirdpart/redis/connection.py", line 781, in _connect
    sock.connect(socket_address)
ConnectionRefusedError: [Errno 111] Connection refused

During handling of the above exception, another exception occurred:

Traceback (most recent call last):
  File "/usr/lib/python3.12/threading.py", line 1073, in _bootstrap_inner
    self.run()
  File "/opt/seafile/seafile-server-13.0.25/pro/python/seafevents/events/metrics.py", line 81, in run
    subscriber = self._redis_client.get_subscriber(METRIC_CHANNEL_NAME)
                 ^^^^^^^^^^^^^^^^^^^^^^^^^^^^^^^^^^^^^^^^^^^^^^^^^^^^^^
  File "/opt/seafile/seafile-server-13.0.25/pro/python/seafevents/app/event_redis.py", line 66, in get_subscriber
    raise e
  File "/opt/seafile/seafile-server-13.0.25/pro/python/seafevents/app/event_redis.py", line 60, in get_subscriber
    subscriber.subscribe(channel_name)
  File "/opt/seafile/seafile-server-13.0.25/seahub/thirdpart/redis/client.py", line 1034, in subscribe
    ret_val = self.execute_command("SUBSCRIBE", *new_channels.keys())
              ^^^^^^^^^^^^^^^^^^^^^^^^^^^^^^^^^^^^^^^^^^^^^^^^^^^^^^^
  File "/opt/seafile/seafile-server-13.0.25/seahub/thirdpart/redis/client.py", line 864, in execute_command
    self.connection = self.connection_pool.get_connection()
                      ^^^^^^^^^^^^^^^^^^^^^^^^^^^^^^^^^^^^^
  File "/opt/seafile/seafile-server-13.0.25/seahub/thirdpart/redis/utils.py", line 191, in wrapper
    return func(*args, **kwargs)
           ^^^^^^^^^^^^^^^^^^^^^
  File "/opt/seafile/seafile-server-13.0.25/seahub/thirdpart/redis/connection.py", line 1530, in get_connection
    connection.connect()
  File "/opt/seafile/seafile-server-13.0.25/seahub/thirdpart/redis/connection.py", line 379, in connect
    self.connect_check_health(check_health=True)
  File "/opt/seafile/seafile-server-13.0.25/seahub/thirdpart/redis/connection.py", line 391, in connect_check_health
    raise ConnectionError(self._error_message(e))
redis.exceptions.ConnectionError: Error 111 connecting to redis:6379. Connection refused.
[2026-08-26 12:56:08] Start Monitor 
[2026-08-26 12:56:08] Start fileserver 
[2026-08-26 12:56:09] Start seafevents.main 
2026-08-26 12:56:10,415 Load disk config: storage_dir=/opt/seafile/seafile-data/storage/blocks
2026-08-26 12:56:10,416 Load disk config: storage_dir=/opt/seafile/seafile-data/storage/fs
2026-08-26 12:56:10,416 Load disk config: storage_dir=/opt/seafile/seafile-data/storage/commits
2026-08-26 12:56:11,205 LDAP is not set, disable ldap sync.
2026-08-26 12:56:11,205 [virus_scan] scan_command option is not found in seafile.conf, disable virus scan.
2026-08-26 12:56:11,206 Subscribe to channels: {'seahub.stats', 'seaf_server.stats', 'seaf_server.event'}
2026-08-26 12:56:11,207 Start counting user activity info..
2026-08-26 12:56:11,208 [UserActivityCounter] update 0 items.
2026-08-26 12:56:11,208 Start counting traffic info..
2026-08-26 12:56:11,209 Start file updates sender, interval = 300 sec
2026-08-26 12:56:11,209 Traffic counter finished, total time: 0.0010404586791992188 seconds.
2026-08-26 12:56:11,210 Can not start work weixin notice sender: it is not enabled!
2026-08-26 12:56:11,210 Can not start index updater: it is not enabled!
2026-08-26 12:56:11,210 seahub email sender is started, interval = 1800 sec
2026-08-26 12:56:11,211 Can not start ldap syncer: it is not enabled!
2026-08-26 12:56:11,211 Can not start virus scanner: it is not enabled!
2026-08-26 12:56:11,211 Start data statistics..
2026-08-26 12:56:11,212 Can not start content scanner: it is not enabled!
2026-08-26 12:56:11,213 Start counting total storage..
2026-08-26 12:56:11,213 Can not scan repo old files auto del days: it is not enabled!
2026-08-26 12:56:11,214 Start counting file operations..
2026-08-26 12:56:11,216 Serving on http://127.0.0.1:8889
2026-08-26 12:56:11,217 Start counting monthly traffic info..
2026-08-26 12:56:11,220 Start metric collect, interval = 15 sec
2026-08-26 12:56:11,221 Starting metric handler
2026-08-26 12:56:11,222 Starting handle redis channel
2026-08-26 12:56:11,223 Can not start seasearch file index updater: it is not enabled!
2026-08-26 12:56:11,223 Can not start seasearch wiki index updater: it is not enabled!
2026-08-26 12:56:11,224 Can not start wiki index updater: it is not enabled!
2026-08-26 12:56:11,224 Starting quota usage saver timer, interval = 30 sec
2026-08-26 12:56:11,225 Starting repo change collector
2026-08-26 12:56:11,242 Starting handle redis channel
2026-08-26 12:56:11,243 seahub quota alert email sender is started, interval = 86400 sec
2026-08-26 12:56:11,270 [FileOpsCounter] Finish counting file operations in 0.052587270736694336 seconds, 0 added, 0 deleted, 0 visited, 0 modified
2026-08-26 12:56:11,284 [TotalStorageCounter] Finish counting total storage in 0.06954145431518555 seconds.
2026-08-26 12:56:11,287 Monthly traffic counter finished, update 3 user items, 1 org items, total time: 0.0707559585571289 seconds.
2026-08-26 12:56:23,517 Failed to collect repo change information: Error 111 connecting to redis:6379. Connection refused.
2026-08-26 12:56:23,736 Failed handle metrics: Error -3 connecting to redis:6379. Temporary failure in name resolution.
2026-08-26 12:56:23,738 redis pubsub failed. connection failed: Error -3 connecting to redis:6379. Temporary failure in name resolution.
Exception in thread Thread-15:
Traceback (most recent call last):
  File "/opt/seafile/seafile-server-13.0.25/seahub/thirdpart/redis/retry.py", line 87, in call_with_retry
    return do()
           ^^^^
  File "/opt/seafile/seafile-server-13.0.25/seahub/thirdpart/redis/client.py", line 919, in <lambda>
    lambda: command(*args, **kwargs),
            ^^^^^^^^^^^^^^^^^^^^^^^^
  File "/opt/seafile/seafile-server-13.0.25/seahub/thirdpart/redis/client.py", line 936, in try_read
    if not conn.can_read(timeout=timeout):
           ^^^^^^^^^^^^^^^^^^^^^^^^^^^^^^
  File "/opt/seafile/seafile-server-13.0.25/seahub/thirdpart/redis/connection.py", line 622, in can_read
    return self._parser.can_read(timeout)
           ^^^^^^^^^^^^^^^^^^^^^^^^^^^^^^
  File "/opt/seafile/seafile-server-13.0.25/seahub/thirdpart/redis/_parsers/base.py", line 140, in can_read
    return self._buffer and self._buffer.can_read(timeout)
                            ^^^^^^^^^^^^^^^^^^^^^^^^^^^^^^
  File "/opt/seafile/seafile-server-13.0.25/seahub/thirdpart/redis/_parsers/socket.py", line 95, in can_read
    return bool(self.unread_bytes()) or self._read_from_socket(
                                        ^^^^^^^^^^^^^^^^^^^^^^^
  File "/opt/seafile/seafile-server-13.0.25/seahub/thirdpart/redis/_parsers/socket.py", line 68, in _read_from_socket
    raise ConnectionError(SERVER_CLOSED_CONNECTION_ERROR)
redis.exceptions.ConnectionError: Connection closed by server.

During handling of the above exception, another exception occurred:

Traceback (most recent call last):
  File "/opt/seafile/seafile-server-13.0.25/seahub/thirdpart/redis/connection.py", line 385, in connect_check_health
    sock = self.retry.call_with_retry(
           ^^^^^^^^^^^^^^^^^^^^^^^^^^^
  File "/opt/seafile/seafile-server-13.0.25/seahub/thirdpart/redis/retry.py", line 87, in call_with_retry
    return do()
           ^^^^
  File "/opt/seafile/seafile-server-13.0.25/seahub/thirdpart/redis/connection.py", line 386, in <lambda>
    lambda: self._connect(), lambda error: self.disconnect(error)
            ^^^^^^^^^^^^^^^
  File "/opt/seafile/seafile-server-13.0.25/seahub/thirdpart/redis/connection.py", line 761, in _connect
    for res in socket.getaddrinfo(
               ^^^^^^^^^^^^^^^^^^^
  File "/usr/lib/python3.12/socket.py", line 963, in getaddrinfo
    for res in _socket.getaddrinfo(host, port, family, type, proto, flags):
               ^^^^^^^^^^^^^^^^^^^^^^^^^^^^^^^^^^^^^^^^^^^^^^^^^^^^^^^^^^^
socket.gaierror: [Errno -3] Temporary failure in name resolution

During handling of the above exception, another exception occurred:

Traceback (most recent call last):
  File "/opt/seafile/seafile-server-13.0.25/pro/python/seafevents/events/metrics.py", line 57, in run
    message = subscriber.get_message()
              ^^^^^^^^^^^^^^^^^^^^^^^^
  File "/opt/seafile/seafile-server-13.0.25/seahub/thirdpart/redis/client.py", line 1131, in get_message
    response = self.parse_response(block=(timeout is None), timeout=timeout)
               ^^^^^^^^^^^^^^^^^^^^^^^^^^^^^^^^^^^^^^^^^^^^^^^^^^^^^^^^^^^^^
  File "/opt/seafile/seafile-server-13.0.25/seahub/thirdpart/redis/client.py", line 942, in parse_response
    response = self._execute(conn, try_read)
               ^^^^^^^^^^^^^^^^^^^^^^^^^^^^^
  File "/opt/seafile/seafile-server-13.0.25/seahub/thirdpart/redis/client.py", line 918, in _execute
    return conn.retry.call_with_retry(
           ^^^^^^^^^^^^^^^^^^^^^^^^^^^
  File "/opt/seafile/seafile-server-13.0.25/seahub/thirdpart/redis/retry.py", line 90, in call_with_retry
    fail(error)
  File "/opt/seafile/seafile-server-13.0.25/seahub/thirdpart/redis/client.py", line 920, in <lambda>
    lambda _: self._reconnect(conn),
              ^^^^^^^^^^^^^^^^^^^^^
  File "/opt/seafile/seafile-server-13.0.25/seahub/thirdpart/redis/client.py", line 908, in _reconnect
    conn.connect()
  File "/opt/seafile/seafile-server-13.0.25/seahub/thirdpart/redis/connection.py", line 379, in connect
    self.connect_check_health(check_health=True)
  File "/opt/seafile/seafile-server-13.0.25/seahub/thirdpart/redis/connection.py", line 391, in connect_check_health
    raise ConnectionError(self._error_message(e))
redis.exceptions.ConnectionError: Error -3 connecting to redis:6379. Temporary failure in name resolution.

During handling of the above exception, another exception occurred:

Traceback (most recent call last):
  File "/opt/seafile/seafile-server-13.0.25/seahub/thirdpart/redis/connection.py", line 385, in connect_check_health
    sock = self.retry.call_with_retry(
           ^^^^^^^^^^^^^^^^^^^^^^^^^^^
  File "/opt/seafile/seafile-server-13.0.25/seahub/thirdpart/redis/retry.py", line 87, in call_with_retry
    return do()
           ^^^^
  File "/opt/seafile/seafile-server-13.0.25/seahub/thirdpart/redis/connection.py", line 386, in <lambda>
    lambda: self._connect(), lambda error: self.disconnect(error)
            ^^^^^^^^^^^^^^^
  File "/opt/seafile/seafile-server-13.0.25/seahub/thirdpart/redis/connection.py", line 761, in _connect
    for res in socket.getaddrinfo(
               ^^^^^^^^^^^^^^^^^^^
  File "/usr/lib/python3.12/socket.py", line 963, in getaddrinfo
    for res in _socket.getaddrinfo(host, port, family, type, proto, flags):
               ^^^^^^^^^^^^^^^^^^^^^^^^^^^^^^^^^^^^^^^^^^^^^^^^^^^^^^^^^^^
socket.gaierror: [Errno -3] Temporary failure in name resolution

During handling of the above exception, another exception occurred:

Traceback (most recent call last):
  File "/usr/lib/python3.12/threading.py", line 1073, in _bootstrap_inner
    self.run()
  File "/opt/seafile/seafile-server-13.0.25/pro/python/seafevents/events/metrics.py", line 81, in run
    subscriber = self._redis_client.get_subscriber(METRIC_CHANNEL_NAME)
                 ^^^^^^^^^^^^^^^^^^^^^^^^^^^^^^^^^^^^^^^^^^^^^^^^^^^^^^
  File "/opt/seafile/seafile-server-13.0.25/pro/python/seafevents/app/event_redis.py", line 66, in get_subscriber
    raise e
  File "/opt/seafile/seafile-server-13.0.25/pro/python/seafevents/app/event_redis.py", line 60, in get_subscriber
    subscriber.subscribe(channel_name)
  File "/opt/seafile/seafile-server-13.0.25/seahub/thirdpart/redis/client.py", line 1034, in subscribe
    ret_val = self.execute_command("SUBSCRIBE", *new_channels.keys())
              ^^^^^^^^^^^^^^^^^^^^^^^^^^^^^^^^^^^^^^^^^^^^^^^^^^^^^^^
  File "/opt/seafile/seafile-server-13.0.25/seahub/thirdpart/redis/client.py", line 864, in execute_command
    self.connection = self.connection_pool.get_connection()
                      ^^^^^^^^^^^^^^^^^^^^^^^^^^^^^^^^^^^^^
  File "/opt/seafile/seafile-server-13.0.25/seahub/thirdpart/redis/utils.py", line 191, in wrapper
    return func(*args, **kwargs)
           ^^^^^^^^^^^^^^^^^^^^^
  File "/opt/seafile/seafile-server-13.0.25/seahub/thirdpart/redis/connection.py", line 1530, in get_connection
    connection.connect()
  File "/opt/seafile/seafile-server-13.0.25/seahub/thirdpart/redis/connection.py", line 379, in connect
    self.connect_check_health(check_health=True)
  File "/opt/seafile/seafile-server-13.0.25/seahub/thirdpart/redis/connection.py", line 391, in connect_check_health
    raise ConnectionError(self._error_message(e))
redis.exceptions.ConnectionError: Error -3 connecting to redis:6379. Temporary failure in name resolution.
[2026-08-26 12:56:28] Start Monitor 
[2026-08-26 12:56:28] Start fileserver 
[2026-08-26 12:56:29] Start seafevents.main 
2026-08-26 12:56:29,890 Load disk config: storage_dir=/opt/seafile/seafile-data/storage/blocks
2026-08-26 12:56:29,891 Load disk config: storage_dir=/opt/seafile/seafile-data/storage/fs
2026-08-26 12:56:29,891 Load disk config: storage_dir=/opt/seafile/seafile-data/storage/commits
2026-08-26 12:56:30,700 LDAP is not set, disable ldap sync.
2026-08-26 12:56:30,700 [virus_scan] scan_command option is not found in seafile.conf, disable virus scan.
2026-08-26 12:56:30,701 Subscribe to channels: {'seahub.stats', 'seaf_server.event', 'seaf_server.stats'}
2026-08-26 12:56:30,703 Start counting user activity info..
2026-08-26 12:56:30,703 [UserActivityCounter] update 0 items.
2026-08-26 12:56:30,704 Start counting traffic info..
2026-08-26 12:56:30,704 Traffic counter finished, total time: 0.0006284713745117188 seconds.
2026-08-26 12:56:30,705 Start file updates sender, interval = 300 sec
2026-08-26 12:56:30,705 Can not start work weixin notice sender: it is not enabled!
2026-08-26 12:56:30,706 Can not start index updater: it is not enabled!
2026-08-26 12:56:30,706 seahub email sender is started, interval = 1800 sec
2026-08-26 12:56:30,706 Can not start ldap syncer: it is not enabled!
2026-08-26 12:56:30,706 Serving on http://127.0.0.1:8889
2026-08-26 12:56:30,706 Can not start virus scanner: it is not enabled!
2026-08-26 12:56:30,707 Start data statistics..
2026-08-26 12:56:30,707 Can not start content scanner: it is not enabled!
2026-08-26 12:56:30,707 Can not scan repo old files auto del days: it is not enabled!
2026-08-26 12:56:30,708 Start counting total storage..
2026-08-26 12:56:30,710 Start counting file operations..
2026-08-26 12:56:30,710 Start metric collect, interval = 15 sec
2026-08-26 12:56:30,710 Start counting monthly traffic info..
2026-08-26 12:56:30,714 Starting metric handler
2026-08-26 12:56:30,715 Starting handle redis channel
2026-08-26 12:56:30,715 Can not start seasearch file index updater: it is not enabled!
2026-08-26 12:56:30,717 Can not start seasearch wiki index updater: it is not enabled!
2026-08-26 12:56:30,717 Can not start wiki index updater: it is not enabled!
2026-08-26 12:56:30,717 Starting quota usage saver timer, interval = 30 sec
2026-08-26 12:56:30,718 Starting repo change collector
2026-08-26 12:56:30,740 Starting handle redis channel
2026-08-26 12:56:30,741 seahub quota alert email sender is started, interval = 86400 sec
2026-08-26 12:56:30,764 [FileOpsCounter] Finish counting file operations in 0.053818702697753906 seconds, 0 added, 0 deleted, 0 visited, 0 modified
2026-08-26 12:56:30,771 [TotalStorageCounter] Finish counting total storage in 0.062463998794555664 seconds.
2026-08-26 12:56:30,778 Monthly traffic counter finished, update 3 user items, 1 org items, total time: 0.06789755821228027 seconds.
2026-08-26 13:01:31,174 Load disk config: storage_dir=/opt/seafile/seafile-data/storage/blocks
2026-08-26 13:01:31,174 Load disk config: storage_dir=/opt/seafile/seafile-data/storage/fs
2026-08-26 13:01:31,174 Load disk config: storage_dir=/opt/seafile/seafile-data/storage/commits
[2026-08-26 13:01:32.810781] Start sending file updates emails...
[2026-08-26 13:01:32.817784] Finish sending file updates emails.

2026-08-26 13:06:33,920 Load disk config: storage_dir=/opt/seafile/seafile-data/storage/blocks
2026-08-26 13:06:33,920 Load disk config: storage_dir=/opt/seafile/seafile-data/storage/fs
2026-08-26 13:06:33,921 Load disk config: storage_dir=/opt/seafile/seafile-data/storage/commits
[2026-08-26 13:06:36.442127] Start sending file updates emails...
[2026-08-26 13:06:36.450973] Finish sending file updates emails.

2026-08-26 13:11:37,619 Load disk config: storage_dir=/opt/seafile/seafile-data/storage/blocks
2026-08-26 13:11:37,620 Load disk config: storage_dir=/opt/seafile/seafile-data/storage/fs
2026-08-26 13:11:37,620 Load disk config: storage_dir=/opt/seafile/seafile-data/storage/commits
[2026-08-26 13:11:40.078514] Start sending file updates emails...
[2026-08-26 13:11:40.086283] Finish sending file updates emails.

2026-08-26 13:16:41,239 Load disk config: storage_dir=/opt/seafile/seafile-data/storage/blocks
2026-08-26 13:16:41,239 Load disk config: storage_dir=/opt/seafile/seafile-data/storage/fs
2026-08-26 13:16:41,239 Load disk config: storage_dir=/opt/seafile/seafile-data/storage/commits
[2026-08-26 13:16:43.701898] Start sending file updates emails...
[2026-08-26 13:16:43.709702] Finish sending file updates emails.

2026-08-26 13:21:44,768 Load disk config: storage_dir=/opt/seafile/seafile-data/storage/blocks
2026-08-26 13:21:44,769 Load disk config: storage_dir=/opt/seafile/seafile-data/storage/fs
2026-08-26 13:21:44,769 Load disk config: storage_dir=/opt/seafile/seafile-data/storage/commits
[2026-08-26 13:21:46.398525] Start sending file updates emails...
[2026-08-26 13:21:46.404830] Finish sending file updates emails.

2026-08-26 13:26:30,706 starts to send email
2026-08-26 13:26:31,180 Load disk config: storage_dir=/opt/seafile/seafile-data/storage/blocks
2026-08-26 13:26:31,180 Load disk config: storage_dir=/opt/seafile/seafile-data/storage/fs
2026-08-26 13:26:31,180 Load disk config: storage_dir=/opt/seafile/seafile-data/storage/commits
2026-08-26 13:26:47,316 Load disk config: storage_dir=/opt/seafile/seafile-data/storage/blocks
2026-08-26 13:26:47,316 Load disk config: storage_dir=/opt/seafile/seafile-data/storage/fs
2026-08-26 13:26:47,316 Load disk config: storage_dir=/opt/seafile/seafile-data/storage/commits
[2026-08-26 13:26:48.975889] Start sending file updates emails...
[2026-08-26 13:26:48.982151] Finish sending file updates emails.

2026-08-26 13:31:49,898 Load disk config: storage_dir=/opt/seafile/seafile-data/storage/blocks
2026-08-26 13:31:49,899 Load disk config: storage_dir=/opt/seafile/seafile-data/storage/fs
2026-08-26 13:31:49,899 Load disk config: storage_dir=/opt/seafile/seafile-data/storage/commits
[2026-08-26 13:31:51.565775] Start sending file updates emails...
[2026-08-26 13:31:51.571234] Finish sending file updates emails.

2026-08-26 13:36:52,721 Load disk config: storage_dir=/opt/seafile/seafile-data/storage/blocks
2026-08-26 13:36:52,721 Load disk config: storage_dir=/opt/seafile/seafile-data/storage/fs
2026-08-26 13:36:52,722 Load disk config: storage_dir=/opt/seafile/seafile-data/storage/commits
[2026-08-26 13:36:55.235486] Start sending file updates emails...
[2026-08-26 13:36:55.243947] Finish sending file updates emails.

[2026-09-02 07:26:34] Start Monitor 
[2026-09-02 07:26:34] Start fileserver 
[2026-09-02 07:26:35] Start seafevents.main 
2026-09-02 07:26:36,355 Load disk config: storage_dir=/opt/seafile/seafile-data/storage/blocks
2026-09-02 07:26:36,355 Load disk config: storage_dir=/opt/seafile/seafile-data/storage/fs
2026-09-02 07:26:36,355 Load disk config: storage_dir=/opt/seafile/seafile-data/storage/commits
2026-09-02 07:26:38,832 LDAP is not set, disable ldap sync.
2026-09-02 07:26:38,832 [virus_scan] scan_command option is not found in seafile.conf, disable virus scan.
2026-09-02 07:26:38,832 Subscribe to channels: {'seaf_server.stats', 'seahub.stats', 'seaf_server.event'}
2026-09-02 07:26:38,834 Start counting user activity info..
2026-09-02 07:26:38,835 Start counting traffic info..
2026-09-02 07:26:38,835 [UserActivityCounter] update 0 items.
2026-09-02 07:26:38,835 Start file updates sender, interval = 300 sec
2026-09-02 07:26:38,836 Traffic counter finished, total time: 0.001294851303100586 seconds.
2026-09-02 07:26:38,837 Can not start work weixin notice sender: it is not enabled!
2026-09-02 07:26:38,837 Can not start index updater: it is not enabled!
2026-09-02 07:26:38,837 seahub email sender is started, interval = 1800 sec
2026-09-02 07:26:38,837 Can not start ldap syncer: it is not enabled!
2026-09-02 07:26:38,837 Can not start virus scanner: it is not enabled!
2026-09-02 07:26:38,838 Serving on http://127.0.0.1:8889
2026-09-02 07:26:38,838 Start data statistics..
2026-09-02 07:26:38,838 Can not start content scanner: it is not enabled!
2026-09-02 07:26:38,838 Can not scan repo old files auto del days: it is not enabled!
2026-09-02 07:26:38,839 Start counting total storage..
2026-09-02 07:26:38,840 Start metric collect, interval = 15 sec
2026-09-02 07:26:38,841 Start counting file operations..
2026-09-02 07:26:38,841 Starting metric handler
2026-09-02 07:26:38,842 Start counting monthly traffic info..
2026-09-02 07:26:38,844 Starting handle redis channel
2026-09-02 07:26:38,844 Can not start seasearch file index updater: it is not enabled!
2026-09-02 07:26:38,846 Can not start seasearch wiki index updater: it is not enabled!
2026-09-02 07:26:38,847 Can not start wiki index updater: it is not enabled!
2026-09-02 07:26:38,847 Starting quota usage saver timer, interval = 30 sec
2026-09-02 07:26:38,848 Starting repo change collector
2026-09-02 07:26:38,885 Starting handle redis channel
2026-09-02 07:26:38,886 seahub quota alert email sender is started, interval = 86400 sec
2026-09-02 07:26:38,893 [FileOpsCounter] Finish counting file operations in 0.051552772521972656 seconds, 0 added, 0 deleted, 0 visited, 0 modified
2026-09-02 07:26:38,894 Monthly traffic counter finished, update 0 user items, 0 org items, total time: 0.05202913284301758 seconds.
2026-09-02 07:26:38,907 [TotalStorageCounter] Finish counting total storage in 0.06800723075866699 seconds.
2026-09-02 07:31:39,326 Load disk config: storage_dir=/opt/seafile/seafile-data/storage/blocks
2026-09-02 07:31:39,326 Load disk config: storage_dir=/opt/seafile/seafile-data/storage/fs
2026-09-02 07:31:39,326 Load disk config: storage_dir=/opt/seafile/seafile-data/storage/commits
[2026-09-02 07:31:41.057487] Start sending file updates emails...
[2026-09-02 07:31:41.063031] Finish sending file updates emails.

2026-09-02 07:33:38,887 Start counting quota usage by repos, current 1 repos waiting to count
2026-09-02 07:36:41,932 Load disk config: storage_dir=/opt/seafile/seafile-data/storage/blocks
2026-09-02 07:36:41,932 Load disk config: storage_dir=/opt/seafile/seafile-data/storage/fs
2026-09-02 07:36:41,933 Load disk config: storage_dir=/opt/seafile/seafile-data/storage/commits
[2026-09-02 07:36:43.551504] Start sending file updates emails...
[2026-09-02 07:36:43.557315] Finish sending file updates emails.

2026-09-02 07:41:44,640 Load disk config: storage_dir=/opt/seafile/seafile-data/storage/blocks
2026-09-02 07:41:44,640 Load disk config: storage_dir=/opt/seafile/seafile-data/storage/fs
2026-09-02 07:41:44,640 Load disk config: storage_dir=/opt/seafile/seafile-data/storage/commits
[2026-09-02 07:41:47.140793] Start sending file updates emails...
[2026-09-02 07:41:47.148685] Finish sending file updates emails.

2026-09-02 07:46:48,312 Load disk config: storage_dir=/opt/seafile/seafile-data/storage/blocks
2026-09-02 07:46:48,313 Load disk config: storage_dir=/opt/seafile/seafile-data/storage/fs
2026-09-02 07:46:48,313 Load disk config: storage_dir=/opt/seafile/seafile-data/storage/commits
[2026-09-02 07:46:50.761264] Start sending file updates emails...
[2026-09-02 07:46:50.769048] Finish sending file updates emails.

2026-09-02 07:51:51,919 Load disk config: storage_dir=/opt/seafile/seafile-data/storage/blocks
2026-09-02 07:51:51,919 Load disk config: storage_dir=/opt/seafile/seafile-data/storage/fs
2026-09-02 07:51:51,919 Load disk config: storage_dir=/opt/seafile/seafile-data/storage/commits
[2026-09-02 07:51:54.346431] Start sending file updates emails...
[2026-09-02 07:51:54.354008] Finish sending file updates emails.

2026-09-02 07:56:38,837 starts to send email
2026-09-02 07:56:39,523 Load disk config: storage_dir=/opt/seafile/seafile-data/storage/blocks
2026-09-02 07:56:39,523 Load disk config: storage_dir=/opt/seafile/seafile-data/storage/fs
2026-09-02 07:56:39,523 Load disk config: storage_dir=/opt/seafile/seafile-data/storage/commits
2026-09-02 07:56:55,504 Load disk config: storage_dir=/opt/seafile/seafile-data/storage/blocks
2026-09-02 07:56:55,504 Load disk config: storage_dir=/opt/seafile/seafile-data/storage/fs
2026-09-02 07:56:55,504 Load disk config: storage_dir=/opt/seafile/seafile-data/storage/commits
[2026-09-02 07:56:57.948088] Start sending file updates emails...
[2026-09-02 07:56:57.956071] Finish sending file updates emails.

2026-09-02 08:01:59,143 Load disk config: storage_dir=/opt/seafile/seafile-data/storage/blocks
2026-09-02 08:01:59,143 Load disk config: storage_dir=/opt/seafile/seafile-data/storage/fs
2026-09-02 08:01:59,143 Load disk config: storage_dir=/opt/seafile/seafile-data/storage/commits
[2026-09-02 08:02:01.657929] Start sending file updates emails...
[2026-09-02 08:02:01.666020] Finish sending file updates emails.

2026-09-02 08:07:02,824 Load disk config: storage_dir=/opt/seafile/seafile-data/storage/blocks
2026-09-02 08:07:02,824 Load disk config: storage_dir=/opt/seafile/seafile-data/storage/fs
2026-09-02 08:07:02,824 Load disk config: storage_dir=/opt/seafile/seafile-data/storage/commits
[2026-09-02 08:07:05.254840] Start sending file updates emails...
[2026-09-02 08:07:05.262620] Finish sending file updates emails.

2026-09-02 08:12:06,419 Load disk config: storage_dir=/opt/seafile/seafile-data/storage/blocks
2026-09-02 08:12:06,419 Load disk config: storage_dir=/opt/seafile/seafile-data/storage/fs
2026-09-02 08:12:06,419 Load disk config: storage_dir=/opt/seafile/seafile-data/storage/commits
[2026-09-02 08:12:08.857087] Start sending file updates emails...
[2026-09-02 08:12:08.864915] Finish sending file updates emails.

2026-09-02 08:17:10,068 Load disk config: storage_dir=/opt/seafile/seafile-data/storage/blocks
2026-09-02 08:17:10,068 Load disk config: storage_dir=/opt/seafile/seafile-data/storage/fs
2026-09-02 08:17:10,068 Load disk config: storage_dir=/opt/seafile/seafile-data/storage/commits
[2026-09-02 08:17:12.509950] Start sending file updates emails...
[2026-09-02 08:17:12.517714] Finish sending file updates emails.

2026-09-02 08:22:13,664 Load disk config: storage_dir=/opt/seafile/seafile-data/storage/blocks
2026-09-02 08:22:13,664 Load disk config: storage_dir=/opt/seafile/seafile-data/storage/fs
2026-09-02 08:22:13,664 Load disk config: storage_dir=/opt/seafile/seafile-data/storage/commits
[2026-09-02 08:22:16.065076] Start sending file updates emails...
[2026-09-02 08:22:16.072735] Finish sending file updates emails.

2026-09-02 08:26:38,837 Start counting user activity info..
2026-09-02 08:26:38,838 Start counting traffic info..
2026-09-02 08:26:38,838 starts to send email
2026-09-02 08:26:38,877 [UserActivityCounter] update 1 items.
2026-09-02 08:26:38,895 Traffic Counter: 2 items has been updated on 2026-09-02, time: 0.05656623840332031 seconds.
2026-09-02 08:26:38,897 Start counting monthly traffic info..
2026-09-02 08:26:38,898 Start counting file operations..
2026-09-02 08:26:38,904 Traffic counter finished, total time: 0.06647872924804688 seconds.
2026-09-02 08:26:38,910 Start counting total storage..
2026-09-02 08:26:38,946 [FileOpsCounter] Finish counting file operations in 0.045614004135131836 seconds, 0 added, 0 deleted, 0 visited, 0 modified
2026-09-02 08:26:38,953 Monthly traffic counter finished, update 1 user items, 1 org items, total time: 0.05648660659790039 seconds.
2026-09-02 08:26:38,964 [TotalStorageCounter] Finish counting total storage in 0.05392956733703613 seconds.
2026-09-02 08:26:39,574 Load disk config: storage_dir=/opt/seafile/seafile-data/storage/blocks
2026-09-02 08:26:39,574 Load disk config: storage_dir=/opt/seafile/seafile-data/storage/fs
2026-09-02 08:26:39,574 Load disk config: storage_dir=/opt/seafile/seafile-data/storage/commits
2026-09-02 08:27:17,240 Load disk config: storage_dir=/opt/seafile/seafile-data/storage/blocks
2026-09-02 08:27:17,240 Load disk config: storage_dir=/opt/seafile/seafile-data/storage/fs
2026-09-02 08:27:17,240 Load disk config: storage_dir=/opt/seafile/seafile-data/storage/commits
[2026-09-02 08:27:19.683083] Start sending file updates emails...
[2026-09-02 08:27:19.690751] Finish sending file updates emails.

2026-09-02 08:32:20,837 Load disk config: storage_dir=/opt/seafile/seafile-data/storage/blocks
2026-09-02 08:32:20,837 Load disk config: storage_dir=/opt/seafile/seafile-data/storage/fs
2026-09-02 08:32:20,837 Load disk config: storage_dir=/opt/seafile/seafile-data/storage/commits
[2026-09-02 08:32:23.261300] Start sending file updates emails...
[2026-09-02 08:32:23.269177] Finish sending file updates emails.

2026-09-02 08:37:24,433 Load disk config: storage_dir=/opt/seafile/seafile-data/storage/blocks
2026-09-02 08:37:24,434 Load disk config: storage_dir=/opt/seafile/seafile-data/storage/fs
2026-09-02 08:37:24,434 Load disk config: storage_dir=/opt/seafile/seafile-data/storage/commits
[2026-09-02 08:37:26.914695] Start sending file updates emails...
[2026-09-02 08:37:26.922366] Finish sending file updates emails.

2026-09-02 08:42:28,065 Load disk config: storage_dir=/opt/seafile/seafile-data/storage/blocks
2026-09-02 08:42:28,065 Load disk config: storage_dir=/opt/seafile/seafile-data/storage/fs
2026-09-02 08:42:28,066 Load disk config: storage_dir=/opt/seafile/seafile-data/storage/commits
[2026-09-02 08:42:30.551150] Start sending file updates emails...
[2026-09-02 08:42:30.559155] Finish sending file updates emails.

2026-09-02 08:47:31,774 Load disk config: storage_dir=/opt/seafile/seafile-data/storage/blocks
2026-09-02 08:47:31,775 Load disk config: storage_dir=/opt/seafile/seafile-data/storage/fs
2026-09-02 08:47:31,775 Load disk config: storage_dir=/opt/seafile/seafile-data/storage/commits
[2026-09-02 08:47:34.244252] Start sending file updates emails...
[2026-09-02 08:47:34.252292] Finish sending file updates emails.

2026-09-02 08:52:35,405 Load disk config: storage_dir=/opt/seafile/seafile-data/storage/blocks
2026-09-02 08:52:35,405 Load disk config: storage_dir=/opt/seafile/seafile-data/storage/fs
2026-09-02 08:52:35,405 Load disk config: storage_dir=/opt/seafile/seafile-data/storage/commits
[2026-09-02 08:52:37.856082] Start sending file updates emails...
[2026-09-02 08:52:37.863936] Finish sending file updates emails.

2026-09-02 08:56:38,840 starts to send email
2026-09-02 08:56:39,532 Load disk config: storage_dir=/opt/seafile/seafile-data/storage/blocks
2026-09-02 08:56:39,532 Load disk config: storage_dir=/opt/seafile/seafile-data/storage/fs
2026-09-02 08:56:39,533 Load disk config: storage_dir=/opt/seafile/seafile-data/storage/commits
2026-09-02 08:57:39,038 Load disk config: storage_dir=/opt/seafile/seafile-data/storage/blocks
2026-09-02 08:57:39,038 Load disk config: storage_dir=/opt/seafile/seafile-data/storage/fs
2026-09-02 08:57:39,039 Load disk config: storage_dir=/opt/seafile/seafile-data/storage/commits
[2026-09-02 08:57:41.455668] Start sending file updates emails...
[2026-09-02 08:57:41.463154] Finish sending file updates emails.

2026-09-02 09:02:42,633 Load disk config: storage_dir=/opt/seafile/seafile-data/storage/blocks
2026-09-02 09:02:42,633 Load disk config: storage_dir=/opt/seafile/seafile-data/storage/fs
2026-09-02 09:02:42,633 Load disk config: storage_dir=/opt/seafile/seafile-data/storage/commits
[2026-09-02 09:02:45.045404] Start sending file updates emails...
[2026-09-02 09:02:45.053317] Finish sending file updates emails.

2026-09-02 09:07:46,205 Load disk config: storage_dir=/opt/seafile/seafile-data/storage/blocks
2026-09-02 09:07:46,205 Load disk config: storage_dir=/opt/seafile/seafile-data/storage/fs
2026-09-02 09:07:46,205 Load disk config: storage_dir=/opt/seafile/seafile-data/storage/commits
[2026-09-02 09:07:48.622571] Start sending file updates emails...
[2026-09-02 09:07:48.630747] Finish sending file updates emails.

2026-09-02 09:12:49,782 Load disk config: storage_dir=/opt/seafile/seafile-data/storage/blocks
2026-09-02 09:12:49,783 Load disk config: storage_dir=/opt/seafile/seafile-data/storage/fs
2026-09-02 09:12:49,783 Load disk config: storage_dir=/opt/seafile/seafile-data/storage/commits
[2026-09-02 09:12:52.219240] Start sending file updates emails...
[2026-09-02 09:12:52.226796] Finish sending file updates emails.

2026-09-02 09:17:53,396 Load disk config: storage_dir=/opt/seafile/seafile-data/storage/blocks
2026-09-02 09:17:53,396 Load disk config: storage_dir=/opt/seafile/seafile-data/storage/fs
2026-09-02 09:17:53,396 Load disk config: storage_dir=/opt/seafile/seafile-data/storage/commits
[2026-09-02 09:17:55.835112] Start sending file updates emails...
[2026-09-02 09:17:55.843216] Finish sending file updates emails.

2026-09-02 09:22:56,989 Load disk config: storage_dir=/opt/seafile/seafile-data/storage/blocks
2026-09-02 09:22:56,989 Load disk config: storage_dir=/opt/seafile/seafile-data/storage/fs
2026-09-02 09:22:56,989 Load disk config: storage_dir=/opt/seafile/seafile-data/storage/commits
[2026-09-02 09:22:59.449069] Start sending file updates emails...
[2026-09-02 09:22:59.456900] Finish sending file updates emails.

2026-09-02 09:26:38,841 starts to send email
2026-09-02 09:26:38,878 Start counting user activity info..
2026-09-02 09:26:38,879 [UserActivityCounter] update 0 items.
2026-09-02 09:26:38,906 Start counting traffic info..
2026-09-02 09:26:38,907 Traffic counter finished, total time: 0.0008471012115478516 seconds.
2026-09-02 09:26:38,947 Start counting file operations..
2026-09-02 09:26:38,956 Start counting monthly traffic info..
2026-09-02 09:26:38,965 [FileOpsCounter] Finish counting file operations in 0.01788043975830078 seconds, 0 added, 0 deleted, 0 visited, 0 modified
2026-09-02 09:26:38,967 Start counting total storage..
2026-09-02 09:26:39,006 Monthly traffic counter finished, update 1 user items, 1 org items, total time: 0.04948234558105469 seconds.
2026-09-02 09:26:39,047 [TotalStorageCounter] Finish counting total storage in 0.07925057411193848 seconds.
2026-09-02 09:26:39,579 Load disk config: storage_dir=/opt/seafile/seafile-data/storage/blocks
2026-09-02 09:26:39,579 Load disk config: storage_dir=/opt/seafile/seafile-data/storage/fs
2026-09-02 09:26:39,579 Load disk config: storage_dir=/opt/seafile/seafile-data/storage/commits
2026-09-02 09:28:00,623 Load disk config: storage_dir=/opt/seafile/seafile-data/storage/blocks
2026-09-02 09:28:00,623 Load disk config: storage_dir=/opt/seafile/seafile-data/storage/fs
2026-09-02 09:28:00,623 Load disk config: storage_dir=/opt/seafile/seafile-data/storage/commits
[2026-09-02 09:28:03.100777] Start sending file updates emails...
[2026-09-02 09:28:03.108337] Finish sending file updates emails.

2026-09-02 09:33:04,311 Load disk config: storage_dir=/opt/seafile/seafile-data/storage/blocks
2026-09-02 09:33:04,311 Load disk config: storage_dir=/opt/seafile/seafile-data/storage/fs
2026-09-02 09:33:04,311 Load disk config: storage_dir=/opt/seafile/seafile-data/storage/commits
[2026-09-02 09:33:06.797505] Start sending file updates emails...
[2026-09-02 09:33:06.805216] Finish sending file updates emails.

2026-09-02 09:38:07,951 Load disk config: storage_dir=/opt/seafile/seafile-data/storage/blocks
2026-09-02 09:38:07,952 Load disk config: storage_dir=/opt/seafile/seafile-data/storage/fs
2026-09-02 09:38:07,952 Load disk config: storage_dir=/opt/seafile/seafile-data/storage/commits
[2026-09-02 09:38:10.397442] Start sending file updates emails...
[2026-09-02 09:38:10.405101] Finish sending file updates emails.

2026-09-02 09:43:11,546 Load disk config: storage_dir=/opt/seafile/seafile-data/storage/blocks
2026-09-02 09:43:11,546 Load disk config: storage_dir=/opt/seafile/seafile-data/storage/fs
2026-09-02 09:43:11,546 Load disk config: storage_dir=/opt/seafile/seafile-data/storage/commits
[2026-09-02 09:43:13.989204] Start sending file updates emails...
[2026-09-02 09:43:13.996984] Finish sending file updates emails.

2026-09-02 09:48:15,144 Load disk config: storage_dir=/opt/seafile/seafile-data/storage/blocks
2026-09-02 09:48:15,145 Load disk config: storage_dir=/opt/seafile/seafile-data/storage/fs
2026-09-02 09:48:15,145 Load disk config: storage_dir=/opt/seafile/seafile-data/storage/commits
[2026-09-02 09:48:17.617948] Start sending file updates emails...
[2026-09-02 09:48:17.626216] Finish sending file updates emails.

2026-09-02 09:53:18,784 Load disk config: storage_dir=/opt/seafile/seafile-data/storage/blocks
2026-09-02 09:53:18,785 Load disk config: storage_dir=/opt/seafile/seafile-data/storage/fs
2026-09-02 09:53:18,785 Load disk config: storage_dir=/opt/seafile/seafile-data/storage/commits
[2026-09-02 09:53:21.216108] Start sending file updates emails...
[2026-09-02 09:53:21.223829] Finish sending file updates emails.

2026-09-02 09:56:38,842 starts to send email
2026-09-02 09:56:39,577 Load disk config: storage_dir=/opt/seafile/seafile-data/storage/blocks
2026-09-02 09:56:39,577 Load disk config: storage_dir=/opt/seafile/seafile-data/storage/fs
2026-09-02 09:56:39,577 Load disk config: storage_dir=/opt/seafile/seafile-data/storage/commits
2026-09-02 09:58:22,377 Load disk config: storage_dir=/opt/seafile/seafile-data/storage/blocks
2026-09-02 09:58:22,377 Load disk config: storage_dir=/opt/seafile/seafile-data/storage/fs
2026-09-02 09:58:22,377 Load disk config: storage_dir=/opt/seafile/seafile-data/storage/commits
[2026-09-02 09:58:24.817154] Start sending file updates emails...
[2026-09-02 09:58:24.824862] Finish sending file updates emails.

2026-09-02 10:03:25,981 Load disk config: storage_dir=/opt/seafile/seafile-data/storage/blocks
2026-09-02 10:03:25,981 Load disk config: storage_dir=/opt/seafile/seafile-data/storage/fs
2026-09-02 10:03:25,981 Load disk config: storage_dir=/opt/seafile/seafile-data/storage/commits
[2026-09-02 10:03:28.442210] Start sending file updates emails...
[2026-09-02 10:03:28.450157] Finish sending file updates emails.

2026-09-02 10:08:29,606 Load disk config: storage_dir=/opt/seafile/seafile-data/storage/blocks
2026-09-02 10:08:29,606 Load disk config: storage_dir=/opt/seafile/seafile-data/storage/fs
2026-09-02 10:08:29,606 Load disk config: storage_dir=/opt/seafile/seafile-data/storage/commits
[2026-09-02 10:08:32.048377] Start sending file updates emails...
[2026-09-02 10:08:32.056029] Finish sending file updates emails.

2026-09-02 10:13:33,214 Load disk config: storage_dir=/opt/seafile/seafile-data/storage/blocks
2026-09-02 10:13:33,214 Load disk config: storage_dir=/opt/seafile/seafile-data/storage/fs
2026-09-02 10:13:33,215 Load disk config: storage_dir=/opt/seafile/seafile-data/storage/commits
[2026-09-02 10:13:35.721001] Start sending file updates emails...
[2026-09-02 10:13:35.728925] Finish sending file updates emails.

2026-09-02 10:18:36,872 Load disk config: storage_dir=/opt/seafile/seafile-data/storage/blocks
2026-09-02 10:18:36,872 Load disk config: storage_dir=/opt/seafile/seafile-data/storage/fs
2026-09-02 10:18:36,872 Load disk config: storage_dir=/opt/seafile/seafile-data/storage/commits
[2026-09-02 10:18:39.284013] Start sending file updates emails...
[2026-09-02 10:18:39.291898] Finish sending file updates emails.

2026-09-02 10:23:40,437 Load disk config: storage_dir=/opt/seafile/seafile-data/storage/blocks
2026-09-02 10:23:40,438 Load disk config: storage_dir=/opt/seafile/seafile-data/storage/fs
2026-09-02 10:23:40,438 Load disk config: storage_dir=/opt/seafile/seafile-data/storage/commits
[2026-09-02 10:23:42.864354] Start sending file updates emails...
[2026-09-02 10:23:42.872001] Finish sending file updates emails.

2026-09-02 10:26:38,843 starts to send email
2026-09-02 10:26:38,880 Start counting user activity info..
2026-09-02 10:26:38,881 [UserActivityCounter] update 0 items.
2026-09-02 10:26:38,908 Start counting traffic info..
2026-09-02 10:26:38,908 Traffic counter finished, total time: 0.0005578994750976562 seconds.
2026-09-02 10:26:38,971 Start counting file operations..
2026-09-02 10:26:38,989 [FileOpsCounter] Finish counting file operations in 0.017970561981201172 seconds, 0 added, 0 deleted, 0 visited, 0 modified
2026-09-02 10:26:39,007 Start counting monthly traffic info..
2026-09-02 10:26:39,035 Monthly traffic counter finished, update 1 user items, 1 org items, total time: 0.027510881423950195 seconds.
2026-09-02 10:26:39,049 Start counting total storage..
2026-09-02 10:26:39,100 [TotalStorageCounter] Finish counting total storage in 0.05019950866699219 seconds.
2026-09-02 10:26:39,601 Load disk config: storage_dir=/opt/seafile/seafile-data/storage/blocks
2026-09-02 10:26:39,601 Load disk config: storage_dir=/opt/seafile/seafile-data/storage/fs
2026-09-02 10:26:39,601 Load disk config: storage_dir=/opt/seafile/seafile-data/storage/commits
2026-09-02 10:28:44,025 Load disk config: storage_dir=/opt/seafile/seafile-data/storage/blocks
2026-09-02 10:28:44,025 Load disk config: storage_dir=/opt/seafile/seafile-data/storage/fs
2026-09-02 10:28:44,025 Load disk config: storage_dir=/opt/seafile/seafile-data/storage/commits
[2026-09-02 10:28:46.514177] Start sending file updates emails...
[2026-09-02 10:28:46.522092] Finish sending file updates emails.

2026-09-02 10:33:47,688 Load disk config: storage_dir=/opt/seafile/seafile-data/storage/blocks
2026-09-02 10:33:47,688 Load disk config: storage_dir=/opt/seafile/seafile-data/storage/fs
2026-09-02 10:33:47,688 Load disk config: storage_dir=/opt/seafile/seafile-data/storage/commits
[2026-09-02 10:33:50.164097] Start sending file updates emails...
[2026-09-02 10:33:50.171698] Finish sending file updates emails.

2026-09-02 10:38:51,323 Load disk config: storage_dir=/opt/seafile/seafile-data/storage/blocks
2026-09-02 10:38:51,323 Load disk config: storage_dir=/opt/seafile/seafile-data/storage/fs
2026-09-02 10:38:51,324 Load disk config: storage_dir=/opt/seafile/seafile-data/storage/commits
[2026-09-02 10:38:53.761530] Start sending file updates emails...
[2026-09-02 10:38:53.769385] Finish sending file updates emails.

2026-09-02 10:43:54,917 Load disk config: storage_dir=/opt/seafile/seafile-data/storage/blocks
2026-09-02 10:43:54,917 Load disk config: storage_dir=/opt/seafile/seafile-data/storage/fs
2026-09-02 10:43:54,917 Load disk config: storage_dir=/opt/seafile/seafile-data/storage/commits
[2026-09-02 10:43:57.363092] Start sending file updates emails...
[2026-09-02 10:43:57.371074] Finish sending file updates emails.

2026-09-02 10:48:58,521 Load disk config: storage_dir=/opt/seafile/seafile-data/storage/blocks
2026-09-02 10:48:58,521 Load disk config: storage_dir=/opt/seafile/seafile-data/storage/fs
2026-09-02 10:48:58,521 Load disk config: storage_dir=/opt/seafile/seafile-data/storage/commits
[2026-09-02 10:49:00.978380] Start sending file updates emails...
[2026-09-02 10:49:00.986175] Finish sending file updates emails.

2026-09-02 10:54:02,142 Load disk config: storage_dir=/opt/seafile/seafile-data/storage/blocks
2026-09-02 10:54:02,142 Load disk config: storage_dir=/opt/seafile/seafile-data/storage/fs
2026-09-02 10:54:02,142 Load disk config: storage_dir=/opt/seafile/seafile-data/storage/commits
[2026-09-02 10:54:04.592089] Start sending file updates emails...
[2026-09-02 10:54:04.600070] Finish sending file updates emails.

2026-09-02 10:56:38,843 starts to send email
2026-09-02 10:56:39,527 Load disk config: storage_dir=/opt/seafile/seafile-data/storage/blocks
2026-09-02 10:56:39,528 Load disk config: storage_dir=/opt/seafile/seafile-data/storage/fs
2026-09-02 10:56:39,528 Load disk config: storage_dir=/opt/seafile/seafile-data/storage/commits
2026-09-02 10:59:05,775 Load disk config: storage_dir=/opt/seafile/seafile-data/storage/blocks
2026-09-02 10:59:05,775 Load disk config: storage_dir=/opt/seafile/seafile-data/storage/fs
2026-09-02 10:59:05,775 Load disk config: storage_dir=/opt/seafile/seafile-data/storage/commits
[2026-09-02 10:59:08.261541] Start sending file updates emails...
[2026-09-02 10:59:08.269390] Finish sending file updates emails.

2026-09-02 11:04:09,440 Load disk config: storage_dir=/opt/seafile/seafile-data/storage/blocks
2026-09-02 11:04:09,441 Load disk config: storage_dir=/opt/seafile/seafile-data/storage/fs
2026-09-02 11:04:09,441 Load disk config: storage_dir=/opt/seafile/seafile-data/storage/commits
[2026-09-02 11:04:11.893322] Start sending file updates emails...
[2026-09-02 11:04:11.901341] Finish sending file updates emails.

2026-09-02 11:09:13,051 Load disk config: storage_dir=/opt/seafile/seafile-data/storage/blocks
2026-09-02 11:09:13,052 Load disk config: storage_dir=/opt/seafile/seafile-data/storage/fs
2026-09-02 11:09:13,052 Load disk config: storage_dir=/opt/seafile/seafile-data/storage/commits
[2026-09-02 11:09:15.488706] Start sending file updates emails...
[2026-09-02 11:09:15.496394] Finish sending file updates emails.

2026-09-02 11:14:16,646 Load disk config: storage_dir=/opt/seafile/seafile-data/storage/blocks
2026-09-02 11:14:16,646 Load disk config: storage_dir=/opt/seafile/seafile-data/storage/fs
2026-09-02 11:14:16,646 Load disk config: storage_dir=/opt/seafile/seafile-data/storage/commits
[2026-09-02 11:14:19.066611] Start sending file updates emails...
[2026-09-02 11:14:19.074235] Finish sending file updates emails.

2026-09-02 11:19:20,218 Load disk config: storage_dir=/opt/seafile/seafile-data/storage/blocks
2026-09-02 11:19:20,218 Load disk config: storage_dir=/opt/seafile/seafile-data/storage/fs
2026-09-02 11:19:20,218 Load disk config: storage_dir=/opt/seafile/seafile-data/storage/commits
[2026-09-02 11:19:22.692712] Start sending file updates emails...
[2026-09-02 11:19:22.700360] Finish sending file updates emails.

2026-09-02 11:24:23,862 Load disk config: storage_dir=/opt/seafile/seafile-data/storage/blocks
2026-09-02 11:24:23,862 Load disk config: storage_dir=/opt/seafile/seafile-data/storage/fs
2026-09-02 11:24:23,862 Load disk config: storage_dir=/opt/seafile/seafile-data/storage/commits
[2026-09-02 11:24:26.339048] Start sending file updates emails...
[2026-09-02 11:24:26.347018] Finish sending file updates emails.

2026-09-02 11:26:38,844 starts to send email
2026-09-02 11:26:38,882 Start counting user activity info..
2026-09-02 11:26:38,883 [UserActivityCounter] update 0 items.
2026-09-02 11:26:38,909 Start counting traffic info..
2026-09-02 11:26:38,910 Traffic counter finished, total time: 0.0005254745483398438 seconds.
2026-09-02 11:26:38,992 Start counting file operations..
2026-09-02 11:26:39,010 [FileOpsCounter] Finish counting file operations in 0.018225669860839844 seconds, 0 added, 0 deleted, 0 visited, 0 modified
2026-09-02 11:26:39,036 Start counting monthly traffic info..
2026-09-02 11:26:39,060 Monthly traffic counter finished, update 1 user items, 1 org items, total time: 0.023638248443603516 seconds.
2026-09-02 11:26:39,102 Start counting total storage..
2026-09-02 11:26:39,129 [TotalStorageCounter] Finish counting total storage in 0.027064800262451172 seconds.
2026-09-02 11:26:39,575 Load disk config: storage_dir=/opt/seafile/seafile-data/storage/blocks
2026-09-02 11:26:39,575 Load disk config: storage_dir=/opt/seafile/seafile-data/storage/fs
2026-09-02 11:26:39,576 Load disk config: storage_dir=/opt/seafile/seafile-data/storage/commits
2026-09-02 11:29:27,498 Load disk config: storage_dir=/opt/seafile/seafile-data/storage/blocks
2026-09-02 11:29:27,499 Load disk config: storage_dir=/opt/seafile/seafile-data/storage/fs
2026-09-02 11:29:27,499 Load disk config: storage_dir=/opt/seafile/seafile-data/storage/commits
[2026-09-02 11:29:29.955711] Start sending file updates emails...
[2026-09-02 11:29:29.963439] Finish sending file updates emails.

2026-09-02 11:34:31,131 Load disk config: storage_dir=/opt/seafile/seafile-data/storage/blocks
2026-09-02 11:34:31,131 Load disk config: storage_dir=/opt/seafile/seafile-data/storage/fs
2026-09-02 11:34:31,131 Load disk config: storage_dir=/opt/seafile/seafile-data/storage/commits
[2026-09-02 11:34:33.571745] Start sending file updates emails...
[2026-09-02 11:34:33.579759] Finish sending file updates emails.

2026-09-02 11:39:34,739 Load disk config: storage_dir=/opt/seafile/seafile-data/storage/blocks
2026-09-02 11:39:34,739 Load disk config: storage_dir=/opt/seafile/seafile-data/storage/fs
2026-09-02 11:39:34,739 Load disk config: storage_dir=/opt/seafile/seafile-data/storage/commits
[2026-09-02 11:39:37.207819] Start sending file updates emails...
[2026-09-02 11:39:37.215295] Finish sending file updates emails.

2026-09-02 11:44:38,375 Load disk config: storage_dir=/opt/seafile/seafile-data/storage/blocks
2026-09-02 11:44:38,376 Load disk config: storage_dir=/opt/seafile/seafile-data/storage/fs
2026-09-02 11:44:38,376 Load disk config: storage_dir=/opt/seafile/seafile-data/storage/commits
[2026-09-02 11:44:40.854176] Start sending file updates emails...
[2026-09-02 11:44:40.862166] Finish sending file updates emails.

2026-09-02 11:49:42,031 Load disk config: storage_dir=/opt/seafile/seafile-data/storage/blocks
2026-09-02 11:49:42,031 Load disk config: storage_dir=/opt/seafile/seafile-data/storage/fs
2026-09-02 11:49:42,031 Load disk config: storage_dir=/opt/seafile/seafile-data/storage/commits
[2026-09-02 11:49:44.510191] Start sending file updates emails...
[2026-09-02 11:49:44.517739] Finish sending file updates emails.

2026-09-02 11:54:45,648 Load disk config: storage_dir=/opt/seafile/seafile-data/storage/blocks
2026-09-02 11:54:45,648 Load disk config: storage_dir=/opt/seafile/seafile-data/storage/fs
2026-09-02 11:54:45,648 Load disk config: storage_dir=/opt/seafile/seafile-data/storage/commits
[2026-09-02 11:54:48.075891] Start sending file updates emails...
[2026-09-02 11:54:48.083532] Finish sending file updates emails.

2026-09-02 11:56:38,845 starts to send email
2026-09-02 11:56:39,536 Load disk config: storage_dir=/opt/seafile/seafile-data/storage/blocks
2026-09-02 11:56:39,536 Load disk config: storage_dir=/opt/seafile/seafile-data/storage/fs
2026-09-02 11:56:39,536 Load disk config: storage_dir=/opt/seafile/seafile-data/storage/commits
2026-09-02 11:59:49,229 Load disk config: storage_dir=/opt/seafile/seafile-data/storage/blocks
2026-09-02 11:59:49,229 Load disk config: storage_dir=/opt/seafile/seafile-data/storage/fs
2026-09-02 11:59:49,229 Load disk config: storage_dir=/opt/seafile/seafile-data/storage/commits
[2026-09-02 11:59:51.662290] Start sending file updates emails...
[2026-09-02 11:59:51.670069] Finish sending file updates emails.

2026-09-02 12:04:52,824 Load disk config: storage_dir=/opt/seafile/seafile-data/storage/blocks
2026-09-02 12:04:52,825 Load disk config: storage_dir=/opt/seafile/seafile-data/storage/fs
2026-09-02 12:04:52,825 Load disk config: storage_dir=/opt/seafile/seafile-data/storage/commits
[2026-09-02 12:04:55.310420] Start sending file updates emails...
[2026-09-02 12:04:55.317987] Finish sending file updates emails.

2026-09-02 12:09:56,466 Load disk config: storage_dir=/opt/seafile/seafile-data/storage/blocks
2026-09-02 12:09:56,466 Load disk config: storage_dir=/opt/seafile/seafile-data/storage/fs
2026-09-02 12:09:56,467 Load disk config: storage_dir=/opt/seafile/seafile-data/storage/commits
[2026-09-02 12:09:58.894884] Start sending file updates emails...
[2026-09-02 12:09:58.902718] Finish sending file updates emails.

2026-09-02 12:15:00,052 Load disk config: storage_dir=/opt/seafile/seafile-data/storage/blocks
2026-09-02 12:15:00,052 Load disk config: storage_dir=/opt/seafile/seafile-data/storage/fs
2026-09-02 12:15:00,052 Load disk config: storage_dir=/opt/seafile/seafile-data/storage/commits
[2026-09-02 12:15:02.518938] Start sending file updates emails...
[2026-09-02 12:15:02.526676] Finish sending file updates emails.

2026-09-02 12:20:03,756 Load disk config: storage_dir=/opt/seafile/seafile-data/storage/blocks
2026-09-02 12:20:03,757 Load disk config: storage_dir=/opt/seafile/seafile-data/storage/fs
2026-09-02 12:20:03,757 Load disk config: storage_dir=/opt/seafile/seafile-data/storage/commits
[2026-09-02 12:20:06.205873] Start sending file updates emails...
[2026-09-02 12:20:06.213689] Finish sending file updates emails.

2026-09-02 12:25:07,364 Load disk config: storage_dir=/opt/seafile/seafile-data/storage/blocks
2026-09-02 12:25:07,364 Load disk config: storage_dir=/opt/seafile/seafile-data/storage/fs
2026-09-02 12:25:07,364 Load disk config: storage_dir=/opt/seafile/seafile-data/storage/commits
[2026-09-02 12:25:09.847504] Start sending file updates emails...
[2026-09-02 12:25:09.855221] Finish sending file updates emails.

2026-09-02 12:26:38,846 starts to send email
2026-09-02 12:26:38,884 Start counting user activity info..
2026-09-02 12:26:38,885 [UserActivityCounter] update 0 items.
2026-09-02 12:26:38,911 Start counting traffic info..
2026-09-02 12:26:38,911 Traffic counter finished, total time: 0.0009632110595703125 seconds.
2026-09-02 12:26:39,012 Start counting file operations..
2026-09-02 12:26:39,026 [FileOpsCounter] Finish counting file operations in 0.013624429702758789 seconds, 0 added, 0 deleted, 0 visited, 0 modified
2026-09-02 12:26:39,061 Start counting monthly traffic info..
2026-09-02 12:26:39,086 Monthly traffic counter finished, update 1 user items, 1 org items, total time: 0.025088787078857422 seconds.
2026-09-02 12:26:39,131 Start counting total storage..
2026-09-02 12:26:39,159 [TotalStorageCounter] Finish counting total storage in 0.02715921401977539 seconds.
2026-09-02 12:26:39,567 Load disk config: storage_dir=/opt/seafile/seafile-data/storage/blocks
2026-09-02 12:26:39,567 Load disk config: storage_dir=/opt/seafile/seafile-data/storage/fs
2026-09-02 12:26:39,567 Load disk config: storage_dir=/opt/seafile/seafile-data/storage/commits
2026-09-02 12:30:11,106 Load disk config: storage_dir=/opt/seafile/seafile-data/storage/blocks
2026-09-02 12:30:11,106 Load disk config: storage_dir=/opt/seafile/seafile-data/storage/fs
2026-09-02 12:30:11,106 Load disk config: storage_dir=/opt/seafile/seafile-data/storage/commits
[2026-09-02 12:30:13.545838] Start sending file updates emails...
[2026-09-02 12:30:13.553555] Finish sending file updates emails.

2026-09-02 12:35:14,731 Load disk config: storage_dir=/opt/seafile/seafile-data/storage/blocks
2026-09-02 12:35:14,731 Load disk config: storage_dir=/opt/seafile/seafile-data/storage/fs
2026-09-02 12:35:14,731 Load disk config: storage_dir=/opt/seafile/seafile-data/storage/commits
[2026-09-02 12:35:17.165826] Start sending file updates emails...
[2026-09-02 12:35:17.173391] Finish sending file updates emails.

2026-09-02 12:40:18,313 Load disk config: storage_dir=/opt/seafile/seafile-data/storage/blocks
2026-09-02 12:40:18,313 Load disk config: storage_dir=/opt/seafile/seafile-data/storage/fs
2026-09-02 12:40:18,313 Load disk config: storage_dir=/opt/seafile/seafile-data/storage/commits
[2026-09-02 12:40:20.785325] Start sending file updates emails...
[2026-09-02 12:40:20.793174] Finish sending file updates emails.

2026-09-02 12:45:21,927 Load disk config: storage_dir=/opt/seafile/seafile-data/storage/blocks
2026-09-02 12:45:21,927 Load disk config: storage_dir=/opt/seafile/seafile-data/storage/fs
2026-09-02 12:45:21,927 Load disk config: storage_dir=/opt/seafile/seafile-data/storage/commits
[2026-09-02 12:45:24.425452] Start sending file updates emails...
[2026-09-02 12:45:24.433107] Finish sending file updates emails.

2026-09-02 12:50:25,576 Load disk config: storage_dir=/opt/seafile/seafile-data/storage/blocks
2026-09-02 12:50:25,576 Load disk config: storage_dir=/opt/seafile/seafile-data/storage/fs
2026-09-02 12:50:25,576 Load disk config: storage_dir=/opt/seafile/seafile-data/storage/commits
[2026-09-02 12:50:28.104248] Start sending file updates emails...
[2026-09-02 12:50:28.112026] Finish sending file updates emails.

2026-09-02 12:55:29,253 Load disk config: storage_dir=/opt/seafile/seafile-data/storage/blocks
2026-09-02 12:55:29,253 Load disk config: storage_dir=/opt/seafile/seafile-data/storage/fs
2026-09-02 12:55:29,253 Load disk config: storage_dir=/opt/seafile/seafile-data/storage/commits
[2026-09-02 12:55:31.742024] Start sending file updates emails...
[2026-09-02 12:55:31.749857] Finish sending file updates emails.

2026-09-02 12:56:38,846 starts to send email
2026-09-02 12:56:39,533 Load disk config: storage_dir=/opt/seafile/seafile-data/storage/blocks
2026-09-02 12:56:39,534 Load disk config: storage_dir=/opt/seafile/seafile-data/storage/fs
2026-09-02 12:56:39,534 Load disk config: storage_dir=/opt/seafile/seafile-data/storage/commits
2026-09-02 13:00:32,899 Load disk config: storage_dir=/opt/seafile/seafile-data/storage/blocks
2026-09-02 13:00:32,899 Load disk config: storage_dir=/opt/seafile/seafile-data/storage/fs
2026-09-02 13:00:32,900 Load disk config: storage_dir=/opt/seafile/seafile-data/storage/commits
[2026-09-02 13:00:35.368445] Start sending file updates emails...
[2026-09-02 13:00:35.376553] Finish sending file updates emails.

2026-09-02 13:05:36,527 Load disk config: storage_dir=/opt/seafile/seafile-data/storage/blocks
2026-09-02 13:05:36,527 Load disk config: storage_dir=/opt/seafile/seafile-data/storage/fs
2026-09-02 13:05:36,527 Load disk config: storage_dir=/opt/seafile/seafile-data/storage/commits
[2026-09-02 13:05:38.926497] Start sending file updates emails...
[2026-09-02 13:05:38.934142] Finish sending file updates emails.

2026-09-02 13:10:40,082 Load disk config: storage_dir=/opt/seafile/seafile-data/storage/blocks
2026-09-02 13:10:40,082 Load disk config: storage_dir=/opt/seafile/seafile-data/storage/fs
2026-09-02 13:10:40,082 Load disk config: storage_dir=/opt/seafile/seafile-data/storage/commits
[2026-09-02 13:10:42.597169] Start sending file updates emails...
[2026-09-02 13:10:42.604997] Finish sending file updates emails.

2026-09-02 13:15:43,794 Load disk config: storage_dir=/opt/seafile/seafile-data/storage/blocks
2026-09-02 13:15:43,794 Load disk config: storage_dir=/opt/seafile/seafile-data/storage/fs
2026-09-02 13:15:43,794 Load disk config: storage_dir=/opt/seafile/seafile-data/storage/commits
[2026-09-02 13:15:46.178012] Start sending file updates emails...
[2026-09-02 13:15:46.185699] Finish sending file updates emails.

2026-09-02 13:20:47,331 Load disk config: storage_dir=/opt/seafile/seafile-data/storage/blocks
2026-09-02 13:20:47,332 Load disk config: storage_dir=/opt/seafile/seafile-data/storage/fs
2026-09-02 13:20:47,332 Load disk config: storage_dir=/opt/seafile/seafile-data/storage/commits
[2026-09-02 13:20:49.761936] Start sending file updates emails...
[2026-09-02 13:20:49.769791] Finish sending file updates emails.

2026-09-02 13:25:50,913 Load disk config: storage_dir=/opt/seafile/seafile-data/storage/blocks
2026-09-02 13:25:50,913 Load disk config: storage_dir=/opt/seafile/seafile-data/storage/fs
2026-09-02 13:25:50,913 Load disk config: storage_dir=/opt/seafile/seafile-data/storage/commits
[2026-09-02 13:25:53.337993] Start sending file updates emails...
[2026-09-02 13:25:53.345802] Finish sending file updates emails.

2026-09-02 13:26:38,847 starts to send email
2026-09-02 13:26:38,886 Start counting user activity info..
2026-09-02 13:26:38,887 [UserActivityCounter] update 0 items.
2026-09-02 13:26:38,912 Start counting traffic info..
2026-09-02 13:26:38,913 Traffic counter finished, total time: 0.0008754730224609375 seconds.
2026-09-02 13:26:39,027 Start counting file operations..
2026-09-02 13:26:39,041 [FileOpsCounter] Finish counting file operations in 0.013708114624023438 seconds, 0 added, 0 deleted, 0 visited, 0 modified
2026-09-02 13:26:39,087 Start counting monthly traffic info..
2026-09-02 13:26:39,113 Monthly traffic counter finished, update 1 user items, 1 org items, total time: 0.025846242904663086 seconds.
2026-09-02 13:26:39,161 Start counting total storage..
2026-09-02 13:26:39,216 [TotalStorageCounter] Finish counting total storage in 0.054443359375 seconds.
2026-09-02 13:26:39,569 Load disk config: storage_dir=/opt/seafile/seafile-data/storage/blocks
2026-09-02 13:26:39,569 Load disk config: storage_dir=/opt/seafile/seafile-data/storage/fs
2026-09-02 13:26:39,569 Load disk config: storage_dir=/opt/seafile/seafile-data/storage/commits
2026-09-02 13:30:54,514 Load disk config: storage_dir=/opt/seafile/seafile-data/storage/blocks
2026-09-02 13:30:54,514 Load disk config: storage_dir=/opt/seafile/seafile-data/storage/fs
2026-09-02 13:30:54,514 Load disk config: storage_dir=/opt/seafile/seafile-data/storage/commits
[2026-09-02 13:30:56.944647] Start sending file updates emails...
[2026-09-02 13:30:56.952456] Finish sending file updates emails.

2026-09-02 13:35:58,094 Load disk config: storage_dir=/opt/seafile/seafile-data/storage/blocks
2026-09-02 13:35:58,095 Load disk config: storage_dir=/opt/seafile/seafile-data/storage/fs
2026-09-02 13:35:58,095 Load disk config: storage_dir=/opt/seafile/seafile-data/storage/commits
[2026-09-02 13:36:00.545651] Start sending file updates emails...
[2026-09-02 13:36:00.553634] Finish sending file updates emails.

2026-09-02 13:41:01,716 Load disk config: storage_dir=/opt/seafile/seafile-data/storage/blocks
2026-09-02 13:41:01,717 Load disk config: storage_dir=/opt/seafile/seafile-data/storage/fs
2026-09-02 13:41:01,717 Load disk config: storage_dir=/opt/seafile/seafile-data/storage/commits
[2026-09-02 13:41:04.140944] Start sending file updates emails...
[2026-09-02 13:41:04.148669] Finish sending file updates emails.

2026-09-02 13:46:05,289 Load disk config: storage_dir=/opt/seafile/seafile-data/storage/blocks
2026-09-02 13:46:05,290 Load disk config: storage_dir=/opt/seafile/seafile-data/storage/fs
2026-09-02 13:46:05,290 Load disk config: storage_dir=/opt/seafile/seafile-data/storage/commits
[2026-09-02 13:46:07.723309] Start sending file updates emails...
[2026-09-02 13:46:07.731243] Finish sending file updates emails.

2026-09-02 13:51:08,891 Load disk config: storage_dir=/opt/seafile/seafile-data/storage/blocks
2026-09-02 13:51:08,892 Load disk config: storage_dir=/opt/seafile/seafile-data/storage/fs
2026-09-02 13:51:08,892 Load disk config: storage_dir=/opt/seafile/seafile-data/storage/commits
[2026-09-02 13:51:11.350042] Start sending file updates emails...
[2026-09-02 13:51:11.357789] Finish sending file updates emails.

2026-09-02 13:56:12,544 Load disk config: storage_dir=/opt/seafile/seafile-data/storage/blocks
2026-09-02 13:56:12,545 Load disk config: storage_dir=/opt/seafile/seafile-data/storage/fs
2026-09-02 13:56:12,545 Load disk config: storage_dir=/opt/seafile/seafile-data/storage/commits
[2026-09-02 13:56:15.035627] Start sending file updates emails...
[2026-09-02 13:56:15.043268] Finish sending file updates emails.

2026-09-02 13:56:38,848 starts to send email
2026-09-02 13:56:39,537 Load disk config: storage_dir=/opt/seafile/seafile-data/storage/blocks
2026-09-02 13:56:39,538 Load disk config: storage_dir=/opt/seafile/seafile-data/storage/fs
2026-09-02 13:56:39,538 Load disk config: storage_dir=/opt/seafile/seafile-data/storage/commits
2026-09-02 14:01:16,189 Load disk config: storage_dir=/opt/seafile/seafile-data/storage/blocks
2026-09-02 14:01:16,189 Load disk config: storage_dir=/opt/seafile/seafile-data/storage/fs
2026-09-02 14:01:16,189 Load disk config: storage_dir=/opt/seafile/seafile-data/storage/commits
[2026-09-02 14:01:18.586353] Start sending file updates emails...
[2026-09-02 14:01:18.593882] Finish sending file updates emails.

2026-09-02 14:06:19,742 Load disk config: storage_dir=/opt/seafile/seafile-data/storage/blocks
2026-09-02 14:06:19,742 Load disk config: storage_dir=/opt/seafile/seafile-data/storage/fs
2026-09-02 14:06:19,743 Load disk config: storage_dir=/opt/seafile/seafile-data/storage/commits
[2026-09-02 14:06:22.239802] Start sending file updates emails...
[2026-09-02 14:06:22.247739] Finish sending file updates emails.

2026-09-02 14:11:23,436 Load disk config: storage_dir=/opt/seafile/seafile-data/storage/blocks
2026-09-02 14:11:23,436 Load disk config: storage_dir=/opt/seafile/seafile-data/storage/fs
2026-09-02 14:11:23,436 Load disk config: storage_dir=/opt/seafile/seafile-data/storage/commits
[2026-09-02 14:11:25.860381] Start sending file updates emails...
[2026-09-02 14:11:25.868072] Finish sending file updates emails.

2026-09-02 14:16:27,017 Load disk config: storage_dir=/opt/seafile/seafile-data/storage/blocks
2026-09-02 14:16:27,017 Load disk config: storage_dir=/opt/seafile/seafile-data/storage/fs
2026-09-02 14:16:27,017 Load disk config: storage_dir=/opt/seafile/seafile-data/storage/commits
[2026-09-02 14:16:29.463553] Start sending file updates emails...
[2026-09-02 14:16:29.471235] Finish sending file updates emails.

2026-09-02 14:21:30,620 Load disk config: storage_dir=/opt/seafile/seafile-data/storage/blocks
2026-09-02 14:21:30,621 Load disk config: storage_dir=/opt/seafile/seafile-data/storage/fs
2026-09-02 14:21:30,621 Load disk config: storage_dir=/opt/seafile/seafile-data/storage/commits
[2026-09-02 14:21:33.062314] Start sending file updates emails...
[2026-09-02 14:21:33.070158] Finish sending file updates emails.

2026-09-02 14:26:34,263 Load disk config: storage_dir=/opt/seafile/seafile-data/storage/blocks
2026-09-02 14:26:34,263 Load disk config: storage_dir=/opt/seafile/seafile-data/storage/fs
2026-09-02 14:26:34,263 Load disk config: storage_dir=/opt/seafile/seafile-data/storage/commits
[2026-09-02 14:26:36.692695] Start sending file updates emails...
[2026-09-02 14:26:36.700356] Finish sending file updates emails.

2026-09-02 14:26:38,849 starts to send email
2026-09-02 14:26:38,888 Start counting user activity info..
2026-09-02 14:26:38,888 [UserActivityCounter] update 0 items.
2026-09-02 14:26:38,914 Start counting traffic info..
2026-09-02 14:26:38,915 Traffic counter finished, total time: 0.0007843971252441406 seconds.
2026-09-02 14:26:39,043 Start counting file operations..
2026-09-02 14:26:39,059 [FileOpsCounter] Finish counting file operations in 0.0156097412109375 seconds, 0 added, 0 deleted, 0 visited, 0 modified
2026-09-02 14:26:39,114 Start counting monthly traffic info..
2026-09-02 14:26:39,139 Monthly traffic counter finished, update 1 user items, 1 org items, total time: 0.02482914924621582 seconds.
2026-09-02 14:26:39,218 Start counting total storage..
2026-09-02 14:26:39,270 [TotalStorageCounter] Finish counting total storage in 0.051827192306518555 seconds.
2026-09-02 14:26:39,563 Load disk config: storage_dir=/opt/seafile/seafile-data/storage/blocks
2026-09-02 14:26:39,564 Load disk config: storage_dir=/opt/seafile/seafile-data/storage/fs
2026-09-02 14:26:39,564 Load disk config: storage_dir=/opt/seafile/seafile-data/storage/commits
2026-09-02 14:31:37,853 Load disk config: storage_dir=/opt/seafile/seafile-data/storage/blocks
2026-09-02 14:31:37,853 Load disk config: storage_dir=/opt/seafile/seafile-data/storage/fs
2026-09-02 14:31:37,853 Load disk config: storage_dir=/opt/seafile/seafile-data/storage/commits
[2026-09-02 14:31:40.254401] Start sending file updates emails...
[2026-09-02 14:31:40.261991] Finish sending file updates emails.

2026-09-02 14:36:41,401 Load disk config: storage_dir=/opt/seafile/seafile-data/storage/blocks
2026-09-02 14:36:41,402 Load disk config: storage_dir=/opt/seafile/seafile-data/storage/fs
2026-09-02 14:36:41,402 Load disk config: storage_dir=/opt/seafile/seafile-data/storage/commits
[2026-09-02 14:36:43.869633] Start sending file updates emails...
[2026-09-02 14:36:43.877679] Finish sending file updates emails.

2026-09-02 14:41:45,028 Load disk config: storage_dir=/opt/seafile/seafile-data/storage/blocks
2026-09-02 14:41:45,028 Load disk config: storage_dir=/opt/seafile/seafile-data/storage/fs
2026-09-02 14:41:45,028 Load disk config: storage_dir=/opt/seafile/seafile-data/storage/commits
[2026-09-02 14:41:47.489479] Start sending file updates emails...
[2026-09-02 14:41:47.496952] Finish sending file updates emails.

2026-09-02 14:46:48,644 Load disk config: storage_dir=/opt/seafile/seafile-data/storage/blocks
2026-09-02 14:46:48,644 Load disk config: storage_dir=/opt/seafile/seafile-data/storage/fs
2026-09-02 14:46:48,644 Load disk config: storage_dir=/opt/seafile/seafile-data/storage/commits
[2026-09-02 14:46:51.078963] Start sending file updates emails...
[2026-09-02 14:46:51.086720] Finish sending file updates emails.

2026-09-02 14:51:52,233 Load disk config: storage_dir=/opt/seafile/seafile-data/storage/blocks
2026-09-02 14:51:52,233 Load disk config: storage_dir=/opt/seafile/seafile-data/storage/fs
2026-09-02 14:51:52,233 Load disk config: storage_dir=/opt/seafile/seafile-data/storage/commits
[2026-09-02 14:51:54.662839] Start sending file updates emails...
[2026-09-02 14:51:54.670868] Finish sending file updates emails.

2026-09-02 14:56:38,850 starts to send email
2026-09-02 14:56:39,526 Load disk config: storage_dir=/opt/seafile/seafile-data/storage/blocks
2026-09-02 14:56:39,526 Load disk config: storage_dir=/opt/seafile/seafile-data/storage/fs
2026-09-02 14:56:39,526 Load disk config: storage_dir=/opt/seafile/seafile-data/storage/commits
2026-09-02 14:56:55,837 Load disk config: storage_dir=/opt/seafile/seafile-data/storage/blocks
2026-09-02 14:56:55,837 Load disk config: storage_dir=/opt/seafile/seafile-data/storage/fs
2026-09-02 14:56:55,837 Load disk config: storage_dir=/opt/seafile/seafile-data/storage/commits
[2026-09-02 14:56:58.285269] Start sending file updates emails...
[2026-09-02 14:56:58.293209] Finish sending file updates emails.

2026-09-02 15:01:59,449 Load disk config: storage_dir=/opt/seafile/seafile-data/storage/blocks
2026-09-02 15:01:59,449 Load disk config: storage_dir=/opt/seafile/seafile-data/storage/fs
2026-09-02 15:01:59,449 Load disk config: storage_dir=/opt/seafile/seafile-data/storage/commits
[2026-09-02 15:02:01.952978] Start sending file updates emails...
[2026-09-02 15:02:01.960707] Finish sending file updates emails.

2026-09-02 15:07:03,107 Load disk config: storage_dir=/opt/seafile/seafile-data/storage/blocks
2026-09-02 15:07:03,107 Load disk config: storage_dir=/opt/seafile/seafile-data/storage/fs
2026-09-02 15:07:03,107 Load disk config: storage_dir=/opt/seafile/seafile-data/storage/commits
[2026-09-02 15:07:05.544816] Start sending file updates emails...
[2026-09-02 15:07:05.552445] Finish sending file updates emails.

2026-09-02 15:12:06,691 Load disk config: storage_dir=/opt/seafile/seafile-data/storage/blocks
2026-09-02 15:12:06,692 Load disk config: storage_dir=/opt/seafile/seafile-data/storage/fs
2026-09-02 15:12:06,692 Load disk config: storage_dir=/opt/seafile/seafile-data/storage/commits
[2026-09-02 15:12:09.132880] Start sending file updates emails...
[2026-09-02 15:12:09.140409] Finish sending file updates emails.

2026-09-02 15:17:10,302 Load disk config: storage_dir=/opt/seafile/seafile-data/storage/blocks
2026-09-02 15:17:10,302 Load disk config: storage_dir=/opt/seafile/seafile-data/storage/fs
2026-09-02 15:17:10,302 Load disk config: storage_dir=/opt/seafile/seafile-data/storage/commits
[2026-09-02 15:17:12.739919] Start sending file updates emails...
[2026-09-02 15:17:12.747746] Finish sending file updates emails.

2026-09-02 15:22:13,885 Load disk config: storage_dir=/opt/seafile/seafile-data/storage/blocks
2026-09-02 15:22:13,885 Load disk config: storage_dir=/opt/seafile/seafile-data/storage/fs
2026-09-02 15:22:13,885 Load disk config: storage_dir=/opt/seafile/seafile-data/storage/commits
[2026-09-02 15:22:16.319297] Start sending file updates emails...
[2026-09-02 15:22:16.326879] Finish sending file updates emails.

2026-09-02 15:26:38,850 starts to send email
2026-09-02 15:26:38,889 Start counting user activity info..
2026-09-02 15:26:38,890 [UserActivityCounter] update 0 items.
2026-09-02 15:26:38,916 Start counting traffic info..
2026-09-02 15:26:38,917 Traffic counter finished, total time: 0.0008947849273681641 seconds.
2026-09-02 15:26:39,061 Start counting file operations..
2026-09-02 15:26:39,074 [FileOpsCounter] Finish counting file operations in 0.013483524322509766 seconds, 0 added, 0 deleted, 0 visited, 0 modified
2026-09-02 15:26:39,140 Start counting monthly traffic info..
2026-09-02 15:26:39,166 Monthly traffic counter finished, update 1 user items, 1 org items, total time: 0.02609848976135254 seconds.
2026-09-02 15:26:39,273 Start counting total storage..
2026-09-02 15:26:39,342 [TotalStorageCounter] Finish counting total storage in 0.06960463523864746 seconds.
2026-09-02 15:26:39,570 Load disk config: storage_dir=/opt/seafile/seafile-data/storage/blocks
2026-09-02 15:26:39,571 Load disk config: storage_dir=/opt/seafile/seafile-data/storage/fs
2026-09-02 15:26:39,571 Load disk config: storage_dir=/opt/seafile/seafile-data/storage/commits
2026-09-02 15:27:17,517 Load disk config: storage_dir=/opt/seafile/seafile-data/storage/blocks
2026-09-02 15:27:17,517 Load disk config: storage_dir=/opt/seafile/seafile-data/storage/fs
2026-09-02 15:27:17,517 Load disk config: storage_dir=/opt/seafile/seafile-data/storage/commits
[2026-09-02 15:27:19.929096] Start sending file updates emails...
[2026-09-02 15:27:19.936698] Finish sending file updates emails.

2026-09-02 15:32:21,067 Load disk config: storage_dir=/opt/seafile/seafile-data/storage/blocks
2026-09-02 15:32:21,067 Load disk config: storage_dir=/opt/seafile/seafile-data/storage/fs
2026-09-02 15:32:21,067 Load disk config: storage_dir=/opt/seafile/seafile-data/storage/commits
[2026-09-02 15:32:23.494998] Start sending file updates emails...
[2026-09-02 15:32:23.502685] Finish sending file updates emails.

2026-09-02 15:37:01,101 Failed to collect repo change information: Error 111 connecting to redis:6379. Connection refused.
2026-09-02 15:37:01,587 Failed handle metrics: Error -3 connecting to redis:6379. Temporary failure in name resolution.
2026-09-02 15:37:01,588 redis pubsub failed. connection failed: Error -3 connecting to redis:6379. Temporary failure in name resolution.
Exception in thread Thread-15:
Traceback (most recent call last):
  File "/opt/seafile/seafile-server-13.0.25/seahub/thirdpart/redis/retry.py", line 87, in call_with_retry
    return do()
           ^^^^
  File "/opt/seafile/seafile-server-13.0.25/seahub/thirdpart/redis/client.py", line 919, in <lambda>
    lambda: command(*args, **kwargs),
            ^^^^^^^^^^^^^^^^^^^^^^^^
  File "/opt/seafile/seafile-server-13.0.25/seahub/thirdpart/redis/client.py", line 936, in try_read
    if not conn.can_read(timeout=timeout):
           ^^^^^^^^^^^^^^^^^^^^^^^^^^^^^^
  File "/opt/seafile/seafile-server-13.0.25/seahub/thirdpart/redis/connection.py", line 622, in can_read
    return self._parser.can_read(timeout)
           ^^^^^^^^^^^^^^^^^^^^^^^^^^^^^^
  File "/opt/seafile/seafile-server-13.0.25/seahub/thirdpart/redis/_parsers/base.py", line 140, in can_read
    return self._buffer and self._buffer.can_read(timeout)
                            ^^^^^^^^^^^^^^^^^^^^^^^^^^^^^^
  File "/opt/seafile/seafile-server-13.0.25/seahub/thirdpart/redis/_parsers/socket.py", line 95, in can_read
    return bool(self.unread_bytes()) or self._read_from_socket(
                                        ^^^^^^^^^^^^^^^^^^^^^^^
  File "/opt/seafile/seafile-server-13.0.25/seahub/thirdpart/redis/_parsers/socket.py", line 68, in _read_from_socket
    raise ConnectionError(SERVER_CLOSED_CONNECTION_ERROR)
redis.exceptions.ConnectionError: Connection closed by server.

During handling of the above exception, another exception occurred:

Traceback (most recent call last):
  File "/opt/seafile/seafile-server-13.0.25/seahub/thirdpart/redis/connection.py", line 385, in connect_check_health
    sock = self.retry.call_with_retry(
           ^^^^^^^^^^^^^^^^^^^^^^^^^^^
  File "/opt/seafile/seafile-server-13.0.25/seahub/thirdpart/redis/retry.py", line 87, in call_with_retry
    return do()
           ^^^^
  File "/opt/seafile/seafile-server-13.0.25/seahub/thirdpart/redis/connection.py", line 386, in <lambda>
    lambda: self._connect(), lambda error: self.disconnect(error)
            ^^^^^^^^^^^^^^^
  File "/opt/seafile/seafile-server-13.0.25/seahub/thirdpart/redis/connection.py", line 761, in _connect
    for res in socket.getaddrinfo(
               ^^^^^^^^^^^^^^^^^^^
  File "/usr/lib/python3.12/socket.py", line 963, in getaddrinfo
    for res in _socket.getaddrinfo(host, port, family, type, proto, flags):
               ^^^^^^^^^^^^^^^^^^^^^^^^^^^^^^^^^^^^^^^^^^^^^^^^^^^^^^^^^^^
socket.gaierror: [Errno -3] Temporary failure in name resolution

During handling of the above exception, another exception occurred:

Traceback (most recent call last):
  File "/opt/seafile/seafile-server-13.0.25/pro/python/seafevents/events/metrics.py", line 57, in run
    message = subscriber.get_message()
              ^^^^^^^^^^^^^^^^^^^^^^^^
  File "/opt/seafile/seafile-server-13.0.25/seahub/thirdpart/redis/client.py", line 1131, in get_message
    response = self.parse_response(block=(timeout is None), timeout=timeout)
               ^^^^^^^^^^^^^^^^^^^^^^^^^^^^^^^^^^^^^^^^^^^^^^^^^^^^^^^^^^^^^
  File "/opt/seafile/seafile-server-13.0.25/seahub/thirdpart/redis/client.py", line 942, in parse_response
    response = self._execute(conn, try_read)
               ^^^^^^^^^^^^^^^^^^^^^^^^^^^^^
  File "/opt/seafile/seafile-server-13.0.25/seahub/thirdpart/redis/client.py", line 918, in _execute
    return conn.retry.call_with_retry(
           ^^^^^^^^^^^^^^^^^^^^^^^^^^^
  File "/opt/seafile/seafile-server-13.0.25/seahub/thirdpart/redis/retry.py", line 90, in call_with_retry
    fail(error)
  File "/opt/seafile/seafile-server-13.0.25/seahub/thirdpart/redis/client.py", line 920, in <lambda>
    lambda _: self._reconnect(conn),
              ^^^^^^^^^^^^^^^^^^^^^
  File "/opt/seafile/seafile-server-13.0.25/seahub/thirdpart/redis/client.py", line 908, in _reconnect
    conn.connect()
  File "/opt/seafile/seafile-server-13.0.25/seahub/thirdpart/redis/connection.py", line 379, in connect
    self.connect_check_health(check_health=True)
  File "/opt/seafile/seafile-server-13.0.25/seahub/thirdpart/redis/connection.py", line 391, in connect_check_health
    raise ConnectionError(self._error_message(e))
redis.exceptions.ConnectionError: Error -3 connecting to redis:6379. Temporary failure in name resolution.

During handling of the above exception, another exception occurred:

Traceback (most recent call last):
  File "/opt/seafile/seafile-server-13.0.25/seahub/thirdpart/redis/connection.py", line 385, in connect_check_health
    sock = self.retry.call_with_retry(
           ^^^^^^^^^^^^^^^^^^^^^^^^^^^
  File "/opt/seafile/seafile-server-13.0.25/seahub/thirdpart/redis/retry.py", line 87, in call_with_retry
    return do()
           ^^^^
  File "/opt/seafile/seafile-server-13.0.25/seahub/thirdpart/redis/connection.py", line 386, in <lambda>
    lambda: self._connect(), lambda error: self.disconnect(error)
            ^^^^^^^^^^^^^^^
  File "/opt/seafile/seafile-server-13.0.25/seahub/thirdpart/redis/connection.py", line 761, in _connect
    for res in socket.getaddrinfo(
               ^^^^^^^^^^^^^^^^^^^
  File "/usr/lib/python3.12/socket.py", line 963, in getaddrinfo
    for res in _socket.getaddrinfo(host, port, family, type, proto, flags):
               ^^^^^^^^^^^^^^^^^^^^^^^^^^^^^^^^^^^^^^^^^^^^^^^^^^^^^^^^^^^
socket.gaierror: [Errno -3] Temporary failure in name resolution

During handling of the above exception, another exception occurred:

Traceback (most recent call last):
  File "/usr/lib/python3.12/threading.py", line 1073, in _bootstrap_inner
    self.run()
  File "/opt/seafile/seafile-server-13.0.25/pro/python/seafevents/events/metrics.py", line 81, in run
    subscriber = self._redis_client.get_subscriber(METRIC_CHANNEL_NAME)
                 ^^^^^^^^^^^^^^^^^^^^^^^^^^^^^^^^^^^^^^^^^^^^^^^^^^^^^^
  File "/opt/seafile/seafile-server-13.0.25/pro/python/seafevents/app/event_redis.py", line 66, in get_subscriber
    raise e
  File "/opt/seafile/seafile-server-13.0.25/pro/python/seafevents/app/event_redis.py", line 60, in get_subscriber
    subscriber.subscribe(channel_name)
  File "/opt/seafile/seafile-server-13.0.25/seahub/thirdpart/redis/client.py", line 1034, in subscribe
    ret_val = self.execute_command("SUBSCRIBE", *new_channels.keys())
              ^^^^^^^^^^^^^^^^^^^^^^^^^^^^^^^^^^^^^^^^^^^^^^^^^^^^^^^
  File "/opt/seafile/seafile-server-13.0.25/seahub/thirdpart/redis/client.py", line 864, in execute_command
    self.connection = self.connection_pool.get_connection()
                      ^^^^^^^^^^^^^^^^^^^^^^^^^^^^^^^^^^^^^
  File "/opt/seafile/seafile-server-13.0.25/seahub/thirdpart/redis/utils.py", line 191, in wrapper
    return func(*args, **kwargs)
           ^^^^^^^^^^^^^^^^^^^^^
  File "/opt/seafile/seafile-server-13.0.25/seahub/thirdpart/redis/connection.py", line 1530, in get_connection
    connection.connect()
  File "/opt/seafile/seafile-server-13.0.25/seahub/thirdpart/redis/connection.py", line 379, in connect
    self.connect_check_health(check_health=True)
  File "/opt/seafile/seafile-server-13.0.25/seahub/thirdpart/redis/connection.py", line 391, in connect_check_health
    raise ConnectionError(self._error_message(e))
redis.exceptions.ConnectionError: Error -3 connecting to redis:6379. Temporary failure in name resolution.
2026-09-02 15:37:01,616 Failed to collect repo change information: Error -3 connecting to redis:6379. Temporary failure in name resolution.
[2026-07-27 20:44:22] Start Monitor 
[2026-07-27 20:44:22] Start fileserver 
[2026-07-27 20:44:23] Start seafevents.main 
2026-07-27 20:44:24,969 Load disk config: storage_dir=/opt/seafile/seafile-data/storage/blocks
2026-07-27 20:44:24,969 Load disk config: storage_dir=/opt/seafile/seafile-data/storage/fs
2026-07-27 20:44:24,970 Load disk config: storage_dir=/opt/seafile/seafile-data/storage/commits
2026-07-27 20:44:26,554 LDAP is not set, disable ldap sync.
2026-07-27 20:44:26,558 [virus_scan] scan_command option is not found in seafile.conf, disable virus scan.
2026-07-27 20:44:26,559 Subscribe to channels: {'seaf_server.stats', 'seaf_server.event', 'seahub.stats'}
2026-07-27 20:44:26,561 Start counting user activity info..
2026-07-27 20:44:26,562 Start counting traffic info..
2026-07-27 20:44:26,562 Start file updates sender, interval = 300 sec
2026-07-27 20:44:26,563 [UserActivityCounter] update 0 items.
2026-07-27 20:44:26,564 Traffic counter finished, total time: 0.0022361278533935547 seconds.
2026-07-27 20:44:26,565 Can not start work weixin notice sender: it is not enabled!
2026-07-27 20:44:26,565 Can not start index updater: it is not enabled!
2026-07-27 20:44:26,565 Serving on http://127.0.0.1:8889
2026-07-27 20:44:26,565 seahub email sender is started, interval = 1800 sec
2026-07-27 20:44:26,566 Can not start ldap syncer: it is not enabled!
2026-07-27 20:44:26,566 Can not start virus scanner: it is not enabled!
2026-07-27 20:44:26,566 Start data statistics..
2026-07-27 20:44:26,566 Can not start content scanner: it is not enabled!
2026-07-27 20:44:26,566 Can not scan repo old files auto del days: it is not enabled!
2026-07-27 20:44:26,567 Start counting total storage..
2026-07-27 20:44:26,568 Start counting file operations..
2026-07-27 20:44:26,568 Start metric collect, interval = 15 sec
2026-07-27 20:44:26,572 Start counting monthly traffic info..
2026-07-27 20:44:26,574 Starting metric handler
2026-07-27 20:44:26,575 Starting handle redis channel
2026-07-27 20:44:26,575 Can not start seasearch file index updater: it is not enabled!
2026-07-27 20:44:26,577 Can not start seasearch wiki index updater: it is not enabled!
2026-07-27 20:44:26,578 Can not start wiki index updater: it is not enabled!
2026-07-27 20:44:26,579 Starting quota usage saver timer, interval = 30 sec
2026-07-27 20:44:26,580 Starting repo change collector
2026-07-27 20:44:26,585 Starting handle redis channel
2026-07-27 20:44:26,585 seahub quota alert email sender is started, interval = 86400 sec
2026-07-27 20:44:26,627 Monthly traffic counter finished, update 0 user items, 0 org items, total time: 0.05469870567321777 seconds.
2026-07-27 20:44:26,638 [FileOpsCounter] Finish counting file operations in 0.06775403022766113 seconds, 0 added, 0 deleted, 0 visited, 0 modified
2026-07-27 20:44:26,654 [TotalStorageCounter] Finish counting total storage in 0.08551335334777832 seconds.
2026-09-09 11:34:35,939 Load disk config: storage_dir=/opt/seafile/seafile-data/storage/blocks
2026-09-09 11:34:35,940 Load disk config: storage_dir=/opt/seafile/seafile-data/storage/fs
2026-09-09 11:34:35,940 Load disk config: storage_dir=/opt/seafile/seafile-data/storage/commits
[2026-09-09 11:34:45.551852] Start sending file updates emails...
[2026-09-09 11:34:45.571506] Finish sending file updates emails.

2026-09-09 11:39:48,721 Load disk config: storage_dir=/opt/seafile/seafile-data/storage/blocks
2026-09-09 11:39:48,721 Load disk config: storage_dir=/opt/seafile/seafile-data/storage/fs
2026-09-09 11:39:48,722 Load disk config: storage_dir=/opt/seafile/seafile-data/storage/commits
[2026-09-09 11:39:54.952086] Start sending file updates emails...
[2026-09-09 11:39:54.970244] Finish sending file updates emails.

2026-09-09 11:44:56,670 Load disk config: storage_dir=/opt/seafile/seafile-data/storage/blocks
2026-09-09 11:44:56,670 Load disk config: storage_dir=/opt/seafile/seafile-data/storage/fs
2026-09-09 11:44:56,694 Load disk config: storage_dir=/opt/seafile/seafile-data/storage/commits
[2026-09-09 11:44:59.239787] Start sending file updates emails...
[2026-09-09 11:44:59.247415] Finish sending file updates emails.

2026-09-09 11:50:00,423 Load disk config: storage_dir=/opt/seafile/seafile-data/storage/blocks
2026-09-09 11:50:00,423 Load disk config: storage_dir=/opt/seafile/seafile-data/storage/fs
2026-09-09 11:50:00,423 Load disk config: storage_dir=/opt/seafile/seafile-data/storage/commits
[2026-09-09 11:50:02.888028] Start sending file updates emails...
[2026-09-09 11:50:02.895912] Finish sending file updates emails.

2026-09-09 11:55:04,056 Load disk config: storage_dir=/opt/seafile/seafile-data/storage/blocks
2026-09-09 11:55:04,057 Load disk config: storage_dir=/opt/seafile/seafile-data/storage/fs
2026-09-09 11:55:04,057 Load disk config: storage_dir=/opt/seafile/seafile-data/storage/commits
[2026-09-09 11:55:06.527939] Start sending file updates emails...
[2026-09-09 11:55:06.535753] Finish sending file updates emails.

2026-09-09 11:59:33,924 starts to send email
2026-09-09 11:59:34,681 Load disk config: storage_dir=/opt/seafile/seafile-data/storage/blocks
2026-09-09 11:59:34,681 Load disk config: storage_dir=/opt/seafile/seafile-data/storage/fs
2026-09-09 11:59:34,681 Load disk config: storage_dir=/opt/seafile/seafile-data/storage/commits
2026-09-09 12:00:07,693 Load disk config: storage_dir=/opt/seafile/seafile-data/storage/blocks
2026-09-09 12:00:07,693 Load disk config: storage_dir=/opt/seafile/seafile-data/storage/fs
2026-09-09 12:00:07,693 Load disk config: storage_dir=/opt/seafile/seafile-data/storage/commits
[2026-09-09 12:00:10.150964] Start sending file updates emails...
[2026-09-09 12:00:10.158693] Finish sending file updates emails.

2026-09-09 12:05:11,315 Load disk config: storage_dir=/opt/seafile/seafile-data/storage/blocks
2026-09-09 12:05:11,315 Load disk config: storage_dir=/opt/seafile/seafile-data/storage/fs
2026-09-09 12:05:11,315 Load disk config: storage_dir=/opt/seafile/seafile-data/storage/commits
[2026-09-09 12:05:13.748768] Start sending file updates emails...
[2026-09-09 12:05:13.756475] Finish sending file updates emails.

2026-09-09 12:10:14,908 Load disk config: storage_dir=/opt/seafile/seafile-data/storage/blocks
2026-09-09 12:10:14,908 Load disk config: storage_dir=/opt/seafile/seafile-data/storage/fs
2026-09-09 12:10:14,908 Load disk config: storage_dir=/opt/seafile/seafile-data/storage/commits
[2026-09-09 12:10:17.401074] Start sending file updates emails...
[2026-09-09 12:10:17.408935] Finish sending file updates emails.

2026-09-09 12:15:18,565 Load disk config: storage_dir=/opt/seafile/seafile-data/storage/blocks
2026-09-09 12:15:18,565 Load disk config: storage_dir=/opt/seafile/seafile-data/storage/fs
2026-09-09 12:15:18,565 Load disk config: storage_dir=/opt/seafile/seafile-data/storage/commits
[2026-09-09 12:15:20.990170] Start sending file updates emails...
[2026-09-09 12:15:20.997939] Finish sending file updates emails.

2026-09-09 12:20:22,149 Load disk config: storage_dir=/opt/seafile/seafile-data/storage/blocks
2026-09-09 12:20:22,149 Load disk config: storage_dir=/opt/seafile/seafile-data/storage/fs
2026-09-09 12:20:22,149 Load disk config: storage_dir=/opt/seafile/seafile-data/storage/commits
[2026-09-09 12:20:24.611707] Start sending file updates emails...
[2026-09-09 12:20:24.619496] Finish sending file updates emails.

2026-09-09 12:25:25,764 Load disk config: storage_dir=/opt/seafile/seafile-data/storage/blocks
2026-09-09 12:25:25,764 Load disk config: storage_dir=/opt/seafile/seafile-data/storage/fs
2026-09-09 12:25:25,764 Load disk config: storage_dir=/opt/seafile/seafile-data/storage/commits
[2026-09-09 12:25:28.223523] Start sending file updates emails...
[2026-09-09 12:25:28.254580] Finish sending file updates emails.

2026-09-09 12:29:33,924 Start counting user activity info..
2026-09-09 12:29:33,924 Start counting traffic info..
2026-09-09 12:29:33,924 [UserActivityCounter] update 0 items.
2026-09-09 12:29:33,925 Traffic counter finished, total time: 0.0008437633514404297 seconds.
2026-09-09 12:29:33,949 starts to send email
2026-09-09 12:29:34,000 Start counting monthly traffic info..
2026-09-09 12:29:34,002 Start counting file operations..
2026-09-09 12:29:34,015 Start counting total storage..
2026-09-09 12:29:34,043 [FileOpsCounter] Finish counting file operations in 0.040223121643066406 seconds, 0 added, 0 deleted, 0 visited, 0 modified
2026-09-09 12:29:34,070 Monthly traffic counter finished, update 1 user items, 1 org items, total time: 0.06901669502258301 seconds.
2026-09-09 12:29:34,078 [TotalStorageCounter] Finish counting total storage in 0.06268525123596191 seconds.
2026-09-09 12:29:34,680 Load disk config: storage_dir=/opt/seafile/seafile-data/storage/blocks
2026-09-09 12:29:34,680 Load disk config: storage_dir=/opt/seafile/seafile-data/storage/fs
2026-09-09 12:29:34,680 Load disk config: storage_dir=/opt/seafile/seafile-data/storage/commits
2026-09-09 12:30:29,458 Load disk config: storage_dir=/opt/seafile/seafile-data/storage/blocks
2026-09-09 12:30:29,459 Load disk config: storage_dir=/opt/seafile/seafile-data/storage/fs
2026-09-09 12:30:29,459 Load disk config: storage_dir=/opt/seafile/seafile-data/storage/commits
[2026-09-09 12:30:31.897395] Start sending file updates emails...
[2026-09-09 12:30:31.905492] Finish sending file updates emails.

2026-09-09 12:35:33,058 Load disk config: storage_dir=/opt/seafile/seafile-data/storage/blocks
2026-09-09 12:35:33,059 Load disk config: storage_dir=/opt/seafile/seafile-data/storage/fs
2026-09-09 12:35:33,059 Load disk config: storage_dir=/opt/seafile/seafile-data/storage/commits
[2026-09-09 12:35:35.492865] Start sending file updates emails...
[2026-09-09 12:35:35.500466] Finish sending file updates emails.

2026-09-09 12:40:36,651 Load disk config: storage_dir=/opt/seafile/seafile-data/storage/blocks
2026-09-09 12:40:36,651 Load disk config: storage_dir=/opt/seafile/seafile-data/storage/fs
2026-09-09 12:40:36,651 Load disk config: storage_dir=/opt/seafile/seafile-data/storage/commits
[2026-09-09 12:40:39.123423] Start sending file updates emails...
[2026-09-09 12:40:39.131015] Finish sending file updates emails.

2026-09-09 12:45:40,279 Load disk config: storage_dir=/opt/seafile/seafile-data/storage/blocks
2026-09-09 12:45:40,279 Load disk config: storage_dir=/opt/seafile/seafile-data/storage/fs
2026-09-09 12:45:40,280 Load disk config: storage_dir=/opt/seafile/seafile-data/storage/commits
[2026-09-09 12:45:42.748706] Start sending file updates emails...
[2026-09-09 12:45:42.756588] Finish sending file updates emails.

2026-09-09 12:50:43,923 Load disk config: storage_dir=/opt/seafile/seafile-data/storage/blocks
2026-09-09 12:50:43,923 Load disk config: storage_dir=/opt/seafile/seafile-data/storage/fs
2026-09-09 12:50:43,923 Load disk config: storage_dir=/opt/seafile/seafile-data/storage/commits
[2026-09-09 12:50:46.378194] Start sending file updates emails...
[2026-09-09 12:50:46.385900] Finish sending file updates emails.

2026-09-09 12:55:47,542 Load disk config: storage_dir=/opt/seafile/seafile-data/storage/blocks
2026-09-09 12:55:47,543 Load disk config: storage_dir=/opt/seafile/seafile-data/storage/fs
2026-09-09 12:55:47,543 Load disk config: storage_dir=/opt/seafile/seafile-data/storage/commits
[2026-09-09 12:55:49.998028] Start sending file updates emails...
[2026-09-09 12:55:50.006211] Finish sending file updates emails.

2026-09-09 12:59:33,950 starts to send email
2026-09-09 12:59:34,652 Load disk config: storage_dir=/opt/seafile/seafile-data/storage/blocks
2026-09-09 12:59:34,652 Load disk config: storage_dir=/opt/seafile/seafile-data/storage/fs
2026-09-09 12:59:34,652 Load disk config: storage_dir=/opt/seafile/seafile-data/storage/commits
2026-09-09 13:00:51,159 Load disk config: storage_dir=/opt/seafile/seafile-data/storage/blocks
2026-09-09 13:00:51,160 Load disk config: storage_dir=/opt/seafile/seafile-data/storage/fs
2026-09-09 13:00:51,160 Load disk config: storage_dir=/opt/seafile/seafile-data/storage/commits
[2026-09-09 13:00:53.626251] Start sending file updates emails...
[2026-09-09 13:00:53.634068] Finish sending file updates emails.

2026-09-09 13:05:54,790 Load disk config: storage_dir=/opt/seafile/seafile-data/storage/blocks
2026-09-09 13:05:54,790 Load disk config: storage_dir=/opt/seafile/seafile-data/storage/fs
2026-09-09 13:05:54,790 Load disk config: storage_dir=/opt/seafile/seafile-data/storage/commits
[2026-09-09 13:05:57.296745] Start sending file updates emails...
[2026-09-09 13:05:57.304525] Finish sending file updates emails.

2026-09-09 13:10:58,464 Load disk config: storage_dir=/opt/seafile/seafile-data/storage/blocks
2026-09-09 13:10:58,464 Load disk config: storage_dir=/opt/seafile/seafile-data/storage/fs
2026-09-09 13:10:58,464 Load disk config: storage_dir=/opt/seafile/seafile-data/storage/commits
[2026-09-09 13:11:01.097456] Start sending file updates emails...
[2026-09-09 13:11:01.105393] Finish sending file updates emails.

2026-09-09 13:16:02,249 Load disk config: storage_dir=/opt/seafile/seafile-data/storage/blocks
2026-09-09 13:16:02,249 Load disk config: storage_dir=/opt/seafile/seafile-data/storage/fs
2026-09-09 13:16:02,249 Load disk config: storage_dir=/opt/seafile/seafile-data/storage/commits
[2026-09-09 13:16:04.679767] Start sending file updates emails...
[2026-09-09 13:16:04.687427] Finish sending file updates emails.

2026-09-09 13:21:05,738 Load disk config: storage_dir=/opt/seafile/seafile-data/storage/blocks
2026-09-09 13:21:05,738 Load disk config: storage_dir=/opt/seafile/seafile-data/storage/fs
2026-09-09 13:21:05,738 Load disk config: storage_dir=/opt/seafile/seafile-data/storage/commits
[2026-09-09 13:21:07.589463] Start sending file updates emails...
[2026-09-09 13:21:07.595087] Finish sending file updates emails.

2026-09-09 13:22:19,650 Failed to collect repo change information: Error 111 connecting to redis:6379. Connection refused.
2026-09-09 13:22:20,052 Failed handle metrics: Error -3 connecting to redis:6379. Temporary failure in name resolution.
2026-09-09 13:22:20,064 redis pubsub failed. connection failed: Error -3 connecting to redis:6379. Temporary failure in name resolution.
Exception in thread Thread-15:
Traceback (most recent call last):
  File "/opt/seafile/seafile-server-13.0.25/seahub/thirdpart/redis/retry.py", line 87, in call_with_retry
    return do()
           ^^^^
  File "/opt/seafile/seafile-server-13.0.25/seahub/thirdpart/redis/client.py", line 919, in <lambda>
    lambda: command(*args, **kwargs),
            ^^^^^^^^^^^^^^^^^^^^^^^^
  File "/opt/seafile/seafile-server-13.0.25/seahub/thirdpart/redis/client.py", line 936, in try_read
    if not conn.can_read(timeout=timeout):
           ^^^^^^^^^^^^^^^^^^^^^^^^^^^^^^
  File "/opt/seafile/seafile-server-13.0.25/seahub/thirdpart/redis/connection.py", line 622, in can_read
    return self._parser.can_read(timeout)
           ^^^^^^^^^^^^^^^^^^^^^^^^^^^^^^
  File "/opt/seafile/seafile-server-13.0.25/seahub/thirdpart/redis/_parsers/base.py", line 140, in can_read
    return self._buffer and self._buffer.can_read(timeout)
                            ^^^^^^^^^^^^^^^^^^^^^^^^^^^^^^
  File "/opt/seafile/seafile-server-13.0.25/seahub/thirdpart/redis/_parsers/socket.py", line 95, in can_read
    return bool(self.unread_bytes()) or self._read_from_socket(
                                        ^^^^^^^^^^^^^^^^^^^^^^^
  File "/opt/seafile/seafile-server-13.0.25/seahub/thirdpart/redis/_parsers/socket.py", line 68, in _read_from_socket
    raise ConnectionError(SERVER_CLOSED_CONNECTION_ERROR)
redis.exceptions.ConnectionError: Connection closed by server.

During handling of the above exception, another exception occurred:

Traceback (most recent call last):
  File "/opt/seafile/seafile-server-13.0.25/seahub/thirdpart/redis/connection.py", line 385, in connect_check_health
    sock = self.retry.call_with_retry(
           ^^^^^^^^^^^^^^^^^^^^^^^^^^^
  File "/opt/seafile/seafile-server-13.0.25/seahub/thirdpart/redis/retry.py", line 87, in call_with_retry
    return do()
           ^^^^
  File "/opt/seafile/seafile-server-13.0.25/seahub/thirdpart/redis/connection.py", line 386, in <lambda>
    lambda: self._connect(), lambda error: self.disconnect(error)
            ^^^^^^^^^^^^^^^
  File "/opt/seafile/seafile-server-13.0.25/seahub/thirdpart/redis/connection.py", line 761, in _connect
    for res in socket.getaddrinfo(
               ^^^^^^^^^^^^^^^^^^^
  File "/usr/lib/python3.12/socket.py", line 963, in getaddrinfo
    for res in _socket.getaddrinfo(host, port, family, type, proto, flags):
               ^^^^^^^^^^^^^^^^^^^^^^^^^^^^^^^^^^^^^^^^^^^^^^^^^^^^^^^^^^^
socket.gaierror: [Errno -3] Temporary failure in name resolution

During handling of the above exception, another exception occurred:

Traceback (most recent call last):
  File "/opt/seafile/seafile-server-13.0.25/pro/python/seafevents/events/metrics.py", line 57, in run
    message = subscriber.get_message()
              ^^^^^^^^^^^^^^^^^^^^^^^^
  File "/opt/seafile/seafile-server-13.0.25/seahub/thirdpart/redis/client.py", line 1131, in get_message
    response = self.parse_response(block=(timeout is None), timeout=timeout)
               ^^^^^^^^^^^^^^^^^^^^^^^^^^^^^^^^^^^^^^^^^^^^^^^^^^^^^^^^^^^^^
  File "/opt/seafile/seafile-server-13.0.25/seahub/thirdpart/redis/client.py", line 942, in parse_response
    response = self._execute(conn, try_read)
               ^^^^^^^^^^^^^^^^^^^^^^^^^^^^^
  File "/opt/seafile/seafile-server-13.0.25/seahub/thirdpart/redis/client.py", line 918, in _execute
    return conn.retry.call_with_retry(
           ^^^^^^^^^^^^^^^^^^^^^^^^^^^
  File "/opt/seafile/seafile-server-13.0.25/seahub/thirdpart/redis/retry.py", line 90, in call_with_retry
    fail(error)
  File "/opt/seafile/seafile-server-13.0.25/seahub/thirdpart/redis/client.py", line 920, in <lambda>
    lambda _: self._reconnect(conn),
              ^^^^^^^^^^^^^^^^^^^^^
  File "/opt/seafile/seafile-server-13.0.25/seahub/thirdpart/redis/client.py", line 908, in _reconnect
    conn.connect()
  File "/opt/seafile/seafile-server-13.0.25/seahub/thirdpart/redis/connection.py", line 379, in connect
    self.connect_check_health(check_health=True)
  File "/opt/seafile/seafile-server-13.0.25/seahub/thirdpart/redis/connection.py", line 391, in connect_check_health
    raise ConnectionError(self._error_message(e))
redis.exceptions.ConnectionError: Error -3 connecting to redis:6379. Temporary failure in name resolution.

During handling of the above exception, another exception occurred:

Traceback (most recent call last):
  File "/opt/seafile/seafile-server-13.0.25/seahub/thirdpart/redis/connection.py", line 385, in connect_check_health
    sock = self.retry.call_with_retry(
           ^^^^^^^^^^^^^^^^^^^^^^^^^^^
  File "/opt/seafile/seafile-server-13.0.25/seahub/thirdpart/redis/retry.py", line 87, in call_with_retry
    return do()
           ^^^^
  File "/opt/seafile/seafile-server-13.0.25/seahub/thirdpart/redis/connection.py", line 386, in <lambda>
    lambda: self._connect(), lambda error: self.disconnect(error)
            ^^^^^^^^^^^^^^^
  File "/opt/seafile/seafile-server-13.0.25/seahub/thirdpart/redis/connection.py", line 761, in _connect
    for res in socket.getaddrinfo(
               ^^^^^^^^^^^^^^^^^^^
  File "/usr/lib/python3.12/socket.py", line 963, in getaddrinfo
    for res in _socket.getaddrinfo(host, port, family, type, proto, flags):
               ^^^^^^^^^^^^^^^^^^^^^^^^^^^^^^^^^^^^^^^^^^^^^^^^^^^^^^^^^^^
socket.gaierror: [Errno -3] Temporary failure in name resolution

During handling of the above exception, another exception occurred:

Traceback (most recent call last):
  File "/usr/lib/python3.12/threading.py", line 1073, in _bootstrap_inner
    self.run()
  File "/opt/seafile/seafile-server-13.0.25/pro/python/seafevents/events/metrics.py", line 81, in run
    subscriber = self._redis_client.get_subscriber(METRIC_CHANNEL_NAME)
                 ^^^^^^^^^^^^^^^^^^^^^^^^^^^^^^^^^^^^^^^^^^^^^^^^^^^^^^
  File "/opt/seafile/seafile-server-13.0.25/pro/python/seafevents/app/event_redis.py", line 66, in get_subscriber
    raise e
  File "/opt/seafile/seafile-server-13.0.25/pro/python/seafevents/app/event_redis.py", line 60, in get_subscriber
    subscriber.subscribe(channel_name)
  File "/opt/seafile/seafile-server-13.0.25/seahub/thirdpart/redis/client.py", line 1034, in subscribe
    ret_val = self.execute_command("SUBSCRIBE", *new_channels.keys())
              ^^^^^^^^^^^^^^^^^^^^^^^^^^^^^^^^^^^^^^^^^^^^^^^^^^^^^^^
  File "/opt/seafile/seafile-server-13.0.25/seahub/thirdpart/redis/client.py", line 864, in execute_command
    self.connection = self.connection_pool.get_connection()
                      ^^^^^^^^^^^^^^^^^^^^^^^^^^^^^^^^^^^^^
  File "/opt/seafile/seafile-server-13.0.25/seahub/thirdpart/redis/utils.py", line 191, in wrapper
    return func(*args, **kwargs)
           ^^^^^^^^^^^^^^^^^^^^^
  File "/opt/seafile/seafile-server-13.0.25/seahub/thirdpart/redis/connection.py", line 1530, in get_connection
    connection.connect()
  File "/opt/seafile/seafile-server-13.0.25/seahub/thirdpart/redis/connection.py", line 379, in connect
    self.connect_check_health(check_health=True)
  File "/opt/seafile/seafile-server-13.0.25/seahub/thirdpart/redis/connection.py", line 391, in connect_check_health
    raise ConnectionError(self._error_message(e))
redis.exceptions.ConnectionError: Error -3 connecting to redis:6379. Temporary failure in name resolution.
2026-09-09 13:22:20,158 Failed to collect repo change information: Error -3 connecting to redis:6379. Temporary failure in name resolution.
[2026-09-09 13:23:04] Start Monitor 
[2026-09-09 13:23:04] Start fileserver 
[2026-09-09 13:23:05] Start seafevents.main 
2026-09-09 13:23:05,730 Load disk config: storage_dir=/opt/seafile/seafile-data/storage/blocks
2026-09-09 13:23:05,730 Load disk config: storage_dir=/opt/seafile/seafile-data/storage/fs
2026-09-09 13:23:05,730 Load disk config: storage_dir=/opt/seafile/seafile-data/storage/commits
2026-09-09 13:23:07,035 LDAP is not set, disable ldap sync.
2026-09-09 13:23:07,036 [virus_scan] scan_command option is not found in seafile.conf, disable virus scan.
2026-09-09 13:23:07,036 Subscribe to channels: {'seaf_server.event', 'seaf_server.stats', 'seahub.stats'}
2026-09-09 13:23:07,038 Start counting user activity info..
2026-09-09 13:23:07,039 Start counting traffic info..
2026-09-09 13:23:07,039 [UserActivityCounter] update 0 items.
2026-09-09 13:23:07,040 Start file updates sender, interval = 300 sec
2026-09-09 13:23:07,040 Traffic counter finished, total time: 0.0014390945434570312 seconds.
2026-09-09 13:23:07,041 Can not start work weixin notice sender: it is not enabled!
2026-09-09 13:23:07,041 Can not start index updater: it is not enabled!
2026-09-09 13:23:07,041 seahub email sender is started, interval = 1800 sec
2026-09-09 13:23:07,042 Serving on http://127.0.0.1:8889
2026-09-09 13:23:07,042 Can not start ldap syncer: it is not enabled!
2026-09-09 13:23:07,042 Can not start virus scanner: it is not enabled!
2026-09-09 13:23:07,042 Start data statistics..
2026-09-09 13:23:07,042 Can not start content scanner: it is not enabled!
2026-09-09 13:23:07,042 Can not scan repo old files auto del days: it is not enabled!
2026-09-09 13:23:07,043 Start counting total storage..
2026-09-09 13:23:07,043 Start metric collect, interval = 15 sec
2026-09-09 13:23:07,045 Start counting file operations..
2026-09-09 13:23:07,046 Start counting monthly traffic info..
2026-09-09 13:23:07,048 Starting metric handler
2026-09-09 13:23:07,050 Starting handle redis channel
2026-09-09 13:23:07,050 Can not start seasearch file index updater: it is not enabled!
2026-09-09 13:23:07,052 Can not start seasearch wiki index updater: it is not enabled!
2026-09-09 13:23:07,052 Can not start wiki index updater: it is not enabled!
2026-09-09 13:23:07,052 Starting quota usage saver timer, interval = 30 sec
2026-09-09 13:23:07,053 Starting repo change collector
2026-09-09 13:23:07,086 Starting handle redis channel
2026-09-09 13:23:07,086 seahub quota alert email sender is started, interval = 86400 sec
2026-09-09 13:23:07,106 [FileOpsCounter] Finish counting file operations in 0.05945181846618652 seconds, 0 added, 0 deleted, 0 visited, 0 modified
2026-09-09 13:23:07,110 Monthly traffic counter finished, update 1 user items, 1 org items, total time: 0.06378602981567383 seconds.
2026-09-09 13:23:07,123 [TotalStorageCounter] Finish counting total storage in 0.07888197898864746 seconds.
2026-09-09 13:24:44,489 Failed to collect repo change information: Error 111 connecting to redis:6379. Connection refused.
2026-09-09 13:24:44,993 Failed to collect repo change information: Error -3 connecting to redis:6379. Temporary failure in name resolution.
[2026-09-09 13:24:52] Start Monitor 
[2026-09-09 13:24:52] Start fileserver 
[2026-09-09 13:24:53] Start seafevents.main 
2026-09-09 13:24:54,395 Load disk config: storage_dir=/opt/seafile/seafile-data/storage/blocks
2026-09-09 13:24:54,395 Load disk config: storage_dir=/opt/seafile/seafile-data/storage/fs
2026-09-09 13:24:54,395 Load disk config: storage_dir=/opt/seafile/seafile-data/storage/commits
2026-09-09 13:24:55,230 LDAP is not set, disable ldap sync.
2026-09-09 13:24:55,230 [virus_scan] scan_command option is not found in seafile.conf, disable virus scan.
2026-09-09 13:24:55,230 Subscribe to channels: {'seaf_server.stats', 'seaf_server.event', 'seahub.stats'}
2026-09-09 13:24:55,232 Start counting user activity info..
2026-09-09 13:24:55,233 Start counting traffic info..
2026-09-09 13:24:55,233 [UserActivityCounter] update 0 items.
2026-09-09 13:24:55,234 Traffic counter finished, total time: 0.0008573532104492188 seconds.
2026-09-09 13:24:55,234 Start file updates sender, interval = 300 sec
2026-09-09 13:24:55,235 Can not start work weixin notice sender: it is not enabled!
2026-09-09 13:24:55,235 Can not start index updater: it is not enabled!
2026-09-09 13:24:55,235 Serving on http://127.0.0.1:8889
2026-09-09 13:24:55,235 seahub email sender is started, interval = 1800 sec
2026-09-09 13:24:55,236 Can not start ldap syncer: it is not enabled!
2026-09-09 13:24:55,236 Can not start virus scanner: it is not enabled!
2026-09-09 13:24:55,236 Start data statistics..
2026-09-09 13:24:55,236 Can not start content scanner: it is not enabled!
2026-09-09 13:24:55,237 Start counting total storage..
2026-09-09 13:24:55,237 Can not scan repo old files auto del days: it is not enabled!
2026-09-09 13:24:55,239 Start counting file operations..
2026-09-09 13:24:55,239 Start counting monthly traffic info..
2026-09-09 13:24:55,241 Start metric collect, interval = 15 sec
2026-09-09 13:24:55,242 Starting metric handler
2026-09-09 13:24:55,244 Starting handle redis channel
2026-09-09 13:24:55,244 Can not start seasearch file index updater: it is not enabled!
2026-09-09 13:24:55,245 Can not start seasearch wiki index updater: it is not enabled!
2026-09-09 13:24:55,246 Can not start wiki index updater: it is not enabled!
2026-09-09 13:24:55,246 Starting quota usage saver timer, interval = 30 sec
2026-09-09 13:24:55,247 Starting repo change collector
2026-09-09 13:24:55,271 Starting handle redis channel
2026-09-09 13:24:55,271 seahub quota alert email sender is started, interval = 86400 sec
2026-09-09 13:24:55,296 [FileOpsCounter] Finish counting file operations in 0.05650591850280762 seconds, 0 added, 0 deleted, 0 visited, 0 modified
2026-09-09 13:24:55,306 [TotalStorageCounter] Finish counting total storage in 0.06883907318115234 seconds.
2026-09-09 13:24:55,306 Monthly traffic counter finished, update 1 user items, 1 org items, total time: 0.06714606285095215 seconds.
2026-09-09 13:29:55,943 Load disk config: storage_dir=/opt/seafile/seafile-data/storage/blocks
2026-09-09 13:29:55,944 Load disk config: storage_dir=/opt/seafile/seafile-data/storage/fs
2026-09-09 13:29:55,944 Load disk config: storage_dir=/opt/seafile/seafile-data/storage/commits
[2026-09-09 13:29:58.497868] Start sending file updates emails...
[2026-09-09 13:29:58.506120] Finish sending file updates emails.

2026-09-09 13:34:59,672 Load disk config: storage_dir=/opt/seafile/seafile-data/storage/blocks
2026-09-09 13:34:59,672 Load disk config: storage_dir=/opt/seafile/seafile-data/storage/fs
2026-09-09 13:34:59,672 Load disk config: storage_dir=/opt/seafile/seafile-data/storage/commits
[2026-09-09 13:35:02.257962] Start sending file updates emails...
[2026-09-09 13:35:02.265842] Finish sending file updates emails.

2026-09-09 13:40:03,450 Load disk config: storage_dir=/opt/seafile/seafile-data/storage/blocks
2026-09-09 13:40:03,450 Load disk config: storage_dir=/opt/seafile/seafile-data/storage/fs
2026-09-09 13:40:03,451 Load disk config: storage_dir=/opt/seafile/seafile-data/storage/commits
[2026-09-09 13:40:05.871448] Start sending file updates emails...
[2026-09-09 13:40:05.879420] Finish sending file updates emails.

2026-09-09 13:45:07,047 Load disk config: storage_dir=/opt/seafile/seafile-data/storage/blocks
2026-09-09 13:45:07,047 Load disk config: storage_dir=/opt/seafile/seafile-data/storage/fs
2026-09-09 13:45:07,048 Load disk config: storage_dir=/opt/seafile/seafile-data/storage/commits
[2026-09-09 13:45:09.515437] Start sending file updates emails...
[2026-09-09 13:45:09.523277] Finish sending file updates emails.

2026-09-09 13:50:10,682 Load disk config: storage_dir=/opt/seafile/seafile-data/storage/blocks
2026-09-09 13:50:10,683 Load disk config: storage_dir=/opt/seafile/seafile-data/storage/fs
2026-09-09 13:50:10,683 Load disk config: storage_dir=/opt/seafile/seafile-data/storage/commits
[2026-09-09 13:50:13.180832] Start sending file updates emails...
[2026-09-09 13:50:13.188476] Finish sending file updates emails.

2026-09-09 13:54:55,236 starts to send email
2026-09-09 13:54:55,926 Load disk config: storage_dir=/opt/seafile/seafile-data/storage/blocks
2026-09-09 13:54:55,926 Load disk config: storage_dir=/opt/seafile/seafile-data/storage/fs
2026-09-09 13:54:55,927 Load disk config: storage_dir=/opt/seafile/seafile-data/storage/commits
2026-09-09 13:55:14,337 Load disk config: storage_dir=/opt/seafile/seafile-data/storage/blocks
2026-09-09 13:55:14,337 Load disk config: storage_dir=/opt/seafile/seafile-data/storage/fs
2026-09-09 13:55:14,337 Load disk config: storage_dir=/opt/seafile/seafile-data/storage/commits
[2026-09-09 13:55:16.839882] Start sending file updates emails...
[2026-09-09 13:55:16.847622] Finish sending file updates emails.

2026-09-09 14:00:17,985 Load disk config: storage_dir=/opt/seafile/seafile-data/storage/blocks
2026-09-09 14:00:17,986 Load disk config: storage_dir=/opt/seafile/seafile-data/storage/fs
2026-09-09 14:00:17,986 Load disk config: storage_dir=/opt/seafile/seafile-data/storage/commits
[2026-09-09 14:00:20.460098] Start sending file updates emails...
[2026-09-09 14:00:20.467730] Finish sending file updates emails.

2026-09-09 14:05:21,605 Load disk config: storage_dir=/opt/seafile/seafile-data/storage/blocks
2026-09-09 14:05:21,605 Load disk config: storage_dir=/opt/seafile/seafile-data/storage/fs
2026-09-09 14:05:21,605 Load disk config: storage_dir=/opt/seafile/seafile-data/storage/commits
[2026-09-09 14:05:24.134494] Start sending file updates emails...
[2026-09-09 14:05:24.142553] Finish sending file updates emails.

2026-09-09 14:10:25,330 Load disk config: storage_dir=/opt/seafile/seafile-data/storage/blocks
2026-09-09 14:10:25,330 Load disk config: storage_dir=/opt/seafile/seafile-data/storage/fs
2026-09-09 14:10:25,330 Load disk config: storage_dir=/opt/seafile/seafile-data/storage/commits
[2026-09-09 14:10:27.815265] Start sending file updates emails...
[2026-09-09 14:10:27.823499] Finish sending file updates emails.

2026-09-09 14:15:28,989 Load disk config: storage_dir=/opt/seafile/seafile-data/storage/blocks
2026-09-09 14:15:28,989 Load disk config: storage_dir=/opt/seafile/seafile-data/storage/fs
2026-09-09 14:15:28,989 Load disk config: storage_dir=/opt/seafile/seafile-data/storage/commits
[2026-09-09 14:15:31.429394] Start sending file updates emails...
[2026-09-09 14:15:31.437070] Finish sending file updates emails.

2026-09-09 14:20:32,569 Load disk config: storage_dir=/opt/seafile/seafile-data/storage/blocks
2026-09-09 14:20:32,570 Load disk config: storage_dir=/opt/seafile/seafile-data/storage/fs
2026-09-09 14:20:32,570 Load disk config: storage_dir=/opt/seafile/seafile-data/storage/commits
[2026-09-09 14:20:34.988484] Start sending file updates emails...
[2026-09-09 14:20:34.996273] Finish sending file updates emails.

2026-09-09 14:24:55,235 Start counting user activity info..
2026-09-09 14:24:55,235 Start counting traffic info..
2026-09-09 14:24:55,236 [UserActivityCounter] update 0 items.
2026-09-09 14:24:55,236 Traffic counter finished, total time: 0.0010821819305419922 seconds.
2026-09-09 14:24:55,237 starts to send email
2026-09-09 14:24:55,300 Start counting file operations..
2026-09-09 14:24:55,309 Start counting monthly traffic info..
2026-09-09 14:24:55,310 Start counting total storage..
2026-09-09 14:24:55,326 [FileOpsCounter] Finish counting file operations in 0.025190353393554688 seconds, 0 added, 0 deleted, 0 visited, 0 modified
2026-09-09 14:24:55,356 Monthly traffic counter finished, update 1 user items, 1 org items, total time: 0.047246694564819336 seconds.
2026-09-09 14:24:55,392 [TotalStorageCounter] Finish counting total storage in 0.07906270027160645 seconds.
2026-09-09 14:24:55,971 Load disk config: storage_dir=/opt/seafile/seafile-data/storage/blocks
2026-09-09 14:24:55,971 Load disk config: storage_dir=/opt/seafile/seafile-data/storage/fs
2026-09-09 14:24:55,972 Load disk config: storage_dir=/opt/seafile/seafile-data/storage/commits
2026-09-09 14:25:36,147 Load disk config: storage_dir=/opt/seafile/seafile-data/storage/blocks
2026-09-09 14:25:36,147 Load disk config: storage_dir=/opt/seafile/seafile-data/storage/fs
2026-09-09 14:25:36,147 Load disk config: storage_dir=/opt/seafile/seafile-data/storage/commits
[2026-09-09 14:25:38.534694] Start sending file updates emails...
[2026-09-09 14:25:38.542474] Finish sending file updates emails.

2026-09-09 14:30:39,674 Load disk config: storage_dir=/opt/seafile/seafile-data/storage/blocks
2026-09-09 14:30:39,674 Load disk config: storage_dir=/opt/seafile/seafile-data/storage/fs
2026-09-09 14:30:39,674 Load disk config: storage_dir=/opt/seafile/seafile-data/storage/commits
[2026-09-09 14:30:42.151443] Start sending file updates emails...
[2026-09-09 14:30:42.159404] Finish sending file updates emails.

2026-09-09 14:35:43,296 Load disk config: storage_dir=/opt/seafile/seafile-data/storage/blocks
2026-09-09 14:35:43,296 Load disk config: storage_dir=/opt/seafile/seafile-data/storage/fs
2026-09-09 14:35:43,297 Load disk config: storage_dir=/opt/seafile/seafile-data/storage/commits
[2026-09-09 14:35:45.698645] Start sending file updates emails...
[2026-09-09 14:35:45.706664] Finish sending file updates emails.

2026-09-09 14:40:46,830 Load disk config: storage_dir=/opt/seafile/seafile-data/storage/blocks
2026-09-09 14:40:46,830 Load disk config: storage_dir=/opt/seafile/seafile-data/storage/fs
2026-09-09 14:40:46,830 Load disk config: storage_dir=/opt/seafile/seafile-data/storage/commits
[2026-09-09 14:40:49.266258] Start sending file updates emails...
[2026-09-09 14:40:49.273917] Finish sending file updates emails.

2026-09-09 14:45:50,427 Load disk config: storage_dir=/opt/seafile/seafile-data/storage/blocks
2026-09-09 14:45:50,427 Load disk config: storage_dir=/opt/seafile/seafile-data/storage/fs
2026-09-09 14:45:50,427 Load disk config: storage_dir=/opt/seafile/seafile-data/storage/commits
[2026-09-09 14:45:52.850043] Start sending file updates emails...
[2026-09-09 14:45:52.857828] Finish sending file updates emails.

2026-09-09 14:50:54,002 Load disk config: storage_dir=/opt/seafile/seafile-data/storage/blocks
2026-09-09 14:50:54,002 Load disk config: storage_dir=/opt/seafile/seafile-data/storage/fs
2026-09-09 14:50:54,002 Load disk config: storage_dir=/opt/seafile/seafile-data/storage/commits
[2026-09-09 14:50:56.487878] Start sending file updates emails...
[2026-09-09 14:50:56.495682] Finish sending file updates emails.

2026-09-09 14:54:55,237 starts to send email
2026-09-09 14:54:55,926 Load disk config: storage_dir=/opt/seafile/seafile-data/storage/blocks
2026-09-09 14:54:55,927 Load disk config: storage_dir=/opt/seafile/seafile-data/storage/fs
2026-09-09 14:54:55,927 Load disk config: storage_dir=/opt/seafile/seafile-data/storage/commits
2026-09-09 14:55:57,681 Load disk config: storage_dir=/opt/seafile/seafile-data/storage/blocks
2026-09-09 14:55:57,681 Load disk config: storage_dir=/opt/seafile/seafile-data/storage/fs
2026-09-09 14:55:57,681 Load disk config: storage_dir=/opt/seafile/seafile-data/storage/commits
[2026-09-09 14:56:00.107819] Start sending file updates emails...
[2026-09-09 14:56:00.116106] Finish sending file updates emails.

2026-09-09 15:01:01,346 Load disk config: storage_dir=/opt/seafile/seafile-data/storage/blocks
2026-09-09 15:01:01,346 Load disk config: storage_dir=/opt/seafile/seafile-data/storage/fs
2026-09-09 15:01:01,346 Load disk config: storage_dir=/opt/seafile/seafile-data/storage/commits
[2026-09-09 15:01:03.817101] Start sending file updates emails...
[2026-09-09 15:01:03.824873] Finish sending file updates emails.

2026-09-09 15:06:04,967 Load disk config: storage_dir=/opt/seafile/seafile-data/storage/blocks
2026-09-09 15:06:04,968 Load disk config: storage_dir=/opt/seafile/seafile-data/storage/fs
2026-09-09 15:06:04,968 Load disk config: storage_dir=/opt/seafile/seafile-data/storage/commits
[2026-09-09 15:06:07.371382] Start sending file updates emails...
[2026-09-09 15:06:07.379181] Finish sending file updates emails.

2026-09-09 15:11:08,518 Load disk config: storage_dir=/opt/seafile/seafile-data/storage/blocks
2026-09-09 15:11:08,518 Load disk config: storage_dir=/opt/seafile/seafile-data/storage/fs
2026-09-09 15:11:08,518 Load disk config: storage_dir=/opt/seafile/seafile-data/storage/commits
[2026-09-09 15:11:10.946192] Start sending file updates emails...
[2026-09-09 15:11:10.954067] Finish sending file updates emails.

2026-09-09 15:16:12,086 Load disk config: storage_dir=/opt/seafile/seafile-data/storage/blocks
2026-09-09 15:16:12,087 Load disk config: storage_dir=/opt/seafile/seafile-data/storage/fs
2026-09-09 15:16:12,087 Load disk config: storage_dir=/opt/seafile/seafile-data/storage/commits
[2026-09-09 15:16:14.495711] Start sending file updates emails...
[2026-09-09 15:16:14.503434] Finish sending file updates emails.

2026-09-09 15:21:15,630 Load disk config: storage_dir=/opt/seafile/seafile-data/storage/blocks
2026-09-09 15:21:15,630 Load disk config: storage_dir=/opt/seafile/seafile-data/storage/fs
2026-09-09 15:21:15,630 Load disk config: storage_dir=/opt/seafile/seafile-data/storage/commits
[2026-09-09 15:21:18.029886] Start sending file updates emails...
[2026-09-09 15:21:18.037590] Finish sending file updates emails.

2026-09-09 15:24:55,237 Start counting user activity info..
2026-09-09 15:24:55,238 Start counting traffic info..
2026-09-09 15:24:55,238 [UserActivityCounter] update 0 items.
2026-09-09 15:24:55,239 Traffic counter finished, total time: 0.0009808540344238281 seconds.
2026-09-09 15:24:55,239 starts to send email
2026-09-09 15:24:55,328 Start counting file operations..
2026-09-09 15:24:55,342 [FileOpsCounter] Finish counting file operations in 0.013209104537963867 seconds, 0 added, 0 deleted, 0 visited, 0 modified
2026-09-09 15:24:55,357 Start counting monthly traffic info..
2026-09-09 15:24:55,383 Monthly traffic counter finished, update 1 user items, 1 org items, total time: 0.02558588981628418 seconds.
2026-09-09 15:24:55,394 Start counting total storage..
2026-09-09 15:24:55,526 [TotalStorageCounter] Finish counting total storage in 0.1318514347076416 seconds.
2026-09-09 15:24:55,989 Load disk config: storage_dir=/opt/seafile/seafile-data/storage/blocks
2026-09-09 15:24:55,990 Load disk config: storage_dir=/opt/seafile/seafile-data/storage/fs
2026-09-09 15:24:55,990 Load disk config: storage_dir=/opt/seafile/seafile-data/storage/commits
2026-09-09 15:26:19,172 Load disk config: storage_dir=/opt/seafile/seafile-data/storage/blocks
2026-09-09 15:26:19,172 Load disk config: storage_dir=/opt/seafile/seafile-data/storage/fs
2026-09-09 15:26:19,172 Load disk config: storage_dir=/opt/seafile/seafile-data/storage/commits
[2026-09-09 15:26:21.619782] Start sending file updates emails...
[2026-09-09 15:26:21.627571] Finish sending file updates emails.

2026-09-09 15:31:22,536 Load disk config: storage_dir=/opt/seafile/seafile-data/storage/blocks
2026-09-09 15:31:22,536 Load disk config: storage_dir=/opt/seafile/seafile-data/storage/fs
2026-09-09 15:31:22,536 Load disk config: storage_dir=/opt/seafile/seafile-data/storage/commits
[2026-09-09 15:31:24.154930] Start sending file updates emails...
[2026-09-09 15:31:24.160648] Finish sending file updates emails.

2026-09-09 15:36:25,103 Load disk config: storage_dir=/opt/seafile/seafile-data/storage/blocks
2026-09-09 15:36:25,103 Load disk config: storage_dir=/opt/seafile/seafile-data/storage/fs
2026-09-09 15:36:25,103 Load disk config: storage_dir=/opt/seafile/seafile-data/storage/commits
[2026-09-09 15:36:27.049104] Start sending file updates emails...
[2026-09-09 15:36:27.055243] Finish sending file updates emails.

2026-09-09 15:41:28,280 Load disk config: storage_dir=/opt/seafile/seafile-data/storage/blocks
2026-09-09 15:41:28,281 Load disk config: storage_dir=/opt/seafile/seafile-data/storage/fs
2026-09-09 15:41:28,281 Load disk config: storage_dir=/opt/seafile/seafile-data/storage/commits
[2026-09-09 15:41:30.651300] Start sending file updates emails...
[2026-09-09 15:41:30.661156] Finish sending file updates emails.

2026-09-09 15:46:31,742 Load disk config: storage_dir=/opt/seafile/seafile-data/storage/blocks
2026-09-09 15:46:31,742 Load disk config: storage_dir=/opt/seafile/seafile-data/storage/fs
2026-09-09 15:46:31,742 Load disk config: storage_dir=/opt/seafile/seafile-data/storage/commits
[2026-09-09 15:46:34.150613] Start sending file updates emails...
[2026-09-09 15:46:34.158508] Finish sending file updates emails.

2026-09-09 15:51:35,137 Load disk config: storage_dir=/opt/seafile/seafile-data/storage/blocks
2026-09-09 15:51:35,137 Load disk config: storage_dir=/opt/seafile/seafile-data/storage/fs
2026-09-09 15:51:35,137 Load disk config: storage_dir=/opt/seafile/seafile-data/storage/commits
[2026-09-09 15:51:36.787706] Start sending file updates emails...
[2026-09-09 15:51:36.793666] Finish sending file updates emails.

2026-09-09 15:54:55,240 starts to send email
2026-09-09 15:54:55,940 Load disk config: storage_dir=/opt/seafile/seafile-data/storage/blocks
2026-09-09 15:54:55,941 Load disk config: storage_dir=/opt/seafile/seafile-data/storage/fs
2026-09-09 15:54:55,941 Load disk config: storage_dir=/opt/seafile/seafile-data/storage/commits
2026-09-09 15:56:37,897 Load disk config: storage_dir=/opt/seafile/seafile-data/storage/blocks
2026-09-09 15:56:37,897 Load disk config: storage_dir=/opt/seafile/seafile-data/storage/fs
2026-09-09 15:56:37,897 Load disk config: storage_dir=/opt/seafile/seafile-data/storage/commits
[2026-09-09 15:56:40.354237] Start sending file updates emails...
[2026-09-09 15:56:40.361945] Finish sending file updates emails.

2026-09-09 16:01:41,322 Load disk config: storage_dir=/opt/seafile/seafile-data/storage/blocks
2026-09-09 16:01:41,323 Load disk config: storage_dir=/opt/seafile/seafile-data/storage/fs
2026-09-09 16:01:41,323 Load disk config: storage_dir=/opt/seafile/seafile-data/storage/commits
[2026-09-09 16:01:43.107360] Start sending file updates emails...
[2026-09-09 16:01:43.112959] Finish sending file updates emails.

2026-09-09 16:06:44,027 Load disk config: storage_dir=/opt/seafile/seafile-data/storage/blocks
2026-09-09 16:06:44,027 Load disk config: storage_dir=/opt/seafile/seafile-data/storage/fs
2026-09-09 16:06:44,028 Load disk config: storage_dir=/opt/seafile/seafile-data/storage/commits
[2026-09-09 16:06:45.681911] Start sending file updates emails...
[2026-09-09 16:06:45.687961] Finish sending file updates emails.

2026-09-09 16:11:46,569 Load disk config: storage_dir=/opt/seafile/seafile-data/storage/blocks
2026-09-09 16:11:46,569 Load disk config: storage_dir=/opt/seafile/seafile-data/storage/fs
2026-09-09 16:11:46,569 Load disk config: storage_dir=/opt/seafile/seafile-data/storage/commits
[2026-09-09 16:11:48.216929] Start sending file updates emails...
[2026-09-09 16:11:48.222764] Finish sending file updates emails.

2026-09-09 16:16:49,333 Load disk config: storage_dir=/opt/seafile/seafile-data/storage/blocks
2026-09-09 16:16:49,333 Load disk config: storage_dir=/opt/seafile/seafile-data/storage/fs
2026-09-09 16:16:49,333 Load disk config: storage_dir=/opt/seafile/seafile-data/storage/commits
[2026-09-09 16:16:51.835006] Start sending file updates emails...
[2026-09-09 16:16:51.843362] Finish sending file updates emails.

2026-09-09 16:21:53,015 Load disk config: storage_dir=/opt/seafile/seafile-data/storage/blocks
2026-09-09 16:21:53,015 Load disk config: storage_dir=/opt/seafile/seafile-data/storage/fs
2026-09-09 16:21:53,015 Load disk config: storage_dir=/opt/seafile/seafile-data/storage/commits
[2026-09-09 16:21:55.516059] Start sending file updates emails...
[2026-09-09 16:21:55.524020] Finish sending file updates emails.

2026-09-09 16:24:55,239 Start counting user activity info..
2026-09-09 16:24:55,240 Start counting traffic info..
2026-09-09 16:24:55,241 [UserActivityCounter] update 0 items.
2026-09-09 16:24:55,242 Traffic counter finished, total time: 0.0017056465148925781 seconds.
2026-09-09 16:24:55,264 starts to send email
2026-09-09 16:24:55,344 Start counting file operations..
2026-09-09 16:24:55,361 [FileOpsCounter] Finish counting file operations in 0.01692962646484375 seconds, 0 added, 0 deleted, 0 visited, 0 modified
2026-09-09 16:24:55,384 Start counting monthly traffic info..
2026-09-09 16:24:55,408 Monthly traffic counter finished, update 1 user items, 1 org items, total time: 0.024085044860839844 seconds.
2026-09-09 16:24:55,528 Start counting total storage..
2026-09-09 16:24:55,553 [TotalStorageCounter] Finish counting total storage in 0.02555084228515625 seconds.
2026-09-09 16:24:56,004 Load disk config: storage_dir=/opt/seafile/seafile-data/storage/blocks
2026-09-09 16:24:56,004 Load disk config: storage_dir=/opt/seafile/seafile-data/storage/fs
2026-09-09 16:24:56,004 Load disk config: storage_dir=/opt/seafile/seafile-data/storage/commits
2026-09-09 16:26:56,697 Load disk config: storage_dir=/opt/seafile/seafile-data/storage/blocks
2026-09-09 16:26:56,697 Load disk config: storage_dir=/opt/seafile/seafile-data/storage/fs
2026-09-09 16:26:56,697 Load disk config: storage_dir=/opt/seafile/seafile-data/storage/commits
[2026-09-09 16:26:59.193100] Start sending file updates emails...
[2026-09-09 16:26:59.201144] Finish sending file updates emails.

2026-09-09 16:32:00,503 Load disk config: storage_dir=/opt/seafile/seafile-data/storage/blocks
2026-09-09 16:32:00,503 Load disk config: storage_dir=/opt/seafile/seafile-data/storage/fs
2026-09-09 16:32:00,503 Load disk config: storage_dir=/opt/seafile/seafile-data/storage/commits
[2026-09-09 16:32:03.107820] Start sending file updates emails...
[2026-09-09 16:32:03.115632] Finish sending file updates emails.

2026-09-09 16:37:04,327 Load disk config: storage_dir=/opt/seafile/seafile-data/storage/blocks
2026-09-09 16:37:04,327 Load disk config: storage_dir=/opt/seafile/seafile-data/storage/fs
2026-09-09 16:37:04,350 Load disk config: storage_dir=/opt/seafile/seafile-data/storage/commits
[2026-09-09 16:37:06.866230] Start sending file updates emails...
[2026-09-09 16:37:06.877475] Finish sending file updates emails.

2026-09-09 16:42:08,062 Load disk config: storage_dir=/opt/seafile/seafile-data/storage/blocks
2026-09-09 16:42:08,063 Load disk config: storage_dir=/opt/seafile/seafile-data/storage/fs
2026-09-09 16:42:08,063 Load disk config: storage_dir=/opt/seafile/seafile-data/storage/commits
[2026-09-09 16:42:10.558697] Start sending file updates emails...
[2026-09-09 16:42:10.566446] Finish sending file updates emails.

2026-09-09 16:47:11,794 Load disk config: storage_dir=/opt/seafile/seafile-data/storage/blocks
2026-09-09 16:47:11,794 Load disk config: storage_dir=/opt/seafile/seafile-data/storage/fs
2026-09-09 16:47:11,794 Load disk config: storage_dir=/opt/seafile/seafile-data/storage/commits
[2026-09-09 16:47:14.309631] Start sending file updates emails...
[2026-09-09 16:47:14.317556] Finish sending file updates emails.

2026-09-09 16:52:15,484 Load disk config: storage_dir=/opt/seafile/seafile-data/storage/blocks
2026-09-09 16:52:15,484 Load disk config: storage_dir=/opt/seafile/seafile-data/storage/fs
2026-09-09 16:52:15,484 Load disk config: storage_dir=/opt/seafile/seafile-data/storage/commits
[2026-09-09 16:52:17.976459] Start sending file updates emails...
[2026-09-09 16:52:17.984069] Finish sending file updates emails.

2026-09-09 16:54:55,265 starts to send email
2026-09-09 16:54:55,990 Load disk config: storage_dir=/opt/seafile/seafile-data/storage/blocks
2026-09-09 16:54:55,990 Load disk config: storage_dir=/opt/seafile/seafile-data/storage/fs
2026-09-09 16:54:55,990 Load disk config: storage_dir=/opt/seafile/seafile-data/storage/commits
2026-09-09 16:57:19,159 Load disk config: storage_dir=/opt/seafile/seafile-data/storage/blocks
2026-09-09 16:57:19,160 Load disk config: storage_dir=/opt/seafile/seafile-data/storage/fs
2026-09-09 16:57:19,160 Load disk config: storage_dir=/opt/seafile/seafile-data/storage/commits
[2026-09-09 16:57:21.665540] Start sending file updates emails...
[2026-09-09 16:57:21.673659] Finish sending file updates emails.

2026-09-09 17:02:22,842 Load disk config: storage_dir=/opt/seafile/seafile-data/storage/blocks
2026-09-09 17:02:22,842 Load disk config: storage_dir=/opt/seafile/seafile-data/storage/fs
2026-09-09 17:02:22,842 Load disk config: storage_dir=/opt/seafile/seafile-data/storage/commits
[2026-09-09 17:02:25.349844] Start sending file updates emails...
[2026-09-09 17:02:25.357902] Finish sending file updates emails.

2026-09-09 17:07:26,591 Load disk config: storage_dir=/opt/seafile/seafile-data/storage/blocks
2026-09-09 17:07:26,591 Load disk config: storage_dir=/opt/seafile/seafile-data/storage/fs
2026-09-09 17:07:26,591 Load disk config: storage_dir=/opt/seafile/seafile-data/storage/commits
[2026-09-09 17:07:29.131745] Start sending file updates emails...
[2026-09-09 17:07:29.139932] Finish sending file updates emails.

2026-09-09 17:12:30,315 Load disk config: storage_dir=/opt/seafile/seafile-data/storage/blocks
2026-09-09 17:12:30,316 Load disk config: storage_dir=/opt/seafile/seafile-data/storage/fs
2026-09-09 17:12:30,316 Load disk config: storage_dir=/opt/seafile/seafile-data/storage/commits
[2026-09-09 17:12:32.874376] Start sending file updates emails...
[2026-09-09 17:12:32.882340] Finish sending file updates emails.

2026-09-09 17:17:34,053 Load disk config: storage_dir=/opt/seafile/seafile-data/storage/blocks
2026-09-09 17:17:34,054 Load disk config: storage_dir=/opt/seafile/seafile-data/storage/fs
2026-09-09 17:17:34,054 Load disk config: storage_dir=/opt/seafile/seafile-data/storage/commits
[2026-09-09 17:17:36.661559] Start sending file updates emails...
[2026-09-09 17:17:36.669400] Finish sending file updates emails.

2026-09-09 17:22:37,850 Load disk config: storage_dir=/opt/seafile/seafile-data/storage/blocks
2026-09-09 17:22:37,850 Load disk config: storage_dir=/opt/seafile/seafile-data/storage/fs
2026-09-09 17:22:37,850 Load disk config: storage_dir=/opt/seafile/seafile-data/storage/commits
[2026-09-09 17:22:40.441397] Start sending file updates emails...
[2026-09-09 17:22:40.449126] Finish sending file updates emails.

2026-09-09 17:24:55,242 Start counting user activity info..
2026-09-09 17:24:55,243 Start counting traffic info..
2026-09-09 17:24:55,243 [UserActivityCounter] update 0 items.
2026-09-09 17:24:55,244 Traffic counter finished, total time: 0.0008475780487060547 seconds.
2026-09-09 17:24:55,266 starts to send email
2026-09-09 17:24:55,362 Start counting file operations..
2026-09-09 17:24:55,379 [FileOpsCounter] Finish counting file operations in 0.01674342155456543 seconds, 0 added, 0 deleted, 0 visited, 0 modified
2026-09-09 17:24:55,409 Start counting monthly traffic info..
2026-09-09 17:24:55,433 Monthly traffic counter finished, update 1 user items, 1 org items, total time: 0.023993253707885742 seconds.
2026-09-09 17:24:55,555 Start counting total storage..
2026-09-09 17:24:55,615 [TotalStorageCounter] Finish counting total storage in 0.059728145599365234 seconds.
2026-09-09 17:24:56,003 Load disk config: storage_dir=/opt/seafile/seafile-data/storage/blocks
2026-09-09 17:24:56,004 Load disk config: storage_dir=/opt/seafile/seafile-data/storage/fs
2026-09-09 17:24:56,004 Load disk config: storage_dir=/opt/seafile/seafile-data/storage/commits
2026-09-09 17:27:41,668 Load disk config: storage_dir=/opt/seafile/seafile-data/storage/blocks
2026-09-09 17:27:41,669 Load disk config: storage_dir=/opt/seafile/seafile-data/storage/fs
2026-09-09 17:27:41,669 Load disk config: storage_dir=/opt/seafile/seafile-data/storage/commits
[2026-09-09 17:27:44.172367] Start sending file updates emails...
[2026-09-09 17:27:44.180180] Finish sending file updates emails.

2026-09-09 17:32:45,350 Load disk config: storage_dir=/opt/seafile/seafile-data/storage/blocks
2026-09-09 17:32:45,350 Load disk config: storage_dir=/opt/seafile/seafile-data/storage/fs
2026-09-09 17:32:45,351 Load disk config: storage_dir=/opt/seafile/seafile-data/storage/commits
[2026-09-09 17:32:47.844372] Start sending file updates emails...
[2026-09-09 17:32:47.852600] Finish sending file updates emails.

2026-09-09 17:37:49,036 Load disk config: storage_dir=/opt/seafile/seafile-data/storage/blocks
2026-09-09 17:37:49,036 Load disk config: storage_dir=/opt/seafile/seafile-data/storage/fs
2026-09-09 17:37:49,036 Load disk config: storage_dir=/opt/seafile/seafile-data/storage/commits
[2026-09-09 17:37:51.565701] Start sending file updates emails...
[2026-09-09 17:37:51.574158] Finish sending file updates emails.

2026-09-09 17:42:52,746 Load disk config: storage_dir=/opt/seafile/seafile-data/storage/blocks
2026-09-09 17:42:52,746 Load disk config: storage_dir=/opt/seafile/seafile-data/storage/fs
2026-09-09 17:42:52,746 Load disk config: storage_dir=/opt/seafile/seafile-data/storage/commits
[2026-09-09 17:42:55.280158] Start sending file updates emails...
[2026-09-09 17:42:55.288488] Finish sending file updates emails.

2026-09-09 17:47:56,487 Load disk config: storage_dir=/opt/seafile/seafile-data/storage/blocks
2026-09-09 17:47:56,488 Load disk config: storage_dir=/opt/seafile/seafile-data/storage/fs
2026-09-09 17:47:56,488 Load disk config: storage_dir=/opt/seafile/seafile-data/storage/commits
[2026-09-09 17:47:59.016972] Start sending file updates emails...
[2026-09-09 17:47:59.025422] Finish sending file updates emails.

2026-09-09 17:53:00,218 Load disk config: storage_dir=/opt/seafile/seafile-data/storage/blocks
2026-09-09 17:53:00,219 Load disk config: storage_dir=/opt/seafile/seafile-data/storage/fs
2026-09-09 17:53:00,219 Load disk config: storage_dir=/opt/seafile/seafile-data/storage/commits
[2026-09-09 17:53:02.775590] Start sending file updates emails...
[2026-09-09 17:53:02.783479] Finish sending file updates emails.

2026-09-09 17:54:55,266 starts to send email
2026-09-09 17:54:55,985 Load disk config: storage_dir=/opt/seafile/seafile-data/storage/blocks
2026-09-09 17:54:55,986 Load disk config: storage_dir=/opt/seafile/seafile-data/storage/fs
2026-09-09 17:54:55,986 Load disk config: storage_dir=/opt/seafile/seafile-data/storage/commits
2026-09-09 17:58:04,028 Load disk config: storage_dir=/opt/seafile/seafile-data/storage/blocks
2026-09-09 17:58:04,028 Load disk config: storage_dir=/opt/seafile/seafile-data/storage/fs
2026-09-09 17:58:04,028 Load disk config: storage_dir=/opt/seafile/seafile-data/storage/commits
[2026-09-09 17:58:06.549951] Start sending file updates emails...
[2026-09-09 17:58:06.558219] Finish sending file updates emails.

2026-09-09 18:03:08,123 Load disk config: storage_dir=/opt/seafile/seafile-data/storage/blocks
2026-09-09 18:03:08,124 Load disk config: storage_dir=/opt/seafile/seafile-data/storage/fs
2026-09-09 18:03:08,124 Load disk config: storage_dir=/opt/seafile/seafile-data/storage/commits
[2026-09-09 18:03:14.228077] Start sending file updates emails...
[2026-09-09 18:03:14.247970] Finish sending file updates emails.

2026-09-09 18:08:16,079 Load disk config: storage_dir=/opt/seafile/seafile-data/storage/blocks
2026-09-09 18:08:16,079 Load disk config: storage_dir=/opt/seafile/seafile-data/storage/fs
2026-09-09 18:08:16,079 Load disk config: storage_dir=/opt/seafile/seafile-data/storage/commits
[2026-09-09 18:08:18.642299] Start sending file updates emails...
[2026-09-09 18:08:18.650199] Finish sending file updates emails.

2026-09-09 18:13:19,885 Load disk config: storage_dir=/opt/seafile/seafile-data/storage/blocks
2026-09-09 18:13:19,885 Load disk config: storage_dir=/opt/seafile/seafile-data/storage/fs
2026-09-09 18:13:19,885 Load disk config: storage_dir=/opt/seafile/seafile-data/storage/commits
[2026-09-09 18:13:22.375967] Start sending file updates emails...
[2026-09-09 18:13:22.383828] Finish sending file updates emails.

2026-09-09 18:18:23,570 Load disk config: storage_dir=/opt/seafile/seafile-data/storage/blocks
2026-09-09 18:18:23,570 Load disk config: storage_dir=/opt/seafile/seafile-data/storage/fs
2026-09-09 18:18:23,570 Load disk config: storage_dir=/opt/seafile/seafile-data/storage/commits
[2026-09-09 18:18:26.076199] Start sending file updates emails...
[2026-09-09 18:18:26.084327] Finish sending file updates emails.

2026-09-09 18:23:27,268 Load disk config: storage_dir=/opt/seafile/seafile-data/storage/blocks
2026-09-09 18:23:27,268 Load disk config: storage_dir=/opt/seafile/seafile-data/storage/fs
2026-09-09 18:23:27,269 Load disk config: storage_dir=/opt/seafile/seafile-data/storage/commits
[2026-09-09 18:23:29.801368] Start sending file updates emails...
[2026-09-09 18:23:29.809601] Finish sending file updates emails.

2026-09-09 18:24:55,245 Start counting user activity info..
2026-09-09 18:24:55,245 Start counting traffic info..
2026-09-09 18:24:55,246 [UserActivityCounter] update 0 items.
2026-09-09 18:24:55,246 Traffic counter finished, total time: 0.000911712646484375 seconds.
2026-09-09 18:24:55,267 starts to send email
2026-09-09 18:24:55,381 Start counting file operations..
2026-09-09 18:24:55,395 [FileOpsCounter] Finish counting file operations in 0.013918876647949219 seconds, 0 added, 0 deleted, 0 visited, 0 modified
2026-09-09 18:24:55,434 Start counting monthly traffic info..
2026-09-09 18:24:55,458 Monthly traffic counter finished, update 1 user items, 1 org items, total time: 0.024178266525268555 seconds.
2026-09-09 18:24:55,617 Start counting total storage..
2026-09-09 18:24:55,659 [TotalStorageCounter] Finish counting total storage in 0.04116201400756836 seconds.
2026-09-09 18:24:56,010 Load disk config: storage_dir=/opt/seafile/seafile-data/storage/blocks
2026-09-09 18:24:56,010 Load disk config: storage_dir=/opt/seafile/seafile-data/storage/fs
2026-09-09 18:24:56,010 Load disk config: storage_dir=/opt/seafile/seafile-data/storage/commits
2026-09-09 18:28:31,004 Load disk config: storage_dir=/opt/seafile/seafile-data/storage/blocks
2026-09-09 18:28:31,004 Load disk config: storage_dir=/opt/seafile/seafile-data/storage/fs
2026-09-09 18:28:31,004 Load disk config: storage_dir=/opt/seafile/seafile-data/storage/commits
[2026-09-09 18:28:33.656681] Start sending file updates emails...
[2026-09-09 18:28:33.664220] Finish sending file updates emails.

2026-09-09 18:33:34,901 Load disk config: storage_dir=/opt/seafile/seafile-data/storage/blocks
2026-09-09 18:33:34,901 Load disk config: storage_dir=/opt/seafile/seafile-data/storage/fs
2026-09-09 18:33:34,901 Load disk config: storage_dir=/opt/seafile/seafile-data/storage/commits
[2026-09-09 18:33:37.431945] Start sending file updates emails...
[2026-09-09 18:33:37.455372] Finish sending file updates emails.

2026-09-09 18:38:38,625 Load disk config: storage_dir=/opt/seafile/seafile-data/storage/blocks
2026-09-09 18:38:38,625 Load disk config: storage_dir=/opt/seafile/seafile-data/storage/fs
2026-09-09 18:38:38,625 Load disk config: storage_dir=/opt/seafile/seafile-data/storage/commits
[2026-09-09 18:38:41.105572] Start sending file updates emails...
[2026-09-09 18:38:41.113096] Finish sending file updates emails.

2026-09-09 18:43:42,291 Load disk config: storage_dir=/opt/seafile/seafile-data/storage/blocks
2026-09-09 18:43:42,291 Load disk config: storage_dir=/opt/seafile/seafile-data/storage/fs
2026-09-09 18:43:42,291 Load disk config: storage_dir=/opt/seafile/seafile-data/storage/commits
[2026-09-09 18:43:44.805008] Start sending file updates emails...
[2026-09-09 18:43:44.812431] Finish sending file updates emails.

2026-09-09 18:48:45,988 Load disk config: storage_dir=/opt/seafile/seafile-data/storage/blocks
2026-09-09 18:48:45,989 Load disk config: storage_dir=/opt/seafile/seafile-data/storage/fs
2026-09-09 18:48:45,989 Load disk config: storage_dir=/opt/seafile/seafile-data/storage/commits
[2026-09-09 18:48:48.525030] Start sending file updates emails...
[2026-09-09 18:48:48.533221] Finish sending file updates emails.

2026-09-09 18:53:49,719 Load disk config: storage_dir=/opt/seafile/seafile-data/storage/blocks
2026-09-09 18:53:49,719 Load disk config: storage_dir=/opt/seafile/seafile-data/storage/fs
2026-09-09 18:53:49,719 Load disk config: storage_dir=/opt/seafile/seafile-data/storage/commits
[2026-09-09 18:53:52.240777] Start sending file updates emails...
[2026-09-09 18:53:52.248860] Finish sending file updates emails.

2026-09-09 18:54:55,268 starts to send email
2026-09-09 18:54:56,000 Load disk config: storage_dir=/opt/seafile/seafile-data/storage/blocks
2026-09-09 18:54:56,000 Load disk config: storage_dir=/opt/seafile/seafile-data/storage/fs
2026-09-09 18:54:56,000 Load disk config: storage_dir=/opt/seafile/seafile-data/storage/commits
2026-09-09 18:58:53,435 Load disk config: storage_dir=/opt/seafile/seafile-data/storage/blocks
2026-09-09 18:58:53,436 Load disk config: storage_dir=/opt/seafile/seafile-data/storage/fs
2026-09-09 18:58:53,436 Load disk config: storage_dir=/opt/seafile/seafile-data/storage/commits
[2026-09-09 18:58:55.937476] Start sending file updates emails...
[2026-09-09 18:58:55.945318] Finish sending file updates emails.

2026-09-09 19:03:57,129 Load disk config: storage_dir=/opt/seafile/seafile-data/storage/blocks
2026-09-09 19:03:57,129 Load disk config: storage_dir=/opt/seafile/seafile-data/storage/fs
2026-09-09 19:03:57,130 Load disk config: storage_dir=/opt/seafile/seafile-data/storage/commits
[2026-09-09 19:03:59.717362] Start sending file updates emails...
[2026-09-09 19:03:59.725405] Finish sending file updates emails.

2026-09-09 19:09:00,921 Load disk config: storage_dir=/opt/seafile/seafile-data/storage/blocks
2026-09-09 19:09:00,921 Load disk config: storage_dir=/opt/seafile/seafile-data/storage/fs
2026-09-09 19:09:00,921 Load disk config: storage_dir=/opt/seafile/seafile-data/storage/commits
[2026-09-09 19:09:03.422620] Start sending file updates emails...
[2026-09-09 19:09:03.430304] Finish sending file updates emails.

2026-09-09 19:14:04,649 Load disk config: storage_dir=/opt/seafile/seafile-data/storage/blocks
2026-09-09 19:14:04,649 Load disk config: storage_dir=/opt/seafile/seafile-data/storage/fs
2026-09-09 19:14:04,650 Load disk config: storage_dir=/opt/seafile/seafile-data/storage/commits
[2026-09-09 19:14:07.196584] Start sending file updates emails...
[2026-09-09 19:14:07.204778] Finish sending file updates emails.

2026-09-09 19:19:08,379 Load disk config: storage_dir=/opt/seafile/seafile-data/storage/blocks
2026-09-09 19:19:08,379 Load disk config: storage_dir=/opt/seafile/seafile-data/storage/fs
2026-09-09 19:19:08,380 Load disk config: storage_dir=/opt/seafile/seafile-data/storage/commits
[2026-09-09 19:19:10.888763] Start sending file updates emails...
[2026-09-09 19:19:10.896539] Finish sending file updates emails.

2026-09-09 19:24:12,093 Load disk config: storage_dir=/opt/seafile/seafile-data/storage/blocks
2026-09-09 19:24:12,093 Load disk config: storage_dir=/opt/seafile/seafile-data/storage/fs
2026-09-09 19:24:12,093 Load disk config: storage_dir=/opt/seafile/seafile-data/storage/commits
[2026-09-09 19:24:14.580902] Start sending file updates emails...
[2026-09-09 19:24:14.589093] Finish sending file updates emails.

2026-09-09 19:24:55,247 Start counting user activity info..
2026-09-09 19:24:55,247 Start counting traffic info..
2026-09-09 19:24:55,248 [UserActivityCounter] update 0 items.
2026-09-09 19:24:55,248 Traffic counter finished, total time: 0.0007352828979492188 seconds.
2026-09-09 19:24:55,269 starts to send email
2026-09-09 19:24:55,398 Start counting file operations..
2026-09-09 19:24:55,412 [FileOpsCounter] Finish counting file operations in 0.01365041732788086 seconds, 0 added, 0 deleted, 0 visited, 0 modified
2026-09-09 19:24:55,460 Start counting monthly traffic info..
2026-09-09 19:24:55,486 Monthly traffic counter finished, update 1 user items, 1 org items, total time: 0.026401042938232422 seconds.
2026-09-09 19:24:55,661 Start counting total storage..
2026-09-09 19:24:55,737 [TotalStorageCounter] Finish counting total storage in 0.07581615447998047 seconds.
2026-09-09 19:24:56,014 Load disk config: storage_dir=/opt/seafile/seafile-data/storage/blocks
2026-09-09 19:24:56,014 Load disk config: storage_dir=/opt/seafile/seafile-data/storage/fs
2026-09-09 19:24:56,014 Load disk config: storage_dir=/opt/seafile/seafile-data/storage/commits
2026-09-09 19:29:15,868 Load disk config: storage_dir=/opt/seafile/seafile-data/storage/blocks
2026-09-09 19:29:15,868 Load disk config: storage_dir=/opt/seafile/seafile-data/storage/fs
2026-09-09 19:29:15,868 Load disk config: storage_dir=/opt/seafile/seafile-data/storage/commits
[2026-09-09 19:29:18.363106] Start sending file updates emails...
[2026-09-09 19:29:18.371254] Finish sending file updates emails.

2026-09-09 19:34:19,607 Load disk config: storage_dir=/opt/seafile/seafile-data/storage/blocks
2026-09-09 19:34:19,607 Load disk config: storage_dir=/opt/seafile/seafile-data/storage/fs
2026-09-09 19:34:19,607 Load disk config: storage_dir=/opt/seafile/seafile-data/storage/commits
[2026-09-09 19:34:22.084373] Start sending file updates emails...
[2026-09-09 19:34:22.091970] Finish sending file updates emails.

2026-09-09 19:39:23,263 Load disk config: storage_dir=/opt/seafile/seafile-data/storage/blocks
2026-09-09 19:39:23,263 Load disk config: storage_dir=/opt/seafile/seafile-data/storage/fs
2026-09-09 19:39:23,263 Load disk config: storage_dir=/opt/seafile/seafile-data/storage/commits
[2026-09-09 19:39:25.769846] Start sending file updates emails...
[2026-09-09 19:39:25.777390] Finish sending file updates emails.

2026-09-09 19:44:26,971 Load disk config: storage_dir=/opt/seafile/seafile-data/storage/blocks
2026-09-09 19:44:26,971 Load disk config: storage_dir=/opt/seafile/seafile-data/storage/fs
2026-09-09 19:44:26,972 Load disk config: storage_dir=/opt/seafile/seafile-data/storage/commits
[2026-09-09 19:44:29.483184] Start sending file updates emails...
[2026-09-09 19:44:29.491100] Finish sending file updates emails.

2026-09-09 19:49:30,669 Load disk config: storage_dir=/opt/seafile/seafile-data/storage/blocks
2026-09-09 19:49:30,669 Load disk config: storage_dir=/opt/seafile/seafile-data/storage/fs
2026-09-09 19:49:30,669 Load disk config: storage_dir=/opt/seafile/seafile-data/storage/commits
[2026-09-09 19:49:33.177790] Start sending file updates emails...
[2026-09-09 19:49:33.185835] Finish sending file updates emails.

2026-09-09 19:54:34,365 Load disk config: storage_dir=/opt/seafile/seafile-data/storage/blocks
2026-09-09 19:54:34,365 Load disk config: storage_dir=/opt/seafile/seafile-data/storage/fs
2026-09-09 19:54:34,365 Load disk config: storage_dir=/opt/seafile/seafile-data/storage/commits
[2026-09-09 19:54:36.980535] Start sending file updates emails...
[2026-09-09 19:54:36.988345] Finish sending file updates emails.

2026-09-09 19:54:55,269 starts to send email
2026-09-09 19:54:55,988 Load disk config: storage_dir=/opt/seafile/seafile-data/storage/blocks
2026-09-09 19:54:55,988 Load disk config: storage_dir=/opt/seafile/seafile-data/storage/fs
2026-09-09 19:54:55,988 Load disk config: storage_dir=/opt/seafile/seafile-data/storage/commits
2026-09-09 19:59:38,224 Load disk config: storage_dir=/opt/seafile/seafile-data/storage/blocks
2026-09-09 19:59:38,224 Load disk config: storage_dir=/opt/seafile/seafile-data/storage/fs
2026-09-09 19:59:38,224 Load disk config: storage_dir=/opt/seafile/seafile-data/storage/commits
[2026-09-09 19:59:40.705479] Start sending file updates emails...
[2026-09-09 19:59:40.713111] Finish sending file updates emails.

2026-09-09 20:04:41,878 Load disk config: storage_dir=/opt/seafile/seafile-data/storage/blocks
2026-09-09 20:04:41,878 Load disk config: storage_dir=/opt/seafile/seafile-data/storage/fs
2026-09-09 20:04:41,878 Load disk config: storage_dir=/opt/seafile/seafile-data/storage/commits
[2026-09-09 20:04:44.357717] Start sending file updates emails...
[2026-09-09 20:04:44.365736] Finish sending file updates emails.

2026-09-09 20:09:45,547 Load disk config: storage_dir=/opt/seafile/seafile-data/storage/blocks
2026-09-09 20:09:45,547 Load disk config: storage_dir=/opt/seafile/seafile-data/storage/fs
2026-09-09 20:09:45,547 Load disk config: storage_dir=/opt/seafile/seafile-data/storage/commits
[2026-09-09 20:09:48.108224] Start sending file updates emails...
[2026-09-09 20:09:48.117483] Finish sending file updates emails.

2026-09-09 20:14:49,294 Load disk config: storage_dir=/opt/seafile/seafile-data/storage/blocks
2026-09-09 20:14:49,294 Load disk config: storage_dir=/opt/seafile/seafile-data/storage/fs
2026-09-09 20:14:49,295 Load disk config: storage_dir=/opt/seafile/seafile-data/storage/commits
[2026-09-09 20:14:51.880924] Start sending file updates emails...
[2026-09-09 20:14:51.892480] Finish sending file updates emails.

2026-09-09 20:19:53,070 Load disk config: storage_dir=/opt/seafile/seafile-data/storage/blocks
2026-09-09 20:19:53,070 Load disk config: storage_dir=/opt/seafile/seafile-data/storage/fs
2026-09-09 20:19:53,070 Load disk config: storage_dir=/opt/seafile/seafile-data/storage/commits
[2026-09-09 20:19:55.654563] Start sending file updates emails...
[2026-09-09 20:19:55.662524] Finish sending file updates emails.

2026-09-09 20:24:55,249 Start counting user activity info..
2026-09-09 20:24:55,249 Start counting traffic info..
2026-09-09 20:24:55,250 [UserActivityCounter] update 0 items.
2026-09-09 20:24:55,250 Traffic counter finished, total time: 0.0008645057678222656 seconds.
2026-09-09 20:24:55,270 starts to send email
2026-09-09 20:24:55,414 Start counting file operations..
2026-09-09 20:24:55,429 [FileOpsCounter] Finish counting file operations in 0.01514577865600586 seconds, 0 added, 0 deleted, 0 visited, 0 modified
2026-09-09 20:24:55,487 Start counting monthly traffic info..
2026-09-09 20:24:55,516 Monthly traffic counter finished, update 1 user items, 1 org items, total time: 0.028473615646362305 seconds.
2026-09-09 20:24:55,739 Start counting total storage..
2026-09-09 20:24:55,766 [TotalStorageCounter] Finish counting total storage in 0.026800155639648438 seconds.
2026-09-09 20:24:56,017 Load disk config: storage_dir=/opt/seafile/seafile-data/storage/blocks
2026-09-09 20:24:56,017 Load disk config: storage_dir=/opt/seafile/seafile-data/storage/fs
2026-09-09 20:24:56,017 Load disk config: storage_dir=/opt/seafile/seafile-data/storage/commits
2026-09-09 20:24:57,224 Load disk config: storage_dir=/opt/seafile/seafile-data/storage/blocks
2026-09-09 20:24:57,225 Load disk config: storage_dir=/opt/seafile/seafile-data/storage/fs
2026-09-09 20:24:57,225 Load disk config: storage_dir=/opt/seafile/seafile-data/storage/commits
[2026-09-09 20:25:01.020548] Start sending file updates emails...
[2026-09-09 20:25:01.028479] Finish sending file updates emails.

2026-09-09 20:30:02,254 Load disk config: storage_dir=/opt/seafile/seafile-data/storage/blocks
2026-09-09 20:30:02,255 Load disk config: storage_dir=/opt/seafile/seafile-data/storage/fs
2026-09-09 20:30:02,255 Load disk config: storage_dir=/opt/seafile/seafile-data/storage/commits
[2026-09-09 20:30:04.798706] Start sending file updates emails...
[2026-09-09 20:30:04.806327] Finish sending file updates emails.

2026-09-09 20:35:06,011 Load disk config: storage_dir=/opt/seafile/seafile-data/storage/blocks
2026-09-09 20:35:06,012 Load disk config: storage_dir=/opt/seafile/seafile-data/storage/fs
2026-09-09 20:35:06,012 Load disk config: storage_dir=/opt/seafile/seafile-data/storage/commits
[2026-09-09 20:35:08.612746] Start sending file updates emails...
[2026-09-09 20:35:08.620695] Finish sending file updates emails.

2026-09-09 20:40:09,802 Load disk config: storage_dir=/opt/seafile/seafile-data/storage/blocks
2026-09-09 20:40:09,803 Load disk config: storage_dir=/opt/seafile/seafile-data/storage/fs
2026-09-09 20:40:09,803 Load disk config: storage_dir=/opt/seafile/seafile-data/storage/commits
[2026-09-09 20:40:12.366780] Start sending file updates emails...
[2026-09-09 20:40:12.374464] Finish sending file updates emails.

2026-09-09 20:45:13,557 Load disk config: storage_dir=/opt/seafile/seafile-data/storage/blocks
2026-09-09 20:45:13,557 Load disk config: storage_dir=/opt/seafile/seafile-data/storage/fs
2026-09-09 20:45:13,557 Load disk config: storage_dir=/opt/seafile/seafile-data/storage/commits
[2026-09-09 20:45:16.124882] Start sending file updates emails...
[2026-09-09 20:45:16.133036] Finish sending file updates emails.

2026-09-09 20:50:17,321 Load disk config: storage_dir=/opt/seafile/seafile-data/storage/blocks
2026-09-09 20:50:17,322 Load disk config: storage_dir=/opt/seafile/seafile-data/storage/fs
2026-09-09 20:50:17,322 Load disk config: storage_dir=/opt/seafile/seafile-data/storage/commits
[2026-09-09 20:50:19.814921] Start sending file updates emails...
[2026-09-09 20:50:19.822426] Finish sending file updates emails.

2026-09-09 20:54:55,271 starts to send email
2026-09-09 20:54:55,985 Load disk config: storage_dir=/opt/seafile/seafile-data/storage/blocks
2026-09-09 20:54:55,985 Load disk config: storage_dir=/opt/seafile/seafile-data/storage/fs
2026-09-09 20:54:55,985 Load disk config: storage_dir=/opt/seafile/seafile-data/storage/commits
2026-09-09 20:55:21,009 Load disk config: storage_dir=/opt/seafile/seafile-data/storage/blocks
2026-09-09 20:55:21,009 Load disk config: storage_dir=/opt/seafile/seafile-data/storage/fs
2026-09-09 20:55:21,009 Load disk config: storage_dir=/opt/seafile/seafile-data/storage/commits
[2026-09-09 20:55:23.500394] Start sending file updates emails...
[2026-09-09 20:55:23.508255] Finish sending file updates emails.

2026-09-09 21:00:24,694 Load disk config: storage_dir=/opt/seafile/seafile-data/storage/blocks
2026-09-09 21:00:24,695 Load disk config: storage_dir=/opt/seafile/seafile-data/storage/fs
2026-09-09 21:00:24,695 Load disk config: storage_dir=/opt/seafile/seafile-data/storage/commits
[2026-09-09 21:00:27.238049] Start sending file updates emails...
[2026-09-09 21:00:27.245910] Finish sending file updates emails.

2026-09-09 21:05:28,436 Load disk config: storage_dir=/opt/seafile/seafile-data/storage/blocks
2026-09-09 21:05:28,436 Load disk config: storage_dir=/opt/seafile/seafile-data/storage/fs
2026-09-09 21:05:28,436 Load disk config: storage_dir=/opt/seafile/seafile-data/storage/commits
[2026-09-09 21:05:30.942194] Start sending file updates emails...
[2026-09-09 21:05:30.950363] Finish sending file updates emails.

2026-09-09 21:10:32,125 Load disk config: storage_dir=/opt/seafile/seafile-data/storage/blocks
2026-09-09 21:10:32,125 Load disk config: storage_dir=/opt/seafile/seafile-data/storage/fs
2026-09-09 21:10:32,125 Load disk config: storage_dir=/opt/seafile/seafile-data/storage/commits
[2026-09-09 21:10:34.624382] Start sending file updates emails...
[2026-09-09 21:10:34.632251] Finish sending file updates emails.

2026-09-09 21:15:35,819 Load disk config: storage_dir=/opt/seafile/seafile-data/storage/blocks
2026-09-09 21:15:35,819 Load disk config: storage_dir=/opt/seafile/seafile-data/storage/fs
2026-09-09 21:15:35,819 Load disk config: storage_dir=/opt/seafile/seafile-data/storage/commits
[2026-09-09 21:15:38.345286] Start sending file updates emails...
[2026-09-09 21:15:38.353103] Finish sending file updates emails.

2026-09-09 21:20:39,580 Load disk config: storage_dir=/opt/seafile/seafile-data/storage/blocks
2026-09-09 21:20:39,580 Load disk config: storage_dir=/opt/seafile/seafile-data/storage/fs
2026-09-09 21:20:39,580 Load disk config: storage_dir=/opt/seafile/seafile-data/storage/commits
[2026-09-09 21:20:42.086696] Start sending file updates emails...
[2026-09-09 21:20:42.094605] Finish sending file updates emails.

2026-09-09 21:24:55,251 Start counting user activity info..
2026-09-09 21:24:55,251 Start counting traffic info..
2026-09-09 21:24:55,252 [UserActivityCounter] update 0 items.
2026-09-09 21:24:55,252 Traffic counter finished, total time: 0.001039266586303711 seconds.
2026-09-09 21:24:55,272 starts to send email
2026-09-09 21:24:55,431 Start counting file operations..
2026-09-09 21:24:55,447 [FileOpsCounter] Finish counting file operations in 0.015684127807617188 seconds, 0 added, 0 deleted, 0 visited, 0 modified
2026-09-09 21:24:55,517 Start counting monthly traffic info..
2026-09-09 21:24:55,544 Monthly traffic counter finished, update 1 user items, 1 org items, total time: 0.026564598083496094 seconds.
2026-09-09 21:24:55,768 Start counting total storage..
2026-09-09 21:24:55,800 [TotalStorageCounter] Finish counting total storage in 0.03166699409484863 seconds.
2026-09-09 21:24:56,022 Load disk config: storage_dir=/opt/seafile/seafile-data/storage/blocks
2026-09-09 21:24:56,022 Load disk config: storage_dir=/opt/seafile/seafile-data/storage/fs
2026-09-09 21:24:56,022 Load disk config: storage_dir=/opt/seafile/seafile-data/storage/commits
2026-09-09 21:25:43,268 Load disk config: storage_dir=/opt/seafile/seafile-data/storage/blocks
2026-09-09 21:25:43,268 Load disk config: storage_dir=/opt/seafile/seafile-data/storage/fs
2026-09-09 21:25:43,268 Load disk config: storage_dir=/opt/seafile/seafile-data/storage/commits
[2026-09-09 21:25:45.740016] Start sending file updates emails...
[2026-09-09 21:25:45.747961] Finish sending file updates emails.

2026-09-09 21:30:46,914 Load disk config: storage_dir=/opt/seafile/seafile-data/storage/blocks
2026-09-09 21:30:46,914 Load disk config: storage_dir=/opt/seafile/seafile-data/storage/fs
2026-09-09 21:30:46,915 Load disk config: storage_dir=/opt/seafile/seafile-data/storage/commits
[2026-09-09 21:30:49.429731] Start sending file updates emails...
[2026-09-09 21:30:49.437735] Finish sending file updates emails.

2026-09-09 21:35:50,612 Load disk config: storage_dir=/opt/seafile/seafile-data/storage/blocks
2026-09-09 21:35:50,612 Load disk config: storage_dir=/opt/seafile/seafile-data/storage/fs
2026-09-09 21:35:50,612 Load disk config: storage_dir=/opt/seafile/seafile-data/storage/commits
[2026-09-09 21:35:53.102206] Start sending file updates emails...
[2026-09-09 21:35:53.110281] Finish sending file updates emails.

2026-09-09 21:40:54,291 Load disk config: storage_dir=/opt/seafile/seafile-data/storage/blocks
2026-09-09 21:40:54,292 Load disk config: storage_dir=/opt/seafile/seafile-data/storage/fs
2026-09-09 21:40:54,292 Load disk config: storage_dir=/opt/seafile/seafile-data/storage/commits
[2026-09-09 21:40:56.937371] Start sending file updates emails...
[2026-09-09 21:40:56.945250] Finish sending file updates emails.

2026-09-09 21:45:58,143 Load disk config: storage_dir=/opt/seafile/seafile-data/storage/blocks
2026-09-09 21:45:58,143 Load disk config: storage_dir=/opt/seafile/seafile-data/storage/fs
2026-09-09 21:45:58,143 Load disk config: storage_dir=/opt/seafile/seafile-data/storage/commits
[2026-09-09 21:46:00.669674] Start sending file updates emails...
[2026-09-09 21:46:00.677548] Finish sending file updates emails.

2026-09-09 21:51:01,850 Load disk config: storage_dir=/opt/seafile/seafile-data/storage/blocks
2026-09-09 21:51:01,850 Load disk config: storage_dir=/opt/seafile/seafile-data/storage/fs
2026-09-09 21:51:01,850 Load disk config: storage_dir=/opt/seafile/seafile-data/storage/commits
[2026-09-09 21:51:04.377204] Start sending file updates emails...
[2026-09-09 21:51:04.384965] Finish sending file updates emails.

2026-09-09 21:54:55,272 starts to send email
2026-09-09 21:54:55,989 Load disk config: storage_dir=/opt/seafile/seafile-data/storage/blocks
2026-09-09 21:54:55,989 Load disk config: storage_dir=/opt/seafile/seafile-data/storage/fs
2026-09-09 21:54:55,989 Load disk config: storage_dir=/opt/seafile/seafile-data/storage/commits
2026-09-09 21:56:05,560 Load disk config: storage_dir=/opt/seafile/seafile-data/storage/blocks
2026-09-09 21:56:05,560 Load disk config: storage_dir=/opt/seafile/seafile-data/storage/fs
2026-09-09 21:56:05,560 Load disk config: storage_dir=/opt/seafile/seafile-data/storage/commits
[2026-09-09 21:56:08.066843] Start sending file updates emails...
[2026-09-09 21:56:08.074402] Finish sending file updates emails.

2026-09-09 22:01:09,298 Load disk config: storage_dir=/opt/seafile/seafile-data/storage/blocks
2026-09-09 22:01:09,298 Load disk config: storage_dir=/opt/seafile/seafile-data/storage/fs
2026-09-09 22:01:09,299 Load disk config: storage_dir=/opt/seafile/seafile-data/storage/commits
[2026-09-09 22:01:11.888188] Start sending file updates emails...
[2026-09-09 22:01:11.895886] Finish sending file updates emails.

2026-09-09 22:06:13,076 Load disk config: storage_dir=/opt/seafile/seafile-data/storage/blocks
2026-09-09 22:06:13,076 Load disk config: storage_dir=/opt/seafile/seafile-data/storage/fs
2026-09-09 22:06:13,077 Load disk config: storage_dir=/opt/seafile/seafile-data/storage/commits
[2026-09-09 22:06:15.582241] Start sending file updates emails...
[2026-09-09 22:06:15.590383] Finish sending file updates emails.

2026-09-09 22:11:16,769 Load disk config: storage_dir=/opt/seafile/seafile-data/storage/blocks
2026-09-09 22:11:16,769 Load disk config: storage_dir=/opt/seafile/seafile-data/storage/fs
2026-09-09 22:11:16,769 Load disk config: storage_dir=/opt/seafile/seafile-data/storage/commits
[2026-09-09 22:11:19.264879] Start sending file updates emails...
[2026-09-09 22:11:19.273310] Finish sending file updates emails.

2026-09-09 22:16:20,453 Load disk config: storage_dir=/opt/seafile/seafile-data/storage/blocks
2026-09-09 22:16:20,453 Load disk config: storage_dir=/opt/seafile/seafile-data/storage/fs
2026-09-09 22:16:20,453 Load disk config: storage_dir=/opt/seafile/seafile-data/storage/commits
[2026-09-09 22:16:22.947738] Start sending file updates emails...
[2026-09-09 22:16:22.955589] Finish sending file updates emails.

2026-09-09 22:21:24,156 Load disk config: storage_dir=/opt/seafile/seafile-data/storage/blocks
2026-09-09 22:21:24,157 Load disk config: storage_dir=/opt/seafile/seafile-data/storage/fs
2026-09-09 22:21:24,157 Load disk config: storage_dir=/opt/seafile/seafile-data/storage/commits
[2026-09-09 22:21:26.667487] Start sending file updates emails...
[2026-09-09 22:21:26.675339] Finish sending file updates emails.

2026-09-09 22:24:55,253 Start counting user activity info..
2026-09-09 22:24:55,254 Start counting traffic info..
2026-09-09 22:24:55,254 [UserActivityCounter] update 0 items.
2026-09-09 22:24:55,254 Traffic counter finished, total time: 0.0007059574127197266 seconds.
2026-09-09 22:24:55,273 starts to send email
2026-09-09 22:24:55,448 Start counting file operations..
2026-09-09 22:24:55,465 [FileOpsCounter] Finish counting file operations in 0.016360044479370117 seconds, 0 added, 0 deleted, 0 visited, 0 modified
2026-09-09 22:24:55,545 Start counting monthly traffic info..
2026-09-09 22:24:55,568 Monthly traffic counter finished, update 1 user items, 1 org items, total time: 0.02364492416381836 seconds.
2026-09-09 22:24:55,802 Start counting total storage..
2026-09-09 22:24:55,836 [TotalStorageCounter] Finish counting total storage in 0.03329586982727051 seconds.
2026-09-09 22:24:56,015 Load disk config: storage_dir=/opt/seafile/seafile-data/storage/blocks
2026-09-09 22:24:56,016 Load disk config: storage_dir=/opt/seafile/seafile-data/storage/fs
2026-09-09 22:24:56,016 Load disk config: storage_dir=/opt/seafile/seafile-data/storage/commits
2026-09-09 22:26:27,847 Load disk config: storage_dir=/opt/seafile/seafile-data/storage/blocks
2026-09-09 22:26:27,848 Load disk config: storage_dir=/opt/seafile/seafile-data/storage/fs
2026-09-09 22:26:27,848 Load disk config: storage_dir=/opt/seafile/seafile-data/storage/commits
[2026-09-09 22:26:30.336734] Start sending file updates emails...
[2026-09-09 22:26:30.344772] Finish sending file updates emails.

2026-09-09 22:31:31,580 Load disk config: storage_dir=/opt/seafile/seafile-data/storage/blocks
2026-09-09 22:31:31,581 Load disk config: storage_dir=/opt/seafile/seafile-data/storage/fs
2026-09-09 22:31:31,581 Load disk config: storage_dir=/opt/seafile/seafile-data/storage/commits
[2026-09-09 22:31:34.142760] Start sending file updates emails...
[2026-09-09 22:31:34.150532] Finish sending file updates emails.

2026-09-09 22:36:35,374 Load disk config: storage_dir=/opt/seafile/seafile-data/storage/blocks
2026-09-09 22:36:35,374 Load disk config: storage_dir=/opt/seafile/seafile-data/storage/fs
2026-09-09 22:36:35,374 Load disk config: storage_dir=/opt/seafile/seafile-data/storage/commits
[2026-09-09 22:36:37.880966] Start sending file updates emails...
[2026-09-09 22:36:37.888709] Finish sending file updates emails.

2026-09-09 22:41:39,082 Load disk config: storage_dir=/opt/seafile/seafile-data/storage/blocks
2026-09-09 22:41:39,082 Load disk config: storage_dir=/opt/seafile/seafile-data/storage/fs
2026-09-09 22:41:39,082 Load disk config: storage_dir=/opt/seafile/seafile-data/storage/commits
[2026-09-09 22:41:41.626197] Start sending file updates emails...
[2026-09-09 22:41:41.634208] Finish sending file updates emails.

2026-09-09 22:46:42,860 Load disk config: storage_dir=/opt/seafile/seafile-data/storage/blocks
2026-09-09 22:46:42,861 Load disk config: storage_dir=/opt/seafile/seafile-data/storage/fs
2026-09-09 22:46:42,861 Load disk config: storage_dir=/opt/seafile/seafile-data/storage/commits
[2026-09-09 22:46:45.369239] Start sending file updates emails...
[2026-09-09 22:46:45.377394] Finish sending file updates emails.

2026-09-09 22:51:46,553 Load disk config: storage_dir=/opt/seafile/seafile-data/storage/blocks
2026-09-09 22:51:46,554 Load disk config: storage_dir=/opt/seafile/seafile-data/storage/fs
2026-09-09 22:51:46,554 Load disk config: storage_dir=/opt/seafile/seafile-data/storage/commits
[2026-09-09 22:51:49.050653] Start sending file updates emails...
[2026-09-09 22:51:49.058428] Finish sending file updates emails.

2026-09-09 22:54:55,274 starts to send email
2026-09-09 22:54:55,995 Load disk config: storage_dir=/opt/seafile/seafile-data/storage/blocks
2026-09-09 22:54:55,995 Load disk config: storage_dir=/opt/seafile/seafile-data/storage/fs
2026-09-09 22:54:55,995 Load disk config: storage_dir=/opt/seafile/seafile-data/storage/commits
2026-09-09 22:56:50,244 Load disk config: storage_dir=/opt/seafile/seafile-data/storage/blocks
2026-09-09 22:56:50,244 Load disk config: storage_dir=/opt/seafile/seafile-data/storage/fs
2026-09-09 22:56:50,244 Load disk config: storage_dir=/opt/seafile/seafile-data/storage/commits
[2026-09-09 22:56:52.784310] Start sending file updates emails...
[2026-09-09 22:56:52.792276] Finish sending file updates emails.

2026-09-09 23:01:53,974 Load disk config: storage_dir=/opt/seafile/seafile-data/storage/blocks
2026-09-09 23:01:53,975 Load disk config: storage_dir=/opt/seafile/seafile-data/storage/fs
2026-09-09 23:01:53,975 Load disk config: storage_dir=/opt/seafile/seafile-data/storage/commits
[2026-09-09 23:01:56.504063] Start sending file updates emails...
[2026-09-09 23:01:56.512143] Finish sending file updates emails.

2026-09-09 23:06:57,693 Load disk config: storage_dir=/opt/seafile/seafile-data/storage/blocks
2026-09-09 23:06:57,693 Load disk config: storage_dir=/opt/seafile/seafile-data/storage/fs
2026-09-09 23:06:57,693 Load disk config: storage_dir=/opt/seafile/seafile-data/storage/commits
[2026-09-09 23:07:00.220916] Start sending file updates emails...
[2026-09-09 23:07:00.229203] Finish sending file updates emails.

2026-09-09 23:12:01,408 Load disk config: storage_dir=/opt/seafile/seafile-data/storage/blocks
2026-09-09 23:12:01,408 Load disk config: storage_dir=/opt/seafile/seafile-data/storage/fs
2026-09-09 23:12:01,408 Load disk config: storage_dir=/opt/seafile/seafile-data/storage/commits
[2026-09-09 23:12:03.938505] Start sending file updates emails...
[2026-09-09 23:12:03.946697] Finish sending file updates emails.

2026-09-09 23:17:05,124 Load disk config: storage_dir=/opt/seafile/seafile-data/storage/blocks
2026-09-09 23:17:05,124 Load disk config: storage_dir=/opt/seafile/seafile-data/storage/fs
2026-09-09 23:17:05,125 Load disk config: storage_dir=/opt/seafile/seafile-data/storage/commits
[2026-09-09 23:17:07.631032] Start sending file updates emails...
[2026-09-09 23:17:07.639241] Finish sending file updates emails.

2026-09-09 23:22:08,818 Load disk config: storage_dir=/opt/seafile/seafile-data/storage/blocks
2026-09-09 23:22:08,818 Load disk config: storage_dir=/opt/seafile/seafile-data/storage/fs
2026-09-09 23:22:08,818 Load disk config: storage_dir=/opt/seafile/seafile-data/storage/commits
[2026-09-09 23:22:11.329935] Start sending file updates emails...
[2026-09-09 23:22:11.337957] Finish sending file updates emails.

2026-09-09 23:24:55,255 Start counting user activity info..
2026-09-09 23:24:55,256 Start counting traffic info..
2026-09-09 23:24:55,256 [UserActivityCounter] update 0 items.
2026-09-09 23:24:55,257 Traffic counter finished, total time: 0.0009677410125732422 seconds.
2026-09-09 23:24:55,275 starts to send email
2026-09-09 23:24:55,467 Start counting file operations..
2026-09-09 23:24:55,483 [FileOpsCounter] Finish counting file operations in 0.015681743621826172 seconds, 0 added, 0 deleted, 0 visited, 0 modified
2026-09-09 23:24:55,569 Start counting monthly traffic info..
2026-09-09 23:24:55,596 Monthly traffic counter finished, update 1 user items, 1 org items, total time: 0.026058673858642578 seconds.
2026-09-09 23:24:55,837 Start counting total storage..
2026-09-09 23:24:55,889 [TotalStorageCounter] Finish counting total storage in 0.051514387130737305 seconds.
2026-09-09 23:24:56,022 Load disk config: storage_dir=/opt/seafile/seafile-data/storage/blocks
2026-09-09 23:24:56,022 Load disk config: storage_dir=/opt/seafile/seafile-data/storage/fs
2026-09-09 23:24:56,022 Load disk config: storage_dir=/opt/seafile/seafile-data/storage/commits
2026-09-09 23:27:12,558 Load disk config: storage_dir=/opt/seafile/seafile-data/storage/blocks
2026-09-09 23:27:12,558 Load disk config: storage_dir=/opt/seafile/seafile-data/storage/fs
2026-09-09 23:27:12,558 Load disk config: storage_dir=/opt/seafile/seafile-data/storage/commits
[2026-09-09 23:27:15.176856] Start sending file updates emails...
[2026-09-09 23:27:15.184640] Finish sending file updates emails.

2026-09-09 23:32:16,357 Load disk config: storage_dir=/opt/seafile/seafile-data/storage/blocks
2026-09-09 23:32:16,357 Load disk config: storage_dir=/opt/seafile/seafile-data/storage/fs
2026-09-09 23:32:16,357 Load disk config: storage_dir=/opt/seafile/seafile-data/storage/commits
[2026-09-09 23:32:18.837127] Start sending file updates emails...
[2026-09-09 23:32:18.845015] Finish sending file updates emails.

2026-09-09 23:37:20,021 Load disk config: storage_dir=/opt/seafile/seafile-data/storage/blocks
2026-09-09 23:37:20,021 Load disk config: storage_dir=/opt/seafile/seafile-data/storage/fs
2026-09-09 23:37:20,022 Load disk config: storage_dir=/opt/seafile/seafile-data/storage/commits
[2026-09-09 23:37:22.509215] Start sending file updates emails...
[2026-09-09 23:37:22.517123] Finish sending file updates emails.

2026-09-09 23:42:23,687 Load disk config: storage_dir=/opt/seafile/seafile-data/storage/blocks
2026-09-09 23:42:23,688 Load disk config: storage_dir=/opt/seafile/seafile-data/storage/fs
2026-09-09 23:42:23,688 Load disk config: storage_dir=/opt/seafile/seafile-data/storage/commits
[2026-09-09 23:42:26.184634] Start sending file updates emails...
[2026-09-09 23:42:26.193778] Finish sending file updates emails.

2026-09-09 23:47:27,394 Load disk config: storage_dir=/opt/seafile/seafile-data/storage/blocks
2026-09-09 23:47:27,394 Load disk config: storage_dir=/opt/seafile/seafile-data/storage/fs
2026-09-09 23:47:27,394 Load disk config: storage_dir=/opt/seafile/seafile-data/storage/commits
[2026-09-09 23:47:29.886952] Start sending file updates emails...
[2026-09-09 23:47:29.894929] Finish sending file updates emails.

2026-09-09 23:52:31,072 Load disk config: storage_dir=/opt/seafile/seafile-data/storage/blocks
2026-09-09 23:52:31,072 Load disk config: storage_dir=/opt/seafile/seafile-data/storage/fs
2026-09-09 23:52:31,072 Load disk config: storage_dir=/opt/seafile/seafile-data/storage/commits
[2026-09-09 23:52:33.579920] Start sending file updates emails...
[2026-09-09 23:52:33.588210] Finish sending file updates emails.

2026-09-09 23:54:55,276 starts to send email
2026-09-09 23:54:55,994 Load disk config: storage_dir=/opt/seafile/seafile-data/storage/blocks
2026-09-09 23:54:55,995 Load disk config: storage_dir=/opt/seafile/seafile-data/storage/fs
2026-09-09 23:54:55,995 Load disk config: storage_dir=/opt/seafile/seafile-data/storage/commits
2026-09-09 23:57:34,772 Load disk config: storage_dir=/opt/seafile/seafile-data/storage/blocks
2026-09-09 23:57:34,773 Load disk config: storage_dir=/opt/seafile/seafile-data/storage/fs
2026-09-09 23:57:34,773 Load disk config: storage_dir=/opt/seafile/seafile-data/storage/commits
[2026-09-09 23:57:37.288030] Start sending file updates emails...
[2026-09-09 23:57:37.295761] Finish sending file updates emails.

2026-09-10 00:02:38,459 Load disk config: storage_dir=/opt/seafile/seafile-data/storage/blocks
2026-09-10 00:02:38,459 Load disk config: storage_dir=/opt/seafile/seafile-data/storage/fs
2026-09-10 00:02:38,459 Load disk config: storage_dir=/opt/seafile/seafile-data/storage/commits
[2026-09-10 00:02:40.949088] Start sending file updates emails...
[2026-09-10 00:02:40.957167] Finish sending file updates emails.

2026-09-10 00:07:42,134 Load disk config: storage_dir=/opt/seafile/seafile-data/storage/blocks
2026-09-10 00:07:42,134 Load disk config: storage_dir=/opt/seafile/seafile-data/storage/fs
2026-09-10 00:07:42,135 Load disk config: storage_dir=/opt/seafile/seafile-data/storage/commits
[2026-09-10 00:07:44.676157] Start sending file updates emails...
[2026-09-10 00:07:44.684236] Finish sending file updates emails.

2026-09-10 00:12:45,903 Load disk config: storage_dir=/opt/seafile/seafile-data/storage/blocks
2026-09-10 00:12:45,903 Load disk config: storage_dir=/opt/seafile/seafile-data/storage/fs
2026-09-10 00:12:45,903 Load disk config: storage_dir=/opt/seafile/seafile-data/storage/commits
[2026-09-10 00:12:48.416358] Start sending file updates emails...
[2026-09-10 00:12:48.424274] Finish sending file updates emails.

2026-09-10 00:17:49,605 Load disk config: storage_dir=/opt/seafile/seafile-data/storage/blocks
2026-09-10 00:17:49,605 Load disk config: storage_dir=/opt/seafile/seafile-data/storage/fs
2026-09-10 00:17:49,605 Load disk config: storage_dir=/opt/seafile/seafile-data/storage/commits
[2026-09-10 00:17:52.111964] Start sending file updates emails...
[2026-09-10 00:17:52.120059] Finish sending file updates emails.

2026-09-10 00:22:53,298 Load disk config: storage_dir=/opt/seafile/seafile-data/storage/blocks
2026-09-10 00:22:53,298 Load disk config: storage_dir=/opt/seafile/seafile-data/storage/fs
2026-09-10 00:22:53,298 Load disk config: storage_dir=/opt/seafile/seafile-data/storage/commits
[2026-09-10 00:22:55.871550] Start sending file updates emails...
[2026-09-10 00:22:55.880089] Finish sending file updates emails.

2026-09-10 00:24:55,257 Start counting user activity info..
2026-09-10 00:24:55,258 Start counting traffic info..
2026-09-10 00:24:55,259 [UserActivityCounter] update 0 items.
2026-09-10 00:24:55,259 Traffic counter finished, total time: 0.0009970664978027344 seconds.
2026-09-10 00:24:55,276 starts to send email
2026-09-10 00:24:55,486 Start counting file operations..
2026-09-10 00:24:55,507 [FileOpsCounter] Finish counting file operations in 0.020899295806884766 seconds, 0 added, 0 deleted, 0 visited, 0 modified
2026-09-10 00:24:55,597 Start counting monthly traffic info..
2026-09-10 00:24:55,626 Monthly traffic counter finished, update 1 user items, 1 org items, total time: 0.028830289840698242 seconds.
2026-09-10 00:24:55,891 Start counting total storage..
2026-09-10 00:24:55,922 [TotalStorageCounter] Finish counting total storage in 0.030662059783935547 seconds.
2026-09-10 00:24:56,070 Load disk config: storage_dir=/opt/seafile/seafile-data/storage/blocks
2026-09-10 00:24:56,070 Load disk config: storage_dir=/opt/seafile/seafile-data/storage/fs
2026-09-10 00:24:56,070 Load disk config: storage_dir=/opt/seafile/seafile-data/storage/commits
2026-09-10 00:27:57,075 Load disk config: storage_dir=/opt/seafile/seafile-data/storage/blocks
2026-09-10 00:27:57,075 Load disk config: storage_dir=/opt/seafile/seafile-data/storage/fs
2026-09-10 00:27:57,075 Load disk config: storage_dir=/opt/seafile/seafile-data/storage/commits
[2026-09-10 00:27:59.584014] Start sending file updates emails...
[2026-09-10 00:27:59.591663] Finish sending file updates emails.

2026-09-10 00:33:00,783 Load disk config: storage_dir=/opt/seafile/seafile-data/storage/blocks
2026-09-10 00:33:00,783 Load disk config: storage_dir=/opt/seafile/seafile-data/storage/fs
2026-09-10 00:33:00,783 Load disk config: storage_dir=/opt/seafile/seafile-data/storage/commits
[2026-09-10 00:33:03.297294] Start sending file updates emails...
[2026-09-10 00:33:03.305745] Finish sending file updates emails.

2026-09-10 00:38:04,490 Load disk config: storage_dir=/opt/seafile/seafile-data/storage/blocks
2026-09-10 00:38:04,490 Load disk config: storage_dir=/opt/seafile/seafile-data/storage/fs
2026-09-10 00:38:04,490 Load disk config: storage_dir=/opt/seafile/seafile-data/storage/commits
[2026-09-10 00:38:07.083240] Start sending file updates emails...
[2026-09-10 00:38:07.091536] Finish sending file updates emails.

2026-09-10 00:43:08,261 Load disk config: storage_dir=/opt/seafile/seafile-data/storage/blocks
2026-09-10 00:43:08,261 Load disk config: storage_dir=/opt/seafile/seafile-data/storage/fs
2026-09-10 00:43:08,261 Load disk config: storage_dir=/opt/seafile/seafile-data/storage/commits
[2026-09-10 00:43:10.810252] Start sending file updates emails...
[2026-09-10 00:43:10.818229] Finish sending file updates emails.

2026-09-10 00:48:11,996 Load disk config: storage_dir=/opt/seafile/seafile-data/storage/blocks
2026-09-10 00:48:11,996 Load disk config: storage_dir=/opt/seafile/seafile-data/storage/fs
2026-09-10 00:48:11,996 Load disk config: storage_dir=/opt/seafile/seafile-data/storage/commits
[2026-09-10 00:48:14.558374] Start sending file updates emails...
[2026-09-10 00:48:14.566408] Finish sending file updates emails.

2026-09-10 00:53:15,782 Load disk config: storage_dir=/opt/seafile/seafile-data/storage/blocks
2026-09-10 00:53:15,783 Load disk config: storage_dir=/opt/seafile/seafile-data/storage/fs
2026-09-10 00:53:15,783 Load disk config: storage_dir=/opt/seafile/seafile-data/storage/commits
[2026-09-10 00:53:18.395222] Start sending file updates emails...
[2026-09-10 00:53:18.403518] Finish sending file updates emails.

2026-09-10 00:54:55,277 starts to send email
2026-09-10 00:54:55,993 Load disk config: storage_dir=/opt/seafile/seafile-data/storage/blocks
2026-09-10 00:54:55,993 Load disk config: storage_dir=/opt/seafile/seafile-data/storage/fs
2026-09-10 00:54:55,993 Load disk config: storage_dir=/opt/seafile/seafile-data/storage/commits
2026-09-10 00:58:19,574 Load disk config: storage_dir=/opt/seafile/seafile-data/storage/blocks
2026-09-10 00:58:19,574 Load disk config: storage_dir=/opt/seafile/seafile-data/storage/fs
2026-09-10 00:58:19,574 Load disk config: storage_dir=/opt/seafile/seafile-data/storage/commits
[2026-09-10 00:58:22.073223] Start sending file updates emails...
[2026-09-10 00:58:22.081745] Finish sending file updates emails.

2026-09-10 01:03:23,309 Load disk config: storage_dir=/opt/seafile/seafile-data/storage/blocks
2026-09-10 01:03:23,310 Load disk config: storage_dir=/opt/seafile/seafile-data/storage/fs
2026-09-10 01:03:23,310 Load disk config: storage_dir=/opt/seafile/seafile-data/storage/commits
[2026-09-10 01:03:25.846460] Start sending file updates emails...
[2026-09-10 01:03:25.854589] Finish sending file updates emails.

2026-09-10 01:08:27,055 Load disk config: storage_dir=/opt/seafile/seafile-data/storage/blocks
2026-09-10 01:08:27,055 Load disk config: storage_dir=/opt/seafile/seafile-data/storage/fs
2026-09-10 01:08:27,056 Load disk config: storage_dir=/opt/seafile/seafile-data/storage/commits
[2026-09-10 01:08:29.570161] Start sending file updates emails...
[2026-09-10 01:08:29.577628] Finish sending file updates emails.

2026-09-10 01:13:30,776 Load disk config: storage_dir=/opt/seafile/seafile-data/storage/blocks
2026-09-10 01:13:30,777 Load disk config: storage_dir=/opt/seafile/seafile-data/storage/fs
2026-09-10 01:13:30,777 Load disk config: storage_dir=/opt/seafile/seafile-data/storage/commits
[2026-09-10 01:13:33.296430] Start sending file updates emails...
[2026-09-10 01:13:33.304547] Finish sending file updates emails.

2026-09-10 01:18:34,484 Load disk config: storage_dir=/opt/seafile/seafile-data/storage/blocks
2026-09-10 01:18:34,485 Load disk config: storage_dir=/opt/seafile/seafile-data/storage/fs
2026-09-10 01:18:34,485 Load disk config: storage_dir=/opt/seafile/seafile-data/storage/commits
[2026-09-10 01:18:37.065109] Start sending file updates emails...
[2026-09-10 01:18:37.072878] Finish sending file updates emails.

2026-09-10 01:23:38,250 Load disk config: storage_dir=/opt/seafile/seafile-data/storage/blocks
2026-09-10 01:23:38,250 Load disk config: storage_dir=/opt/seafile/seafile-data/storage/fs
2026-09-10 01:23:38,251 Load disk config: storage_dir=/opt/seafile/seafile-data/storage/commits
[2026-09-10 01:23:40.739085] Start sending file updates emails...
[2026-09-10 01:23:40.747253] Finish sending file updates emails.

2026-09-10 01:24:55,260 Start counting user activity info..
2026-09-10 01:24:55,260 Start counting traffic info..
2026-09-10 01:24:55,261 [UserActivityCounter] update 0 items.
2026-09-10 01:24:55,261 Traffic counter finished, total time: 0.0009644031524658203 seconds.
2026-09-10 01:24:55,278 starts to send email
2026-09-10 01:24:55,532 Start counting file operations..
2026-09-10 01:24:55,548 [FileOpsCounter] Finish counting file operations in 0.016015291213989258 seconds, 0 added, 0 deleted, 0 visited, 0 modified
2026-09-10 01:24:55,627 Start counting monthly traffic info..
2026-09-10 01:24:55,651 Monthly traffic counter finished, update 1 user items, 1 org items, total time: 0.024533987045288086 seconds.
2026-09-10 01:24:55,924 Start counting total storage..
2026-09-10 01:24:55,948 [TotalStorageCounter] Finish counting total storage in 0.02366805076599121 seconds.
2026-09-10 01:24:56,022 Load disk config: storage_dir=/opt/seafile/seafile-data/storage/blocks
2026-09-10 01:24:56,022 Load disk config: storage_dir=/opt/seafile/seafile-data/storage/fs
2026-09-10 01:24:56,022 Load disk config: storage_dir=/opt/seafile/seafile-data/storage/commits
2026-09-10 01:28:41,915 Load disk config: storage_dir=/opt/seafile/seafile-data/storage/blocks
2026-09-10 01:28:41,915 Load disk config: storage_dir=/opt/seafile/seafile-data/storage/fs
2026-09-10 01:28:41,915 Load disk config: storage_dir=/opt/seafile/seafile-data/storage/commits
[2026-09-10 01:28:44.427599] Start sending file updates emails...
[2026-09-10 01:28:44.435685] Finish sending file updates emails.

2026-09-10 01:33:45,620 Load disk config: storage_dir=/opt/seafile/seafile-data/storage/blocks
2026-09-10 01:33:45,620 Load disk config: storage_dir=/opt/seafile/seafile-data/storage/fs
2026-09-10 01:33:45,621 Load disk config: storage_dir=/opt/seafile/seafile-data/storage/commits
[2026-09-10 01:33:48.158747] Start sending file updates emails...
[2026-09-10 01:33:48.166524] Finish sending file updates emails.

2026-09-10 01:38:49,346 Load disk config: storage_dir=/opt/seafile/seafile-data/storage/blocks
2026-09-10 01:38:49,346 Load disk config: storage_dir=/opt/seafile/seafile-data/storage/fs
2026-09-10 01:38:49,346 Load disk config: storage_dir=/opt/seafile/seafile-data/storage/commits
[2026-09-10 01:38:51.892030] Start sending file updates emails...
[2026-09-10 01:38:51.899901] Finish sending file updates emails.

2026-09-10 01:43:53,085 Load disk config: storage_dir=/opt/seafile/seafile-data/storage/blocks
2026-09-10 01:43:53,085 Load disk config: storage_dir=/opt/seafile/seafile-data/storage/fs
2026-09-10 01:43:53,085 Load disk config: storage_dir=/opt/seafile/seafile-data/storage/commits
[2026-09-10 01:43:55.590427] Start sending file updates emails...
[2026-09-10 01:43:55.598234] Finish sending file updates emails.

2026-09-10 01:48:56,782 Load disk config: storage_dir=/opt/seafile/seafile-data/storage/blocks
2026-09-10 01:48:56,783 Load disk config: storage_dir=/opt/seafile/seafile-data/storage/fs
2026-09-10 01:48:56,783 Load disk config: storage_dir=/opt/seafile/seafile-data/storage/commits
[2026-09-10 01:48:59.314394] Start sending file updates emails...
[2026-09-10 01:48:59.322667] Finish sending file updates emails.

2026-09-10 01:54:00,521 Load disk config: storage_dir=/opt/seafile/seafile-data/storage/blocks
2026-09-10 01:54:00,521 Load disk config: storage_dir=/opt/seafile/seafile-data/storage/fs
2026-09-10 01:54:00,521 Load disk config: storage_dir=/opt/seafile/seafile-data/storage/commits
[2026-09-10 01:54:03.025028] Start sending file updates emails...
[2026-09-10 01:54:03.032786] Finish sending file updates emails.

2026-09-10 01:54:55,279 starts to send email
2026-09-10 01:54:55,993 Load disk config: storage_dir=/opt/seafile/seafile-data/storage/blocks
2026-09-10 01:54:55,993 Load disk config: storage_dir=/opt/seafile/seafile-data/storage/fs
2026-09-10 01:54:55,993 Load disk config: storage_dir=/opt/seafile/seafile-data/storage/commits
2026-09-10 01:59:04,216 Load disk config: storage_dir=/opt/seafile/seafile-data/storage/blocks
2026-09-10 01:59:04,217 Load disk config: storage_dir=/opt/seafile/seafile-data/storage/fs
2026-09-10 01:59:04,217 Load disk config: storage_dir=/opt/seafile/seafile-data/storage/commits
[2026-09-10 01:59:06.728938] Start sending file updates emails...
[2026-09-10 01:59:06.736616] Finish sending file updates emails.

2026-09-10 02:04:07,909 Load disk config: storage_dir=/opt/seafile/seafile-data/storage/blocks
2026-09-10 02:04:07,910 Load disk config: storage_dir=/opt/seafile/seafile-data/storage/fs
2026-09-10 02:04:07,910 Load disk config: storage_dir=/opt/seafile/seafile-data/storage/commits
[2026-09-10 02:04:10.487792] Start sending file updates emails...
[2026-09-10 02:04:10.495558] Finish sending file updates emails.

2026-09-10 02:09:11,681 Load disk config: storage_dir=/opt/seafile/seafile-data/storage/blocks
2026-09-10 02:09:11,681 Load disk config: storage_dir=/opt/seafile/seafile-data/storage/fs
2026-09-10 02:09:11,682 Load disk config: storage_dir=/opt/seafile/seafile-data/storage/commits
[2026-09-10 02:09:14.196959] Start sending file updates emails...
[2026-09-10 02:09:14.205282] Finish sending file updates emails.

2026-09-10 02:14:15,381 Load disk config: storage_dir=/opt/seafile/seafile-data/storage/blocks
2026-09-10 02:14:15,381 Load disk config: storage_dir=/opt/seafile/seafile-data/storage/fs
2026-09-10 02:14:15,381 Load disk config: storage_dir=/opt/seafile/seafile-data/storage/commits
[2026-09-10 02:14:17.984833] Start sending file updates emails...
[2026-09-10 02:14:17.996111] Finish sending file updates emails.

2026-09-10 02:19:19,216 Load disk config: storage_dir=/opt/seafile/seafile-data/storage/blocks
2026-09-10 02:19:19,216 Load disk config: storage_dir=/opt/seafile/seafile-data/storage/fs
2026-09-10 02:19:19,216 Load disk config: storage_dir=/opt/seafile/seafile-data/storage/commits
[2026-09-10 02:19:21.748742] Start sending file updates emails...
[2026-09-10 02:19:21.756452] Finish sending file updates emails.

2026-09-10 02:24:22,923 Load disk config: storage_dir=/opt/seafile/seafile-data/storage/blocks
2026-09-10 02:24:22,923 Load disk config: storage_dir=/opt/seafile/seafile-data/storage/fs
2026-09-10 02:24:22,924 Load disk config: storage_dir=/opt/seafile/seafile-data/storage/commits
[2026-09-10 02:24:25.422061] Start sending file updates emails...
[2026-09-10 02:24:25.429839] Finish sending file updates emails.

2026-09-10 02:24:55,262 Start counting user activity info..
2026-09-10 02:24:55,262 Start counting traffic info..
2026-09-10 02:24:55,263 [UserActivityCounter] update 0 items.
2026-09-10 02:24:55,263 Traffic counter finished, total time: 0.0010924339294433594 seconds.
2026-09-10 02:24:55,280 starts to send email
2026-09-10 02:24:55,550 Start counting file operations..
2026-09-10 02:24:55,563 [FileOpsCounter] Finish counting file operations in 0.012833118438720703 seconds, 0 added, 0 deleted, 0 visited, 0 modified
2026-09-10 02:24:55,653 Start counting monthly traffic info..
2026-09-10 02:24:55,680 Monthly traffic counter finished, update 1 user items, 1 org items, total time: 0.027009248733520508 seconds.
2026-09-10 02:24:55,950 Start counting total storage..
2026-09-10 02:24:55,983 [TotalStorageCounter] Finish counting total storage in 0.03259110450744629 seconds.
2026-09-10 02:24:56,020 Load disk config: storage_dir=/opt/seafile/seafile-data/storage/blocks
2026-09-10 02:24:56,020 Load disk config: storage_dir=/opt/seafile/seafile-data/storage/fs
2026-09-10 02:24:56,020 Load disk config: storage_dir=/opt/seafile/seafile-data/storage/commits
2026-09-10 02:29:26,619 Load disk config: storage_dir=/opt/seafile/seafile-data/storage/blocks
2026-09-10 02:29:26,619 Load disk config: storage_dir=/opt/seafile/seafile-data/storage/fs
2026-09-10 02:29:26,619 Load disk config: storage_dir=/opt/seafile/seafile-data/storage/commits
[2026-09-10 02:29:29.115383] Start sending file updates emails...
[2026-09-10 02:29:29.123457] Finish sending file updates emails.

2026-09-10 02:34:30,304 Load disk config: storage_dir=/opt/seafile/seafile-data/storage/blocks
2026-09-10 02:34:30,304 Load disk config: storage_dir=/opt/seafile/seafile-data/storage/fs
2026-09-10 02:34:30,304 Load disk config: storage_dir=/opt/seafile/seafile-data/storage/commits
[2026-09-10 02:34:32.820871] Start sending file updates emails...
[2026-09-10 02:34:32.829330] Finish sending file updates emails.

2026-09-10 02:39:34,000 Load disk config: storage_dir=/opt/seafile/seafile-data/storage/blocks
2026-09-10 02:39:34,000 Load disk config: storage_dir=/opt/seafile/seafile-data/storage/fs
2026-09-10 02:39:34,000 Load disk config: storage_dir=/opt/seafile/seafile-data/storage/commits
[2026-09-10 02:39:36.479068] Start sending file updates emails...
[2026-09-10 02:39:36.487385] Finish sending file updates emails.

2026-09-10 02:44:37,659 Load disk config: storage_dir=/opt/seafile/seafile-data/storage/blocks
2026-09-10 02:44:37,659 Load disk config: storage_dir=/opt/seafile/seafile-data/storage/fs
2026-09-10 02:44:37,659 Load disk config: storage_dir=/opt/seafile/seafile-data/storage/commits
[2026-09-10 02:44:40.158598] Start sending file updates emails...
[2026-09-10 02:44:40.166621] Finish sending file updates emails.

2026-09-10 02:49:41,333 Load disk config: storage_dir=/opt/seafile/seafile-data/storage/blocks
2026-09-10 02:49:41,333 Load disk config: storage_dir=/opt/seafile/seafile-data/storage/fs
2026-09-10 02:49:41,333 Load disk config: storage_dir=/opt/seafile/seafile-data/storage/commits
[2026-09-10 02:49:43.808856] Start sending file updates emails...
[2026-09-10 02:49:43.816898] Finish sending file updates emails.

2026-09-10 02:54:44,992 Load disk config: storage_dir=/opt/seafile/seafile-data/storage/blocks
2026-09-10 02:54:44,992 Load disk config: storage_dir=/opt/seafile/seafile-data/storage/fs
2026-09-10 02:54:44,992 Load disk config: storage_dir=/opt/seafile/seafile-data/storage/commits
[2026-09-10 02:54:47.510302] Start sending file updates emails...
[2026-09-10 02:54:47.518598] Finish sending file updates emails.

2026-09-10 02:54:55,280 starts to send email
2026-09-10 02:54:55,999 Load disk config: storage_dir=/opt/seafile/seafile-data/storage/blocks
2026-09-10 02:54:56,000 Load disk config: storage_dir=/opt/seafile/seafile-data/storage/fs
2026-09-10 02:54:56,000 Load disk config: storage_dir=/opt/seafile/seafile-data/storage/commits
2026-09-10 02:59:48,693 Load disk config: storage_dir=/opt/seafile/seafile-data/storage/blocks
2026-09-10 02:59:48,693 Load disk config: storage_dir=/opt/seafile/seafile-data/storage/fs
2026-09-10 02:59:48,693 Load disk config: storage_dir=/opt/seafile/seafile-data/storage/commits
[2026-09-10 02:59:51.266992] Start sending file updates emails...
[2026-09-10 02:59:51.274881] Finish sending file updates emails.

2026-09-10 03:04:52,454 Load disk config: storage_dir=/opt/seafile/seafile-data/storage/blocks
2026-09-10 03:04:52,454 Load disk config: storage_dir=/opt/seafile/seafile-data/storage/fs
2026-09-10 03:04:52,454 Load disk config: storage_dir=/opt/seafile/seafile-data/storage/commits
[2026-09-10 03:04:55.001022] Start sending file updates emails...
[2026-09-10 03:04:55.009425] Finish sending file updates emails.

2026-09-10 03:09:56,181 Load disk config: storage_dir=/opt/seafile/seafile-data/storage/blocks
2026-09-10 03:09:56,181 Load disk config: storage_dir=/opt/seafile/seafile-data/storage/fs
2026-09-10 03:09:56,181 Load disk config: storage_dir=/opt/seafile/seafile-data/storage/commits
[2026-09-10 03:09:58.684277] Start sending file updates emails...
[2026-09-10 03:09:58.692218] Finish sending file updates emails.

2026-09-10 03:14:59,857 Load disk config: storage_dir=/opt/seafile/seafile-data/storage/blocks
2026-09-10 03:14:59,857 Load disk config: storage_dir=/opt/seafile/seafile-data/storage/fs
2026-09-10 03:14:59,857 Load disk config: storage_dir=/opt/seafile/seafile-data/storage/commits
[2026-09-10 03:15:02.364703] Start sending file updates emails...
[2026-09-10 03:15:02.372553] Finish sending file updates emails.

2026-09-10 03:20:03,544 Load disk config: storage_dir=/opt/seafile/seafile-data/storage/blocks
2026-09-10 03:20:03,544 Load disk config: storage_dir=/opt/seafile/seafile-data/storage/fs
2026-09-10 03:20:03,544 Load disk config: storage_dir=/opt/seafile/seafile-data/storage/commits
[2026-09-10 03:20:06.053576] Start sending file updates emails...
[2026-09-10 03:20:06.061608] Finish sending file updates emails.

2026-09-10 03:24:55,264 Start counting user activity info..
2026-09-10 03:24:55,265 Start counting traffic info..
2026-09-10 03:24:55,265 [UserActivityCounter] update 0 items.
2026-09-10 03:24:55,266 Traffic counter finished, total time: 0.0010089874267578125 seconds.
2026-09-10 03:24:55,281 starts to send email
2026-09-10 03:24:55,565 Start counting file operations..
2026-09-10 03:24:55,581 [FileOpsCounter] Finish counting file operations in 0.015606880187988281 seconds, 0 added, 0 deleted, 0 visited, 0 modified
2026-09-10 03:24:55,681 Start counting monthly traffic info..
2026-09-10 03:24:55,709 Monthly traffic counter finished, update 1 user items, 1 org items, total time: 0.02859807014465332 seconds.
2026-09-10 03:24:55,985 Start counting total storage..
2026-09-10 03:24:56,017 [TotalStorageCounter] Finish counting total storage in 0.03194427490234375 seconds.
2026-09-10 03:24:56,029 Load disk config: storage_dir=/opt/seafile/seafile-data/storage/blocks
2026-09-10 03:24:56,029 Load disk config: storage_dir=/opt/seafile/seafile-data/storage/fs
2026-09-10 03:24:56,029 Load disk config: storage_dir=/opt/seafile/seafile-data/storage/commits
2026-09-10 03:25:07,233 Load disk config: storage_dir=/opt/seafile/seafile-data/storage/blocks
2026-09-10 03:25:07,234 Load disk config: storage_dir=/opt/seafile/seafile-data/storage/fs
2026-09-10 03:25:07,234 Load disk config: storage_dir=/opt/seafile/seafile-data/storage/commits
[2026-09-10 03:25:09.747262] Start sending file updates emails...
[2026-09-10 03:25:09.755314] Finish sending file updates emails.

2026-09-10 03:30:10,936 Load disk config: storage_dir=/opt/seafile/seafile-data/storage/blocks
2026-09-10 03:30:10,936 Load disk config: storage_dir=/opt/seafile/seafile-data/storage/fs
2026-09-10 03:30:10,936 Load disk config: storage_dir=/opt/seafile/seafile-data/storage/commits
[2026-09-10 03:30:13.427652] Start sending file updates emails...
[2026-09-10 03:30:13.435732] Finish sending file updates emails.

2026-09-10 03:35:14,612 Load disk config: storage_dir=/opt/seafile/seafile-data/storage/blocks
2026-09-10 03:35:14,612 Load disk config: storage_dir=/opt/seafile/seafile-data/storage/fs
2026-09-10 03:35:14,612 Load disk config: storage_dir=/opt/seafile/seafile-data/storage/commits
[2026-09-10 03:35:17.102636] Start sending file updates emails...
[2026-09-10 03:35:17.110473] Finish sending file updates emails.

2026-09-10 03:40:18,283 Load disk config: storage_dir=/opt/seafile/seafile-data/storage/blocks
2026-09-10 03:40:18,283 Load disk config: storage_dir=/opt/seafile/seafile-data/storage/fs
2026-09-10 03:40:18,283 Load disk config: storage_dir=/opt/seafile/seafile-data/storage/commits
[2026-09-10 03:40:20.765056] Start sending file updates emails...
[2026-09-10 03:40:20.773330] Finish sending file updates emails.

2026-09-10 03:45:22,012 Load disk config: storage_dir=/opt/seafile/seafile-data/storage/blocks
2026-09-10 03:45:22,012 Load disk config: storage_dir=/opt/seafile/seafile-data/storage/fs
2026-09-10 03:45:22,013 Load disk config: storage_dir=/opt/seafile/seafile-data/storage/commits
[2026-09-10 03:45:24.624963] Start sending file updates emails...
[2026-09-10 03:45:24.632964] Finish sending file updates emails.

2026-09-10 03:50:25,837 Load disk config: storage_dir=/opt/seafile/seafile-data/storage/blocks
2026-09-10 03:50:25,838 Load disk config: storage_dir=/opt/seafile/seafile-data/storage/fs
2026-09-10 03:50:25,838 Load disk config: storage_dir=/opt/seafile/seafile-data/storage/commits
[2026-09-10 03:50:28.353277] Start sending file updates emails...
[2026-09-10 03:50:28.361689] Finish sending file updates emails.

2026-09-10 03:54:55,282 starts to send email
2026-09-10 03:54:56,000 Load disk config: storage_dir=/opt/seafile/seafile-data/storage/blocks
2026-09-10 03:54:56,000 Load disk config: storage_dir=/opt/seafile/seafile-data/storage/fs
2026-09-10 03:54:56,000 Load disk config: storage_dir=/opt/seafile/seafile-data/storage/commits
2026-09-10 03:55:29,554 Load disk config: storage_dir=/opt/seafile/seafile-data/storage/blocks
2026-09-10 03:55:29,554 Load disk config: storage_dir=/opt/seafile/seafile-data/storage/fs
2026-09-10 03:55:29,554 Load disk config: storage_dir=/opt/seafile/seafile-data/storage/commits
[2026-09-10 03:55:32.047825] Start sending file updates emails...
[2026-09-10 03:55:32.056098] Finish sending file updates emails.

2026-09-10 04:00:33,230 Load disk config: storage_dir=/opt/seafile/seafile-data/storage/blocks
2026-09-10 04:00:33,231 Load disk config: storage_dir=/opt/seafile/seafile-data/storage/fs
2026-09-10 04:00:33,231 Load disk config: storage_dir=/opt/seafile/seafile-data/storage/commits
[2026-09-10 04:00:35.878388] Start sending file updates emails...
[2026-09-10 04:00:35.901807] Finish sending file updates emails.

2026-09-10 04:05:37,071 Load disk config: storage_dir=/opt/seafile/seafile-data/storage/blocks
2026-09-10 04:05:37,071 Load disk config: storage_dir=/opt/seafile/seafile-data/storage/fs
2026-09-10 04:05:37,071 Load disk config: storage_dir=/opt/seafile/seafile-data/storage/commits
[2026-09-10 04:05:39.602699] Start sending file updates emails...
[2026-09-10 04:05:39.610818] Finish sending file updates emails.

2026-09-10 04:10:40,782 Load disk config: storage_dir=/opt/seafile/seafile-data/storage/blocks
2026-09-10 04:10:40,783 Load disk config: storage_dir=/opt/seafile/seafile-data/storage/fs
2026-09-10 04:10:40,783 Load disk config: storage_dir=/opt/seafile/seafile-data/storage/commits
[2026-09-10 04:10:43.338999] Start sending file updates emails...
[2026-09-10 04:10:43.347056] Finish sending file updates emails.

2026-09-10 04:15:44,512 Load disk config: storage_dir=/opt/seafile/seafile-data/storage/blocks
2026-09-10 04:15:44,513 Load disk config: storage_dir=/opt/seafile/seafile-data/storage/fs
2026-09-10 04:15:44,513 Load disk config: storage_dir=/opt/seafile/seafile-data/storage/commits
[2026-09-10 04:15:47.016689] Start sending file updates emails...
[2026-09-10 04:15:47.025250] Finish sending file updates emails.

2026-09-10 04:20:48,225 Load disk config: storage_dir=/opt/seafile/seafile-data/storage/blocks
2026-09-10 04:20:48,225 Load disk config: storage_dir=/opt/seafile/seafile-data/storage/fs
2026-09-10 04:20:48,225 Load disk config: storage_dir=/opt/seafile/seafile-data/storage/commits
[2026-09-10 04:20:50.756530] Start sending file updates emails...
[2026-09-10 04:20:50.764709] Finish sending file updates emails.

2026-09-10 04:24:55,267 Start counting user activity info..
2026-09-10 04:24:55,267 Start counting traffic info..
2026-09-10 04:24:55,267 [UserActivityCounter] update 0 items.
2026-09-10 04:24:55,268 Traffic counter finished, total time: 0.0007715225219726562 seconds.
2026-09-10 04:24:55,283 starts to send email
2026-09-10 04:24:55,583 Start counting file operations..
2026-09-10 04:24:55,598 [FileOpsCounter] Finish counting file operations in 0.01470637321472168 seconds, 0 added, 0 deleted, 0 visited, 0 modified
2026-09-10 04:24:55,717 Start counting monthly traffic info..
2026-09-10 04:24:55,745 Monthly traffic counter finished, update 1 user items, 1 org items, total time: 0.027566909790039062 seconds.
2026-09-10 04:24:56,017 Load disk config: storage_dir=/opt/seafile/seafile-data/storage/blocks
2026-09-10 04:24:56,017 Load disk config: storage_dir=/opt/seafile/seafile-data/storage/fs
2026-09-10 04:24:56,017 Load disk config: storage_dir=/opt/seafile/seafile-data/storage/commits
2026-09-10 04:24:56,019 Start counting total storage..
2026-09-10 04:24:56,069 [TotalStorageCounter] Finish counting total storage in 0.05000019073486328 seconds.
2026-09-10 04:25:51,959 Load disk config: storage_dir=/opt/seafile/seafile-data/storage/blocks
2026-09-10 04:25:51,960 Load disk config: storage_dir=/opt/seafile/seafile-data/storage/fs
2026-09-10 04:25:51,960 Load disk config: storage_dir=/opt/seafile/seafile-data/storage/commits
[2026-09-10 04:25:54.505498] Start sending file updates emails...
[2026-09-10 04:25:54.513746] Finish sending file updates emails.

2026-09-10 04:30:55,737 Load disk config: storage_dir=/opt/seafile/seafile-data/storage/blocks
2026-09-10 04:30:55,737 Load disk config: storage_dir=/opt/seafile/seafile-data/storage/fs
2026-09-10 04:30:55,738 Load disk config: storage_dir=/opt/seafile/seafile-data/storage/commits
[2026-09-10 04:30:58.235406] Start sending file updates emails...
[2026-09-10 04:30:58.243224] Finish sending file updates emails.

2026-09-10 04:35:59,419 Load disk config: storage_dir=/opt/seafile/seafile-data/storage/blocks
2026-09-10 04:35:59,420 Load disk config: storage_dir=/opt/seafile/seafile-data/storage/fs
2026-09-10 04:35:59,420 Load disk config: storage_dir=/opt/seafile/seafile-data/storage/commits
[2026-09-10 04:36:01.935871] Start sending file updates emails...
[2026-09-10 04:36:01.943662] Finish sending file updates emails.

2026-09-10 04:41:03,207 Load disk config: storage_dir=/opt/seafile/seafile-data/storage/blocks
2026-09-10 04:41:03,208 Load disk config: storage_dir=/opt/seafile/seafile-data/storage/fs
2026-09-10 04:41:03,208 Load disk config: storage_dir=/opt/seafile/seafile-data/storage/commits
[2026-09-10 04:41:05.724324] Start sending file updates emails...
[2026-09-10 04:41:05.732122] Finish sending file updates emails.

2026-09-10 04:46:06,924 Load disk config: storage_dir=/opt/seafile/seafile-data/storage/blocks
2026-09-10 04:46:06,924 Load disk config: storage_dir=/opt/seafile/seafile-data/storage/fs
2026-09-10 04:46:06,925 Load disk config: storage_dir=/opt/seafile/seafile-data/storage/commits
[2026-09-10 04:46:09.449698] Start sending file updates emails...
[2026-09-10 04:46:09.457612] Finish sending file updates emails.

2026-09-10 04:51:10,667 Load disk config: storage_dir=/opt/seafile/seafile-data/storage/blocks
2026-09-10 04:51:10,667 Load disk config: storage_dir=/opt/seafile/seafile-data/storage/fs
2026-09-10 04:51:10,667 Load disk config: storage_dir=/opt/seafile/seafile-data/storage/commits
[2026-09-10 04:51:13.214925] Start sending file updates emails...
[2026-09-10 04:51:13.222895] Finish sending file updates emails.

2026-09-10 04:54:55,284 starts to send email
2026-09-10 04:54:56,004 Load disk config: storage_dir=/opt/seafile/seafile-data/storage/blocks
2026-09-10 04:54:56,004 Load disk config: storage_dir=/opt/seafile/seafile-data/storage/fs
2026-09-10 04:54:56,005 Load disk config: storage_dir=/opt/seafile/seafile-data/storage/commits
2026-09-10 04:56:14,396 Load disk config: storage_dir=/opt/seafile/seafile-data/storage/blocks
2026-09-10 04:56:14,396 Load disk config: storage_dir=/opt/seafile/seafile-data/storage/fs
2026-09-10 04:56:14,396 Load disk config: storage_dir=/opt/seafile/seafile-data/storage/commits
[2026-09-10 04:56:16.903217] Start sending file updates emails...
[2026-09-10 04:56:16.911129] Finish sending file updates emails.

2026-09-10 05:01:18,094 Load disk config: storage_dir=/opt/seafile/seafile-data/storage/blocks
2026-09-10 05:01:18,094 Load disk config: storage_dir=/opt/seafile/seafile-data/storage/fs
2026-09-10 05:01:18,094 Load disk config: storage_dir=/opt/seafile/seafile-data/storage/commits
[2026-09-10 05:01:20.593083] Start sending file updates emails...
[2026-09-10 05:01:20.600749] Finish sending file updates emails.

2026-09-10 05:06:21,775 Load disk config: storage_dir=/opt/seafile/seafile-data/storage/blocks
2026-09-10 05:06:21,776 Load disk config: storage_dir=/opt/seafile/seafile-data/storage/fs
2026-09-10 05:06:21,776 Load disk config: storage_dir=/opt/seafile/seafile-data/storage/commits
[2026-09-10 05:06:24.322091] Start sending file updates emails...
[2026-09-10 05:06:24.330014] Finish sending file updates emails.

2026-09-10 05:11:25,573 Load disk config: storage_dir=/opt/seafile/seafile-data/storage/blocks
2026-09-10 05:11:25,573 Load disk config: storage_dir=/opt/seafile/seafile-data/storage/fs
2026-09-10 05:11:25,573 Load disk config: storage_dir=/opt/seafile/seafile-data/storage/commits
[2026-09-10 05:11:28.079578] Start sending file updates emails...
[2026-09-10 05:11:28.088273] Finish sending file updates emails.

2026-09-10 05:16:29,277 Load disk config: storage_dir=/opt/seafile/seafile-data/storage/blocks
2026-09-10 05:16:29,277 Load disk config: storage_dir=/opt/seafile/seafile-data/storage/fs
2026-09-10 05:16:29,277 Load disk config: storage_dir=/opt/seafile/seafile-data/storage/commits
[2026-09-10 05:16:31.786953] Start sending file updates emails...
[2026-09-10 05:16:31.795039] Finish sending file updates emails.

2026-09-10 05:21:32,975 Load disk config: storage_dir=/opt/seafile/seafile-data/storage/blocks
2026-09-10 05:21:32,975 Load disk config: storage_dir=/opt/seafile/seafile-data/storage/fs
2026-09-10 05:21:32,976 Load disk config: storage_dir=/opt/seafile/seafile-data/storage/commits
[2026-09-10 05:21:35.484037] Start sending file updates emails...
[2026-09-10 05:21:35.492156] Finish sending file updates emails.

2026-09-10 05:24:55,268 Start counting user activity info..
2026-09-10 05:24:55,269 Start counting traffic info..
2026-09-10 05:24:55,269 [UserActivityCounter] update 0 items.
2026-09-10 05:24:55,270 Traffic counter finished, total time: 0.0007729530334472656 seconds.
2026-09-10 05:24:55,284 starts to send email
2026-09-10 05:24:55,599 Start counting file operations..
2026-09-10 05:24:55,616 [FileOpsCounter] Finish counting file operations in 0.015848398208618164 seconds, 0 added, 0 deleted, 0 visited, 0 modified
2026-09-10 05:24:55,746 Start counting monthly traffic info..
2026-09-10 05:24:55,775 Monthly traffic counter finished, update 1 user items, 1 org items, total time: 0.02805161476135254 seconds.
2026-09-10 05:24:56,023 Load disk config: storage_dir=/opt/seafile/seafile-data/storage/blocks
2026-09-10 05:24:56,023 Load disk config: storage_dir=/opt/seafile/seafile-data/storage/fs
2026-09-10 05:24:56,023 Load disk config: storage_dir=/opt/seafile/seafile-data/storage/commits
2026-09-10 05:24:56,071 Start counting total storage..
2026-09-10 05:24:56,117 [TotalStorageCounter] Finish counting total storage in 0.04547548294067383 seconds.
2026-09-10 05:26:36,675 Load disk config: storage_dir=/opt/seafile/seafile-data/storage/blocks
2026-09-10 05:26:36,676 Load disk config: storage_dir=/opt/seafile/seafile-data/storage/fs
2026-09-10 05:26:36,676 Load disk config: storage_dir=/opt/seafile/seafile-data/storage/commits
[2026-09-10 05:26:39.195823] Start sending file updates emails...
[2026-09-10 05:26:39.203633] Finish sending file updates emails.

2026-09-10 05:31:40,377 Load disk config: storage_dir=/opt/seafile/seafile-data/storage/blocks
2026-09-10 05:31:40,377 Load disk config: storage_dir=/opt/seafile/seafile-data/storage/fs
2026-09-10 05:31:40,377 Load disk config: storage_dir=/opt/seafile/seafile-data/storage/commits
[2026-09-10 05:31:42.872568] Start sending file updates emails...
[2026-09-10 05:31:42.880516] Finish sending file updates emails.

2026-09-10 05:36:44,050 Load disk config: storage_dir=/opt/seafile/seafile-data/storage/blocks
2026-09-10 05:36:44,050 Load disk config: storage_dir=/opt/seafile/seafile-data/storage/fs
2026-09-10 05:36:44,051 Load disk config: storage_dir=/opt/seafile/seafile-data/storage/commits
[2026-09-10 05:36:46.549622] Start sending file updates emails...
[2026-09-10 05:36:46.557790] Finish sending file updates emails.

2026-09-10 05:41:47,731 Load disk config: storage_dir=/opt/seafile/seafile-data/storage/blocks
2026-09-10 05:41:47,732 Load disk config: storage_dir=/opt/seafile/seafile-data/storage/fs
2026-09-10 05:41:47,732 Load disk config: storage_dir=/opt/seafile/seafile-data/storage/commits
[2026-09-10 05:41:50.232430] Start sending file updates emails...
[2026-09-10 05:41:50.240015] Finish sending file updates emails.

2026-09-10 05:46:51,441 Load disk config: storage_dir=/opt/seafile/seafile-data/storage/blocks
2026-09-10 05:46:51,441 Load disk config: storage_dir=/opt/seafile/seafile-data/storage/fs
2026-09-10 05:46:51,441 Load disk config: storage_dir=/opt/seafile/seafile-data/storage/commits
[2026-09-10 05:46:53.998135] Start sending file updates emails...
[2026-09-10 05:46:54.006461] Finish sending file updates emails.

2026-09-10 05:51:55,175 Load disk config: storage_dir=/opt/seafile/seafile-data/storage/blocks
2026-09-10 05:51:55,175 Load disk config: storage_dir=/opt/seafile/seafile-data/storage/fs
2026-09-10 05:51:55,175 Load disk config: storage_dir=/opt/seafile/seafile-data/storage/commits
[2026-09-10 05:51:57.734683] Start sending file updates emails...
[2026-09-10 05:51:57.742723] Finish sending file updates emails.

2026-09-10 05:54:55,285 starts to send email
2026-09-10 05:54:55,994 Load disk config: storage_dir=/opt/seafile/seafile-data/storage/blocks
2026-09-10 05:54:55,995 Load disk config: storage_dir=/opt/seafile/seafile-data/storage/fs
2026-09-10 05:54:55,995 Load disk config: storage_dir=/opt/seafile/seafile-data/storage/commits
2026-09-10 05:56:58,923 Load disk config: storage_dir=/opt/seafile/seafile-data/storage/blocks
2026-09-10 05:56:58,923 Load disk config: storage_dir=/opt/seafile/seafile-data/storage/fs
2026-09-10 05:56:58,923 Load disk config: storage_dir=/opt/seafile/seafile-data/storage/commits
[2026-09-10 05:57:01.474223] Start sending file updates emails...
[2026-09-10 05:57:01.482260] Finish sending file updates emails.

2026-09-10 06:02:02,662 Load disk config: storage_dir=/opt/seafile/seafile-data/storage/blocks
2026-09-10 06:02:02,662 Load disk config: storage_dir=/opt/seafile/seafile-data/storage/fs
2026-09-10 06:02:02,662 Load disk config: storage_dir=/opt/seafile/seafile-data/storage/commits
[2026-09-10 06:02:05.162507] Start sending file updates emails...
[2026-09-10 06:02:05.170342] Finish sending file updates emails.

2026-09-10 06:07:06,357 Load disk config: storage_dir=/opt/seafile/seafile-data/storage/blocks
2026-09-10 06:07:06,357 Load disk config: storage_dir=/opt/seafile/seafile-data/storage/fs
2026-09-10 06:07:06,357 Load disk config: storage_dir=/opt/seafile/seafile-data/storage/commits
[2026-09-10 06:07:08.862698] Start sending file updates emails...
[2026-09-10 06:07:08.871114] Finish sending file updates emails.

2026-09-10 06:12:10,069 Load disk config: storage_dir=/opt/seafile/seafile-data/storage/blocks
2026-09-10 06:12:10,069 Load disk config: storage_dir=/opt/seafile/seafile-data/storage/fs
2026-09-10 06:12:10,069 Load disk config: storage_dir=/opt/seafile/seafile-data/storage/commits
[2026-09-10 06:12:12.657568] Start sending file updates emails...
[2026-09-10 06:12:12.665216] Finish sending file updates emails.

2026-09-10 06:17:13,863 Load disk config: storage_dir=/opt/seafile/seafile-data/storage/blocks
2026-09-10 06:17:13,863 Load disk config: storage_dir=/opt/seafile/seafile-data/storage/fs
2026-09-10 06:17:13,864 Load disk config: storage_dir=/opt/seafile/seafile-data/storage/commits
[2026-09-10 06:17:16.362509] Start sending file updates emails...
[2026-09-10 06:17:16.370203] Finish sending file updates emails.

2026-09-10 06:22:17,543 Load disk config: storage_dir=/opt/seafile/seafile-data/storage/blocks
2026-09-10 06:22:17,543 Load disk config: storage_dir=/opt/seafile/seafile-data/storage/fs
2026-09-10 06:22:17,543 Load disk config: storage_dir=/opt/seafile/seafile-data/storage/commits
[2026-09-10 06:22:20.035790] Start sending file updates emails...
[2026-09-10 06:22:20.043387] Finish sending file updates emails.

2026-09-10 06:24:55,271 Start counting user activity info..
2026-09-10 06:24:55,271 Start counting traffic info..
2026-09-10 06:24:55,272 [UserActivityCounter] update 0 items.
2026-09-10 06:24:55,272 Traffic counter finished, total time: 0.0008604526519775391 seconds.
2026-09-10 06:24:55,286 starts to send email
2026-09-10 06:24:55,617 Start counting file operations..
2026-09-10 06:24:55,632 [FileOpsCounter] Finish counting file operations in 0.014242410659790039 seconds, 0 added, 0 deleted, 0 visited, 0 modified
2026-09-10 06:24:55,776 Start counting monthly traffic info..
2026-09-10 06:24:55,801 Monthly traffic counter finished, update 1 user items, 1 org items, total time: 0.025334596633911133 seconds.
2026-09-10 06:24:56,032 Load disk config: storage_dir=/opt/seafile/seafile-data/storage/blocks
2026-09-10 06:24:56,033 Load disk config: storage_dir=/opt/seafile/seafile-data/storage/fs
2026-09-10 06:24:56,033 Load disk config: storage_dir=/opt/seafile/seafile-data/storage/commits
2026-09-10 06:24:56,119 Start counting total storage..
2026-09-10 06:24:56,145 [TotalStorageCounter] Finish counting total storage in 0.02607893943786621 seconds.
2026-09-10 06:27:21,229 Load disk config: storage_dir=/opt/seafile/seafile-data/storage/blocks
2026-09-10 06:27:21,230 Load disk config: storage_dir=/opt/seafile/seafile-data/storage/fs
2026-09-10 06:27:21,230 Load disk config: storage_dir=/opt/seafile/seafile-data/storage/commits
[2026-09-10 06:27:23.713943] Start sending file updates emails...
[2026-09-10 06:27:23.722295] Finish sending file updates emails.

2026-09-10 06:32:24,890 Load disk config: storage_dir=/opt/seafile/seafile-data/storage/blocks
2026-09-10 06:32:24,891 Load disk config: storage_dir=/opt/seafile/seafile-data/storage/fs
2026-09-10 06:32:24,891 Load disk config: storage_dir=/opt/seafile/seafile-data/storage/commits
[2026-09-10 06:32:27.471474] Start sending file updates emails...
[2026-09-10 06:32:27.479520] Finish sending file updates emails.

2026-09-10 06:37:28,725 Load disk config: storage_dir=/opt/seafile/seafile-data/storage/blocks
2026-09-10 06:37:28,725 Load disk config: storage_dir=/opt/seafile/seafile-data/storage/fs
2026-09-10 06:37:28,726 Load disk config: storage_dir=/opt/seafile/seafile-data/storage/commits
[2026-09-10 06:37:31.286978] Start sending file updates emails...
[2026-09-10 06:37:31.294786] Finish sending file updates emails.

2026-09-10 06:42:32,522 Load disk config: storage_dir=/opt/seafile/seafile-data/storage/blocks
2026-09-10 06:42:32,522 Load disk config: storage_dir=/opt/seafile/seafile-data/storage/fs
2026-09-10 06:42:32,522 Load disk config: storage_dir=/opt/seafile/seafile-data/storage/commits
[2026-09-10 06:42:35.070426] Start sending file updates emails...
[2026-09-10 06:42:35.078144] Finish sending file updates emails.

2026-09-10 06:47:36,256 Load disk config: storage_dir=/opt/seafile/seafile-data/storage/blocks
2026-09-10 06:47:36,256 Load disk config: storage_dir=/opt/seafile/seafile-data/storage/fs
2026-09-10 06:47:36,256 Load disk config: storage_dir=/opt/seafile/seafile-data/storage/commits
[2026-09-10 06:47:38.744547] Start sending file updates emails...
[2026-09-10 06:47:38.752329] Finish sending file updates emails.

2026-09-10 06:52:39,924 Load disk config: storage_dir=/opt/seafile/seafile-data/storage/blocks
2026-09-10 06:52:39,925 Load disk config: storage_dir=/opt/seafile/seafile-data/storage/fs
2026-09-10 06:52:39,925 Load disk config: storage_dir=/opt/seafile/seafile-data/storage/commits
[2026-09-10 06:52:42.434294] Start sending file updates emails...
[2026-09-10 06:52:42.442574] Finish sending file updates emails.

2026-09-10 06:54:55,287 starts to send email
2026-09-10 06:54:56,003 Load disk config: storage_dir=/opt/seafile/seafile-data/storage/blocks
2026-09-10 06:54:56,004 Load disk config: storage_dir=/opt/seafile/seafile-data/storage/fs
2026-09-10 06:54:56,004 Load disk config: storage_dir=/opt/seafile/seafile-data/storage/commits
2026-09-10 06:57:43,808 Load disk config: storage_dir=/opt/seafile/seafile-data/storage/blocks
2026-09-10 06:57:43,808 Load disk config: storage_dir=/opt/seafile/seafile-data/storage/fs
2026-09-10 06:57:43,808 Load disk config: storage_dir=/opt/seafile/seafile-data/storage/commits
[2026-09-10 06:57:46.297771] Start sending file updates emails...
[2026-09-10 06:57:46.305652] Finish sending file updates emails.

2026-09-10 07:02:47,482 Load disk config: storage_dir=/opt/seafile/seafile-data/storage/blocks
2026-09-10 07:02:47,482 Load disk config: storage_dir=/opt/seafile/seafile-data/storage/fs
2026-09-10 07:02:47,482 Load disk config: storage_dir=/opt/seafile/seafile-data/storage/commits
[2026-09-10 07:02:50.010784] Start sending file updates emails...
[2026-09-10 07:02:50.019064] Finish sending file updates emails.

2026-09-10 07:07:51,196 Load disk config: storage_dir=/opt/seafile/seafile-data/storage/blocks
2026-09-10 07:07:51,197 Load disk config: storage_dir=/opt/seafile/seafile-data/storage/fs
2026-09-10 07:07:51,197 Load disk config: storage_dir=/opt/seafile/seafile-data/storage/commits
[2026-09-10 07:07:53.703994] Start sending file updates emails...
[2026-09-10 07:07:53.712021] Finish sending file updates emails.

2026-09-10 07:12:54,897 Load disk config: storage_dir=/opt/seafile/seafile-data/storage/blocks
2026-09-10 07:12:54,898 Load disk config: storage_dir=/opt/seafile/seafile-data/storage/fs
2026-09-10 07:12:54,898 Load disk config: storage_dir=/opt/seafile/seafile-data/storage/commits
[2026-09-10 07:12:57.461944] Start sending file updates emails...
[2026-09-10 07:12:57.469727] Finish sending file updates emails.

2026-09-10 07:17:58,647 Load disk config: storage_dir=/opt/seafile/seafile-data/storage/blocks
2026-09-10 07:17:58,647 Load disk config: storage_dir=/opt/seafile/seafile-data/storage/fs
2026-09-10 07:17:58,647 Load disk config: storage_dir=/opt/seafile/seafile-data/storage/commits
[2026-09-10 07:18:01.217081] Start sending file updates emails...
[2026-09-10 07:18:01.224941] Finish sending file updates emails.

2026-09-10 07:23:02,421 Load disk config: storage_dir=/opt/seafile/seafile-data/storage/blocks
2026-09-10 07:23:02,421 Load disk config: storage_dir=/opt/seafile/seafile-data/storage/fs
2026-09-10 07:23:02,421 Load disk config: storage_dir=/opt/seafile/seafile-data/storage/commits
[2026-09-10 07:23:04.956228] Start sending file updates emails...
[2026-09-10 07:23:04.964100] Finish sending file updates emails.

2026-09-10 07:24:55,273 Start counting user activity info..
2026-09-10 07:24:55,274 Start counting traffic info..
2026-09-10 07:24:55,274 [UserActivityCounter] update 0 items.
2026-09-10 07:24:55,275 Traffic counter finished, total time: 0.0010340213775634766 seconds.
2026-09-10 07:24:55,287 starts to send email
2026-09-10 07:24:55,633 Start counting file operations..
2026-09-10 07:24:55,647 [FileOpsCounter] Finish counting file operations in 0.013496160507202148 seconds, 0 added, 0 deleted, 0 visited, 0 modified
2026-09-10 07:24:55,802 Start counting monthly traffic info..
2026-09-10 07:24:55,829 Monthly traffic counter finished, update 1 user items, 1 org items, total time: 0.026607513427734375 seconds.
2026-09-10 07:24:56,018 Load disk config: storage_dir=/opt/seafile/seafile-data/storage/blocks
2026-09-10 07:24:56,018 Load disk config: storage_dir=/opt/seafile/seafile-data/storage/fs
2026-09-10 07:24:56,018 Load disk config: storage_dir=/opt/seafile/seafile-data/storage/commits
2026-09-10 07:24:56,147 Start counting total storage..
2026-09-10 07:24:56,209 [TotalStorageCounter] Finish counting total storage in 0.06216263771057129 seconds.
2026-09-10 07:28:06,150 Load disk config: storage_dir=/opt/seafile/seafile-data/storage/blocks
2026-09-10 07:28:06,150 Load disk config: storage_dir=/opt/seafile/seafile-data/storage/fs
2026-09-10 07:28:06,150 Load disk config: storage_dir=/opt/seafile/seafile-data/storage/commits
[2026-09-10 07:28:08.693234] Start sending file updates emails...
[2026-09-10 07:28:08.700933] Finish sending file updates emails.

2026-09-10 07:33:09,921 Load disk config: storage_dir=/opt/seafile/seafile-data/storage/blocks
2026-09-10 07:33:09,921 Load disk config: storage_dir=/opt/seafile/seafile-data/storage/fs
2026-09-10 07:33:09,921 Load disk config: storage_dir=/opt/seafile/seafile-data/storage/commits
[2026-09-10 07:33:12.509559] Start sending file updates emails...
[2026-09-10 07:33:12.517574] Finish sending file updates emails.

2026-09-10 07:38:13,736 Load disk config: storage_dir=/opt/seafile/seafile-data/storage/blocks
2026-09-10 07:38:13,736 Load disk config: storage_dir=/opt/seafile/seafile-data/storage/fs
2026-09-10 07:38:13,736 Load disk config: storage_dir=/opt/seafile/seafile-data/storage/commits
[2026-09-10 07:38:16.259312] Start sending file updates emails...
[2026-09-10 07:38:16.267434] Finish sending file updates emails.

2026-09-10 07:43:17,496 Load disk config: storage_dir=/opt/seafile/seafile-data/storage/blocks
2026-09-10 07:43:17,496 Load disk config: storage_dir=/opt/seafile/seafile-data/storage/fs
2026-09-10 07:43:17,496 Load disk config: storage_dir=/opt/seafile/seafile-data/storage/commits
[2026-09-10 07:43:19.996573] Start sending file updates emails...
[2026-09-10 07:43:20.004716] Finish sending file updates emails.

2026-09-10 07:48:21,222 Load disk config: storage_dir=/opt/seafile/seafile-data/storage/blocks
2026-09-10 07:48:21,223 Load disk config: storage_dir=/opt/seafile/seafile-data/storage/fs
2026-09-10 07:48:21,223 Load disk config: storage_dir=/opt/seafile/seafile-data/storage/commits
[2026-09-10 07:48:23.739365] Start sending file updates emails...
[2026-09-10 07:48:23.747149] Finish sending file updates emails.

2026-09-10 07:53:24,930 Load disk config: storage_dir=/opt/seafile/seafile-data/storage/blocks
2026-09-10 07:53:24,930 Load disk config: storage_dir=/opt/seafile/seafile-data/storage/fs
2026-09-10 07:53:24,930 Load disk config: storage_dir=/opt/seafile/seafile-data/storage/commits
[2026-09-10 07:53:27.444863] Start sending file updates emails...
[2026-09-10 07:53:27.452825] Finish sending file updates emails.

2026-09-10 07:54:55,288 starts to send email
2026-09-10 07:54:56,004 Load disk config: storage_dir=/opt/seafile/seafile-data/storage/blocks
2026-09-10 07:54:56,004 Load disk config: storage_dir=/opt/seafile/seafile-data/storage/fs
2026-09-10 07:54:56,004 Load disk config: storage_dir=/opt/seafile/seafile-data/storage/commits
2026-09-10 07:58:28,631 Load disk config: storage_dir=/opt/seafile/seafile-data/storage/blocks
2026-09-10 07:58:28,631 Load disk config: storage_dir=/opt/seafile/seafile-data/storage/fs
2026-09-10 07:58:28,631 Load disk config: storage_dir=/opt/seafile/seafile-data/storage/commits
[2026-09-10 07:58:31.203935] Start sending file updates emails...
[2026-09-10 07:58:31.211526] Finish sending file updates emails.

2026-09-10 08:03:32,437 Load disk config: storage_dir=/opt/seafile/seafile-data/storage/blocks
2026-09-10 08:03:32,437 Load disk config: storage_dir=/opt/seafile/seafile-data/storage/fs
2026-09-10 08:03:32,437 Load disk config: storage_dir=/opt/seafile/seafile-data/storage/commits
[2026-09-10 08:03:34.954298] Start sending file updates emails...
[2026-09-10 08:03:34.962432] Finish sending file updates emails.

2026-09-10 08:08:36,145 Load disk config: storage_dir=/opt/seafile/seafile-data/storage/blocks
2026-09-10 08:08:36,145 Load disk config: storage_dir=/opt/seafile/seafile-data/storage/fs
2026-09-10 08:08:36,145 Load disk config: storage_dir=/opt/seafile/seafile-data/storage/commits
[2026-09-10 08:08:38.661016] Start sending file updates emails...
[2026-09-10 08:08:38.668962] Finish sending file updates emails.

2026-09-10 08:13:39,843 Load disk config: storage_dir=/opt/seafile/seafile-data/storage/blocks
2026-09-10 08:13:39,843 Load disk config: storage_dir=/opt/seafile/seafile-data/storage/fs
2026-09-10 08:13:39,843 Load disk config: storage_dir=/opt/seafile/seafile-data/storage/commits
[2026-09-10 08:13:42.341868] Start sending file updates emails...
[2026-09-10 08:13:42.350118] Finish sending file updates emails.

2026-09-10 08:18:43,512 Load disk config: storage_dir=/opt/seafile/seafile-data/storage/blocks
2026-09-10 08:18:43,512 Load disk config: storage_dir=/opt/seafile/seafile-data/storage/fs
2026-09-10 08:18:43,512 Load disk config: storage_dir=/opt/seafile/seafile-data/storage/commits
[2026-09-10 08:18:45.984076] Start sending file updates emails...
[2026-09-10 08:18:45.991872] Finish sending file updates emails.

2026-09-10 08:23:47,168 Load disk config: storage_dir=/opt/seafile/seafile-data/storage/blocks
2026-09-10 08:23:47,168 Load disk config: storage_dir=/opt/seafile/seafile-data/storage/fs
2026-09-10 08:23:47,168 Load disk config: storage_dir=/opt/seafile/seafile-data/storage/commits
[2026-09-10 08:23:49.707897] Start sending file updates emails...
[2026-09-10 08:23:49.715434] Finish sending file updates emails.

2026-09-10 08:24:55,275 Start counting user activity info..
2026-09-10 08:24:55,276 Start counting traffic info..
2026-09-10 08:24:55,276 [UserActivityCounter] update 0 items.
2026-09-10 08:24:55,277 Traffic counter finished, total time: 0.0007665157318115234 seconds.
2026-09-10 08:24:55,289 starts to send email
2026-09-10 08:24:55,649 Start counting file operations..
2026-09-10 08:24:55,663 [FileOpsCounter] Finish counting file operations in 0.013666868209838867 seconds, 0 added, 0 deleted, 0 visited, 0 modified
2026-09-10 08:24:55,830 Start counting monthly traffic info..
2026-09-10 08:24:55,854 Monthly traffic counter finished, update 1 user items, 1 org items, total time: 0.024016618728637695 seconds.
2026-09-10 08:24:56,032 Load disk config: storage_dir=/opt/seafile/seafile-data/storage/blocks
2026-09-10 08:24:56,032 Load disk config: storage_dir=/opt/seafile/seafile-data/storage/fs
2026-09-10 08:24:56,032 Load disk config: storage_dir=/opt/seafile/seafile-data/storage/commits
2026-09-10 08:24:56,211 Start counting total storage..
2026-09-10 08:24:56,263 [TotalStorageCounter] Finish counting total storage in 0.05184364318847656 seconds.
2026-09-10 08:28:50,940 Load disk config: storage_dir=/opt/seafile/seafile-data/storage/blocks
2026-09-10 08:28:50,940 Load disk config: storage_dir=/opt/seafile/seafile-data/storage/fs
2026-09-10 08:28:50,941 Load disk config: storage_dir=/opt/seafile/seafile-data/storage/commits
[2026-09-10 08:28:53.460036] Start sending file updates emails...
[2026-09-10 08:28:53.467944] Finish sending file updates emails.

2026-09-10 08:33:54,648 Load disk config: storage_dir=/opt/seafile/seafile-data/storage/blocks
2026-09-10 08:33:54,648 Load disk config: storage_dir=/opt/seafile/seafile-data/storage/fs
2026-09-10 08:33:54,648 Load disk config: storage_dir=/opt/seafile/seafile-data/storage/commits
[2026-09-10 08:33:57.145094] Start sending file updates emails...
[2026-09-10 08:33:57.153053] Finish sending file updates emails.

2026-09-10 08:38:58,327 Load disk config: storage_dir=/opt/seafile/seafile-data/storage/blocks
2026-09-10 08:38:58,327 Load disk config: storage_dir=/opt/seafile/seafile-data/storage/fs
2026-09-10 08:38:58,327 Load disk config: storage_dir=/opt/seafile/seafile-data/storage/commits
[2026-09-10 08:39:00.865526] Start sending file updates emails...
[2026-09-10 08:39:00.874090] Finish sending file updates emails.

2026-09-10 08:44:02,063 Load disk config: storage_dir=/opt/seafile/seafile-data/storage/blocks
2026-09-10 08:44:02,063 Load disk config: storage_dir=/opt/seafile/seafile-data/storage/fs
2026-09-10 08:44:02,063 Load disk config: storage_dir=/opt/seafile/seafile-data/storage/commits
[2026-09-10 08:44:04.587765] Start sending file updates emails...
[2026-09-10 08:44:04.595845] Finish sending file updates emails.

2026-09-10 08:49:05,794 Load disk config: storage_dir=/opt/seafile/seafile-data/storage/blocks
2026-09-10 08:49:05,794 Load disk config: storage_dir=/opt/seafile/seafile-data/storage/fs
2026-09-10 08:49:05,794 Load disk config: storage_dir=/opt/seafile/seafile-data/storage/commits
[2026-09-10 08:49:08.291026] Start sending file updates emails...
[2026-09-10 08:49:08.299126] Finish sending file updates emails.

2026-09-10 08:54:09,474 Load disk config: storage_dir=/opt/seafile/seafile-data/storage/blocks
2026-09-10 08:54:09,475 Load disk config: storage_dir=/opt/seafile/seafile-data/storage/fs
2026-09-10 08:54:09,475 Load disk config: storage_dir=/opt/seafile/seafile-data/storage/commits
[2026-09-10 08:54:11.985500] Start sending file updates emails...
[2026-09-10 08:54:11.993218] Finish sending file updates emails.

2026-09-10 08:54:55,290 starts to send email
2026-09-10 08:54:56,002 Load disk config: storage_dir=/opt/seafile/seafile-data/storage/blocks
2026-09-10 08:54:56,003 Load disk config: storage_dir=/opt/seafile/seafile-data/storage/fs
2026-09-10 08:54:56,003 Load disk config: storage_dir=/opt/seafile/seafile-data/storage/commits
2026-09-10 08:59:13,173 Load disk config: storage_dir=/opt/seafile/seafile-data/storage/blocks
2026-09-10 08:59:13,173 Load disk config: storage_dir=/opt/seafile/seafile-data/storage/fs
2026-09-10 08:59:13,173 Load disk config: storage_dir=/opt/seafile/seafile-data/storage/commits
[2026-09-10 08:59:15.675442] Start sending file updates emails...
[2026-09-10 08:59:15.683028] Finish sending file updates emails.

2026-09-10 09:04:16,845 Load disk config: storage_dir=/opt/seafile/seafile-data/storage/blocks
2026-09-10 09:04:16,845 Load disk config: storage_dir=/opt/seafile/seafile-data/storage/fs
2026-09-10 09:04:16,845 Load disk config: storage_dir=/opt/seafile/seafile-data/storage/commits
[2026-09-10 09:04:19.335494] Start sending file updates emails...
[2026-09-10 09:04:19.343576] Finish sending file updates emails.

2026-09-10 09:09:20,509 Load disk config: storage_dir=/opt/seafile/seafile-data/storage/blocks
2026-09-10 09:09:20,509 Load disk config: storage_dir=/opt/seafile/seafile-data/storage/fs
2026-09-10 09:09:20,509 Load disk config: storage_dir=/opt/seafile/seafile-data/storage/commits
[2026-09-10 09:09:22.972745] Start sending file updates emails...
[2026-09-10 09:09:22.980741] Finish sending file updates emails.

2026-09-10 09:14:24,144 Load disk config: storage_dir=/opt/seafile/seafile-data/storage/blocks
2026-09-10 09:14:24,145 Load disk config: storage_dir=/opt/seafile/seafile-data/storage/fs
2026-09-10 09:14:24,145 Load disk config: storage_dir=/opt/seafile/seafile-data/storage/commits
[2026-09-10 09:14:26.631054] Start sending file updates emails...
[2026-09-10 09:14:26.639259] Finish sending file updates emails.

2026-09-10 09:19:27,805 Load disk config: storage_dir=/opt/seafile/seafile-data/storage/blocks
2026-09-10 09:19:27,805 Load disk config: storage_dir=/opt/seafile/seafile-data/storage/fs
2026-09-10 09:19:27,805 Load disk config: storage_dir=/opt/seafile/seafile-data/storage/commits
[2026-09-10 09:19:30.334965] Start sending file updates emails...
[2026-09-10 09:19:30.343136] Finish sending file updates emails.

2026-09-10 09:24:31,519 Load disk config: storage_dir=/opt/seafile/seafile-data/storage/blocks
2026-09-10 09:24:31,519 Load disk config: storage_dir=/opt/seafile/seafile-data/storage/fs
2026-09-10 09:24:31,519 Load disk config: storage_dir=/opt/seafile/seafile-data/storage/commits
[2026-09-10 09:24:34.080846] Start sending file updates emails...
[2026-09-10 09:24:34.088743] Finish sending file updates emails.

2026-09-10 09:24:55,277 Start counting user activity info..
2026-09-10 09:24:55,278 Start counting traffic info..
2026-09-10 09:24:55,279 [UserActivityCounter] update 0 items.
2026-09-10 09:24:55,279 Traffic counter finished, total time: 0.0010476112365722656 seconds.
2026-09-10 09:24:55,291 starts to send email
2026-09-10 09:24:55,664 Start counting file operations..
2026-09-10 09:24:55,678 [FileOpsCounter] Finish counting file operations in 0.013711214065551758 seconds, 0 added, 0 deleted, 0 visited, 0 modified
2026-09-10 09:24:55,855 Start counting monthly traffic info..
2026-09-10 09:24:55,881 Monthly traffic counter finished, update 1 user items, 1 org items, total time: 0.02641463279724121 seconds.
2026-09-10 09:24:56,020 Load disk config: storage_dir=/opt/seafile/seafile-data/storage/blocks
2026-09-10 09:24:56,021 Load disk config: storage_dir=/opt/seafile/seafile-data/storage/fs
2026-09-10 09:24:56,021 Load disk config: storage_dir=/opt/seafile/seafile-data/storage/commits
2026-09-10 09:24:56,265 Start counting total storage..
2026-09-10 09:24:56,306 [TotalStorageCounter] Finish counting total storage in 0.03987765312194824 seconds.
2026-09-10 09:29:35,307 Load disk config: storage_dir=/opt/seafile/seafile-data/storage/blocks
2026-09-10 09:29:35,307 Load disk config: storage_dir=/opt/seafile/seafile-data/storage/fs
2026-09-10 09:29:35,307 Load disk config: storage_dir=/opt/seafile/seafile-data/storage/commits
[2026-09-10 09:29:37.806832] Start sending file updates emails...
[2026-09-10 09:29:37.814656] Finish sending file updates emails.

2026-09-10 09:34:38,978 Load disk config: storage_dir=/opt/seafile/seafile-data/storage/blocks
2026-09-10 09:34:38,978 Load disk config: storage_dir=/opt/seafile/seafile-data/storage/fs
2026-09-10 09:34:38,979 Load disk config: storage_dir=/opt/seafile/seafile-data/storage/commits
[2026-09-10 09:34:41.466181] Start sending file updates emails...
[2026-09-10 09:34:41.474337] Finish sending file updates emails.

2026-09-10 09:39:42,637 Load disk config: storage_dir=/opt/seafile/seafile-data/storage/blocks
2026-09-10 09:39:42,637 Load disk config: storage_dir=/opt/seafile/seafile-data/storage/fs
2026-09-10 09:39:42,637 Load disk config: storage_dir=/opt/seafile/seafile-data/storage/commits
[2026-09-10 09:39:45.105927] Start sending file updates emails...
[2026-09-10 09:39:45.114012] Finish sending file updates emails.

2026-09-10 09:44:46,274 Load disk config: storage_dir=/opt/seafile/seafile-data/storage/blocks
2026-09-10 09:44:46,274 Load disk config: storage_dir=/opt/seafile/seafile-data/storage/fs
2026-09-10 09:44:46,274 Load disk config: storage_dir=/opt/seafile/seafile-data/storage/commits
[2026-09-10 09:44:48.813893] Start sending file updates emails...
[2026-09-10 09:44:48.821756] Finish sending file updates emails.

2026-09-10 09:49:49,991 Load disk config: storage_dir=/opt/seafile/seafile-data/storage/blocks
2026-09-10 09:49:49,991 Load disk config: storage_dir=/opt/seafile/seafile-data/storage/fs
2026-09-10 09:49:49,991 Load disk config: storage_dir=/opt/seafile/seafile-data/storage/commits
[2026-09-10 09:49:52.488772] Start sending file updates emails...
[2026-09-10 09:49:52.496661] Finish sending file updates emails.

2026-09-10 09:54:53,672 Load disk config: storage_dir=/opt/seafile/seafile-data/storage/blocks
2026-09-10 09:54:53,672 Load disk config: storage_dir=/opt/seafile/seafile-data/storage/fs
2026-09-10 09:54:53,672 Load disk config: storage_dir=/opt/seafile/seafile-data/storage/commits
2026-09-10 09:54:55,291 starts to send email
2026-09-10 09:54:56,405 Load disk config: storage_dir=/opt/seafile/seafile-data/storage/blocks
2026-09-10 09:54:56,406 Load disk config: storage_dir=/opt/seafile/seafile-data/storage/fs
2026-09-10 09:54:56,406 Load disk config: storage_dir=/opt/seafile/seafile-data/storage/commits
[2026-09-10 09:54:56.589964] Start sending file updates emails...
[2026-09-10 09:54:56.601943] Finish sending file updates emails.

2026-09-10 09:59:57,941 Load disk config: storage_dir=/opt/seafile/seafile-data/storage/blocks
2026-09-10 09:59:57,941 Load disk config: storage_dir=/opt/seafile/seafile-data/storage/fs
2026-09-10 09:59:57,941 Load disk config: storage_dir=/opt/seafile/seafile-data/storage/commits
[2026-09-10 10:00:00.458868] Start sending file updates emails...
[2026-09-10 10:00:00.466908] Finish sending file updates emails.

2026-09-10 10:05:01,737 Load disk config: storage_dir=/opt/seafile/seafile-data/storage/blocks
2026-09-10 10:05:01,737 Load disk config: storage_dir=/opt/seafile/seafile-data/storage/fs
2026-09-10 10:05:01,737 Load disk config: storage_dir=/opt/seafile/seafile-data/storage/commits
[2026-09-10 10:05:04.247095] Start sending file updates emails...
[2026-09-10 10:05:04.254696] Finish sending file updates emails.

2026-09-10 10:10:05,493 Load disk config: storage_dir=/opt/seafile/seafile-data/storage/blocks
2026-09-10 10:10:05,493 Load disk config: storage_dir=/opt/seafile/seafile-data/storage/fs
2026-09-10 10:10:05,493 Load disk config: storage_dir=/opt/seafile/seafile-data/storage/commits
[2026-09-10 10:10:08.111757] Start sending file updates emails...
[2026-09-10 10:10:08.119888] Finish sending file updates emails.

2026-09-10 10:15:09,358 Load disk config: storage_dir=/opt/seafile/seafile-data/storage/blocks
2026-09-10 10:15:09,358 Load disk config: storage_dir=/opt/seafile/seafile-data/storage/fs
2026-09-10 10:15:09,358 Load disk config: storage_dir=/opt/seafile/seafile-data/storage/commits
[2026-09-10 10:15:11.854851] Start sending file updates emails...
[2026-09-10 10:15:11.862491] Finish sending file updates emails.

2026-09-10 10:20:13,046 Load disk config: storage_dir=/opt/seafile/seafile-data/storage/blocks
2026-09-10 10:20:13,046 Load disk config: storage_dir=/opt/seafile/seafile-data/storage/fs
2026-09-10 10:20:13,046 Load disk config: storage_dir=/opt/seafile/seafile-data/storage/commits
[2026-09-10 10:20:15.549849] Start sending file updates emails...
[2026-09-10 10:20:15.557738] Finish sending file updates emails.

2026-09-10 10:24:55,280 Start counting user activity info..
2026-09-10 10:24:55,280 Start counting traffic info..
2026-09-10 10:24:55,281 [UserActivityCounter] update 0 items.
2026-09-10 10:24:55,281 Traffic counter finished, total time: 0.0008435249328613281 seconds.
2026-09-10 10:24:55,292 starts to send email
2026-09-10 10:24:55,680 Start counting file operations..
2026-09-10 10:24:55,696 [FileOpsCounter] Finish counting file operations in 0.015517234802246094 seconds, 0 added, 0 deleted, 0 visited, 0 modified
2026-09-10 10:24:55,882 Start counting monthly traffic info..
2026-09-10 10:24:55,907 Monthly traffic counter finished, update 1 user items, 1 org items, total time: 0.024513721466064453 seconds.
2026-09-10 10:24:56,035 Load disk config: storage_dir=/opt/seafile/seafile-data/storage/blocks
2026-09-10 10:24:56,035 Load disk config: storage_dir=/opt/seafile/seafile-data/storage/fs
2026-09-10 10:24:56,035 Load disk config: storage_dir=/opt/seafile/seafile-data/storage/commits
2026-09-10 10:24:56,307 Start counting total storage..
2026-09-10 10:24:56,353 [TotalStorageCounter] Finish counting total storage in 0.04571986198425293 seconds.
2026-09-10 10:25:16,715 Load disk config: storage_dir=/opt/seafile/seafile-data/storage/blocks
2026-09-10 10:25:16,715 Load disk config: storage_dir=/opt/seafile/seafile-data/storage/fs
2026-09-10 10:25:16,715 Load disk config: storage_dir=/opt/seafile/seafile-data/storage/commits
[2026-09-10 10:25:19.186056] Start sending file updates emails...
[2026-09-10 10:25:19.193473] Finish sending file updates emails.

2026-09-10 10:30:20,393 Load disk config: storage_dir=/opt/seafile/seafile-data/storage/blocks
2026-09-10 10:30:20,393 Load disk config: storage_dir=/opt/seafile/seafile-data/storage/fs
2026-09-10 10:30:20,393 Load disk config: storage_dir=/opt/seafile/seafile-data/storage/commits
[2026-09-10 10:30:22.864657] Start sending file updates emails...
[2026-09-10 10:30:22.872730] Finish sending file updates emails.

2026-09-10 10:35:24,036 Load disk config: storage_dir=/opt/seafile/seafile-data/storage/blocks
2026-09-10 10:35:24,036 Load disk config: storage_dir=/opt/seafile/seafile-data/storage/fs
2026-09-10 10:35:24,036 Load disk config: storage_dir=/opt/seafile/seafile-data/storage/commits
[2026-09-10 10:35:26.562774] Start sending file updates emails...
[2026-09-10 10:35:26.575622] Finish sending file updates emails.

2026-09-10 10:40:27,776 Load disk config: storage_dir=/opt/seafile/seafile-data/storage/blocks
2026-09-10 10:40:27,776 Load disk config: storage_dir=/opt/seafile/seafile-data/storage/fs
2026-09-10 10:40:27,776 Load disk config: storage_dir=/opt/seafile/seafile-data/storage/commits
[2026-09-10 10:40:30.273048] Start sending file updates emails...
[2026-09-10 10:40:30.281455] Finish sending file updates emails.

2026-09-10 10:45:31,460 Load disk config: storage_dir=/opt/seafile/seafile-data/storage/blocks
2026-09-10 10:45:31,460 Load disk config: storage_dir=/opt/seafile/seafile-data/storage/fs
2026-09-10 10:45:31,460 Load disk config: storage_dir=/opt/seafile/seafile-data/storage/commits
[2026-09-10 10:45:34.029144] Start sending file updates emails...
[2026-09-10 10:45:34.037378] Finish sending file updates emails.

2026-09-10 10:50:35,204 Load disk config: storage_dir=/opt/seafile/seafile-data/storage/blocks
2026-09-10 10:50:35,204 Load disk config: storage_dir=/opt/seafile/seafile-data/storage/fs
2026-09-10 10:50:35,204 Load disk config: storage_dir=/opt/seafile/seafile-data/storage/commits
[2026-09-10 10:50:37.775301] Start sending file updates emails...
[2026-09-10 10:50:37.783315] Finish sending file updates emails.

2026-09-10 10:54:55,293 starts to send email
2026-09-10 10:54:56,006 Load disk config: storage_dir=/opt/seafile/seafile-data/storage/blocks
2026-09-10 10:54:56,007 Load disk config: storage_dir=/opt/seafile/seafile-data/storage/fs
2026-09-10 10:54:56,007 Load disk config: storage_dir=/opt/seafile/seafile-data/storage/commits
2026-09-10 10:55:38,968 Load disk config: storage_dir=/opt/seafile/seafile-data/storage/blocks
2026-09-10 10:55:38,968 Load disk config: storage_dir=/opt/seafile/seafile-data/storage/fs
2026-09-10 10:55:38,968 Load disk config: storage_dir=/opt/seafile/seafile-data/storage/commits
[2026-09-10 10:55:41.456996] Start sending file updates emails...
[2026-09-10 10:55:41.465206] Finish sending file updates emails.

2026-09-10 11:00:42,633 Load disk config: storage_dir=/opt/seafile/seafile-data/storage/blocks
2026-09-10 11:00:42,633 Load disk config: storage_dir=/opt/seafile/seafile-data/storage/fs
2026-09-10 11:00:42,633 Load disk config: storage_dir=/opt/seafile/seafile-data/storage/commits
[2026-09-10 11:00:45.110792] Start sending file updates emails...
[2026-09-10 11:00:45.118761] Finish sending file updates emails.

2026-09-10 11:05:46,291 Load disk config: storage_dir=/opt/seafile/seafile-data/storage/blocks
2026-09-10 11:05:46,291 Load disk config: storage_dir=/opt/seafile/seafile-data/storage/fs
2026-09-10 11:05:46,315 Load disk config: storage_dir=/opt/seafile/seafile-data/storage/commits
[2026-09-10 11:05:48.878519] Start sending file updates emails...
[2026-09-10 11:05:48.886737] Finish sending file updates emails.

2026-09-10 11:10:50,066 Load disk config: storage_dir=/opt/seafile/seafile-data/storage/blocks
2026-09-10 11:10:50,066 Load disk config: storage_dir=/opt/seafile/seafile-data/storage/fs
2026-09-10 11:10:50,067 Load disk config: storage_dir=/opt/seafile/seafile-data/storage/commits
[2026-09-10 11:10:52.587308] Start sending file updates emails...
[2026-09-10 11:10:52.595249] Finish sending file updates emails.

2026-09-10 11:15:53,767 Load disk config: storage_dir=/opt/seafile/seafile-data/storage/blocks
2026-09-10 11:15:53,767 Load disk config: storage_dir=/opt/seafile/seafile-data/storage/fs
2026-09-10 11:15:53,768 Load disk config: storage_dir=/opt/seafile/seafile-data/storage/commits
[2026-09-10 11:15:56.255624] Start sending file updates emails...
[2026-09-10 11:15:56.264231] Finish sending file updates emails.

2026-09-10 11:20:57,459 Load disk config: storage_dir=/opt/seafile/seafile-data/storage/blocks
2026-09-10 11:20:57,459 Load disk config: storage_dir=/opt/seafile/seafile-data/storage/fs
2026-09-10 11:20:57,460 Load disk config: storage_dir=/opt/seafile/seafile-data/storage/commits
[2026-09-10 11:20:59.958056] Start sending file updates emails...
[2026-09-10 11:20:59.966192] Finish sending file updates emails.

2026-09-10 11:24:55,282 Start counting user activity info..
2026-09-10 11:24:55,282 Start counting traffic info..
2026-09-10 11:24:55,283 [UserActivityCounter] update 0 items.
2026-09-10 11:24:55,283 Traffic counter finished, total time: 0.0007598400115966797 seconds.
2026-09-10 11:24:55,294 starts to send email
2026-09-10 11:24:55,698 Start counting file operations..
2026-09-10 11:24:55,714 [FileOpsCounter] Finish counting file operations in 0.01598358154296875 seconds, 0 added, 0 deleted, 0 visited, 0 modified
2026-09-10 11:24:55,908 Start counting monthly traffic info..
2026-09-10 11:24:55,932 Monthly traffic counter finished, update 1 user items, 1 org items, total time: 0.023908138275146484 seconds.
2026-09-10 11:24:56,021 Load disk config: storage_dir=/opt/seafile/seafile-data/storage/blocks
2026-09-10 11:24:56,021 Load disk config: storage_dir=/opt/seafile/seafile-data/storage/fs
2026-09-10 11:24:56,021 Load disk config: storage_dir=/opt/seafile/seafile-data/storage/commits
2026-09-10 11:24:56,358 Start counting total storage..
2026-09-10 11:24:56,410 [TotalStorageCounter] Finish counting total storage in 0.0514833927154541 seconds.
2026-09-10 11:26:01,153 Load disk config: storage_dir=/opt/seafile/seafile-data/storage/blocks
2026-09-10 11:26:01,154 Load disk config: storage_dir=/opt/seafile/seafile-data/storage/fs
2026-09-10 11:26:01,154 Load disk config: storage_dir=/opt/seafile/seafile-data/storage/commits
[2026-09-10 11:26:03.649157] Start sending file updates emails...
[2026-09-10 11:26:03.657305] Finish sending file updates emails.

2026-09-10 11:31:04,845 Load disk config: storage_dir=/opt/seafile/seafile-data/storage/blocks
2026-09-10 11:31:04,846 Load disk config: storage_dir=/opt/seafile/seafile-data/storage/fs
2026-09-10 11:31:04,846 Load disk config: storage_dir=/opt/seafile/seafile-data/storage/commits
[2026-09-10 11:31:07.361520] Start sending file updates emails...
[2026-09-10 11:31:07.374297] Finish sending file updates emails.

2026-09-10 11:36:08,603 Load disk config: storage_dir=/opt/seafile/seafile-data/storage/blocks
2026-09-10 11:36:08,604 Load disk config: storage_dir=/opt/seafile/seafile-data/storage/fs
2026-09-10 11:36:08,604 Load disk config: storage_dir=/opt/seafile/seafile-data/storage/commits
[2026-09-10 11:36:11.229401] Start sending file updates emails...
[2026-09-10 11:36:11.237076] Finish sending file updates emails.

2026-09-10 11:41:12,419 Load disk config: storage_dir=/opt/seafile/seafile-data/storage/blocks
2026-09-10 11:41:12,420 Load disk config: storage_dir=/opt/seafile/seafile-data/storage/fs
2026-09-10 11:41:12,420 Load disk config: storage_dir=/opt/seafile/seafile-data/storage/commits
[2026-09-10 11:41:14.912837] Start sending file updates emails...
[2026-09-10 11:41:14.920889] Finish sending file updates emails.

2026-09-10 11:46:16,108 Load disk config: storage_dir=/opt/seafile/seafile-data/storage/blocks
2026-09-10 11:46:16,108 Load disk config: storage_dir=/opt/seafile/seafile-data/storage/fs
2026-09-10 11:46:16,109 Load disk config: storage_dir=/opt/seafile/seafile-data/storage/commits
[2026-09-10 11:46:18.619491] Start sending file updates emails...
[2026-09-10 11:46:18.627164] Finish sending file updates emails.

2026-09-10 11:51:19,827 Load disk config: storage_dir=/opt/seafile/seafile-data/storage/blocks
2026-09-10 11:51:19,827 Load disk config: storage_dir=/opt/seafile/seafile-data/storage/fs
2026-09-10 11:51:19,827 Load disk config: storage_dir=/opt/seafile/seafile-data/storage/commits
[2026-09-10 11:51:22.291873] Start sending file updates emails...
[2026-09-10 11:51:22.299455] Finish sending file updates emails.

2026-09-10 11:54:55,295 starts to send email
2026-09-10 11:54:56,089 Load disk config: storage_dir=/opt/seafile/seafile-data/storage/blocks
2026-09-10 11:54:56,089 Load disk config: storage_dir=/opt/seafile/seafile-data/storage/fs
2026-09-10 11:54:56,089 Load disk config: storage_dir=/opt/seafile/seafile-data/storage/commits
2026-09-10 11:56:23,510 Load disk config: storage_dir=/opt/seafile/seafile-data/storage/blocks
2026-09-10 11:56:23,510 Load disk config: storage_dir=/opt/seafile/seafile-data/storage/fs
2026-09-10 11:56:23,511 Load disk config: storage_dir=/opt/seafile/seafile-data/storage/commits
[2026-09-10 11:56:26.017646] Start sending file updates emails...
[2026-09-10 11:56:26.025344] Finish sending file updates emails.

2026-09-10 12:01:27,342 Load disk config: storage_dir=/opt/seafile/seafile-data/storage/blocks
2026-09-10 12:01:27,343 Load disk config: storage_dir=/opt/seafile/seafile-data/storage/fs
2026-09-10 12:01:27,343 Load disk config: storage_dir=/opt/seafile/seafile-data/storage/commits
[2026-09-10 12:01:29.863940] Start sending file updates emails...
[2026-09-10 12:01:29.871917] Finish sending file updates emails.

2026-09-10 12:06:31,081 Load disk config: storage_dir=/opt/seafile/seafile-data/storage/blocks
2026-09-10 12:06:31,081 Load disk config: storage_dir=/opt/seafile/seafile-data/storage/fs
2026-09-10 12:06:31,081 Load disk config: storage_dir=/opt/seafile/seafile-data/storage/commits
[2026-09-10 12:06:33.707949] Start sending file updates emails...
[2026-09-10 12:06:33.715552] Finish sending file updates emails.

2026-09-10 12:11:34,922 Load disk config: storage_dir=/opt/seafile/seafile-data/storage/blocks
2026-09-10 12:11:34,922 Load disk config: storage_dir=/opt/seafile/seafile-data/storage/fs
2026-09-10 12:11:34,922 Load disk config: storage_dir=/opt/seafile/seafile-data/storage/commits
[2026-09-10 12:11:37.458160] Start sending file updates emails...
[2026-09-10 12:11:37.465906] Finish sending file updates emails.

2026-09-10 12:16:38,628 Load disk config: storage_dir=/opt/seafile/seafile-data/storage/blocks
2026-09-10 12:16:38,628 Load disk config: storage_dir=/opt/seafile/seafile-data/storage/fs
2026-09-10 12:16:38,628 Load disk config: storage_dir=/opt/seafile/seafile-data/storage/commits
[2026-09-10 12:16:41.222189] Start sending file updates emails...
[2026-09-10 12:16:41.230090] Finish sending file updates emails.

2026-09-10 12:21:42,397 Load disk config: storage_dir=/opt/seafile/seafile-data/storage/blocks
2026-09-10 12:21:42,398 Load disk config: storage_dir=/opt/seafile/seafile-data/storage/fs
2026-09-10 12:21:42,398 Load disk config: storage_dir=/opt/seafile/seafile-data/storage/commits
[2026-09-10 12:21:44.956097] Start sending file updates emails...
[2026-09-10 12:21:44.964043] Finish sending file updates emails.

2026-09-10 12:24:55,284 Start counting user activity info..
2026-09-10 12:24:55,284 Start counting traffic info..
2026-09-10 12:24:55,285 [UserActivityCounter] update 0 items.
2026-09-10 12:24:55,286 Traffic counter finished, total time: 0.0016541481018066406 seconds.
2026-09-10 12:24:55,295 starts to send email
2026-09-10 12:24:55,716 Start counting file operations..
2026-09-10 12:24:55,732 [FileOpsCounter] Finish counting file operations in 0.015675783157348633 seconds, 0 added, 0 deleted, 0 visited, 0 modified
2026-09-10 12:24:55,933 Start counting monthly traffic info..
2026-09-10 12:24:55,957 Monthly traffic counter finished, update 1 user items, 1 org items, total time: 0.023586750030517578 seconds.
2026-09-10 12:24:56,032 Load disk config: storage_dir=/opt/seafile/seafile-data/storage/blocks
2026-09-10 12:24:56,033 Load disk config: storage_dir=/opt/seafile/seafile-data/storage/fs
2026-09-10 12:24:56,033 Load disk config: storage_dir=/opt/seafile/seafile-data/storage/commits
2026-09-10 12:24:56,412 Start counting total storage..
2026-09-10 12:24:56,443 [TotalStorageCounter] Finish counting total storage in 0.03088545799255371 seconds.
2026-09-10 12:26:46,152 Load disk config: storage_dir=/opt/seafile/seafile-data/storage/blocks
2026-09-10 12:26:46,152 Load disk config: storage_dir=/opt/seafile/seafile-data/storage/fs
2026-09-10 12:26:46,152 Load disk config: storage_dir=/opt/seafile/seafile-data/storage/commits
[2026-09-10 12:26:48.697621] Start sending file updates emails...
[2026-09-10 12:26:48.705409] Finish sending file updates emails.

2026-09-10 12:31:49,866 Load disk config: storage_dir=/opt/seafile/seafile-data/storage/blocks
2026-09-10 12:31:49,866 Load disk config: storage_dir=/opt/seafile/seafile-data/storage/fs
2026-09-10 12:31:49,866 Load disk config: storage_dir=/opt/seafile/seafile-data/storage/commits
[2026-09-10 12:31:52.361940] Start sending file updates emails...
[2026-09-10 12:31:52.369345] Finish sending file updates emails.

2026-09-10 12:36:53,564 Load disk config: storage_dir=/opt/seafile/seafile-data/storage/blocks
2026-09-10 12:36:53,564 Load disk config: storage_dir=/opt/seafile/seafile-data/storage/fs
2026-09-10 12:36:53,564 Load disk config: storage_dir=/opt/seafile/seafile-data/storage/commits
[2026-09-10 12:36:56.065013] Start sending file updates emails...
[2026-09-10 12:36:56.072976] Finish sending file updates emails.

2026-09-10 12:41:57,243 Load disk config: storage_dir=/opt/seafile/seafile-data/storage/blocks
2026-09-10 12:41:57,244 Load disk config: storage_dir=/opt/seafile/seafile-data/storage/fs
2026-09-10 12:41:57,244 Load disk config: storage_dir=/opt/seafile/seafile-data/storage/commits
[2026-09-10 12:41:59.752683] Start sending file updates emails...
[2026-09-10 12:41:59.760536] Finish sending file updates emails.

2026-09-10 12:47:00,948 Load disk config: storage_dir=/opt/seafile/seafile-data/storage/blocks
2026-09-10 12:47:00,948 Load disk config: storage_dir=/opt/seafile/seafile-data/storage/fs
2026-09-10 12:47:00,948 Load disk config: storage_dir=/opt/seafile/seafile-data/storage/commits
[2026-09-10 12:47:03.415638] Start sending file updates emails...
[2026-09-10 12:47:03.424179] Finish sending file updates emails.

2026-09-10 12:52:04,595 Load disk config: storage_dir=/opt/seafile/seafile-data/storage/blocks
2026-09-10 12:52:04,595 Load disk config: storage_dir=/opt/seafile/seafile-data/storage/fs
2026-09-10 12:52:04,595 Load disk config: storage_dir=/opt/seafile/seafile-data/storage/commits
[2026-09-10 12:52:07.152387] Start sending file updates emails...
[2026-09-10 12:52:07.160099] Finish sending file updates emails.

2026-09-10 12:54:55,296 starts to send email
2026-09-10 12:54:56,002 Load disk config: storage_dir=/opt/seafile/seafile-data/storage/blocks
2026-09-10 12:54:56,002 Load disk config: storage_dir=/opt/seafile/seafile-data/storage/fs
2026-09-10 12:54:56,002 Load disk config: storage_dir=/opt/seafile/seafile-data/storage/commits
2026-09-10 12:57:08,339 Load disk config: storage_dir=/opt/seafile/seafile-data/storage/blocks
2026-09-10 12:57:08,340 Load disk config: storage_dir=/opt/seafile/seafile-data/storage/fs
2026-09-10 12:57:08,340 Load disk config: storage_dir=/opt/seafile/seafile-data/storage/commits
[2026-09-10 12:57:10.930341] Start sending file updates emails...
[2026-09-10 12:57:10.938723] Finish sending file updates emails.

2026-09-10 13:02:12,165 Load disk config: storage_dir=/opt/seafile/seafile-data/storage/blocks
2026-09-10 13:02:12,165 Load disk config: storage_dir=/opt/seafile/seafile-data/storage/fs
2026-09-10 13:02:12,165 Load disk config: storage_dir=/opt/seafile/seafile-data/storage/commits
[2026-09-10 13:02:14.647008] Start sending file updates emails...
[2026-09-10 13:02:14.654873] Finish sending file updates emails.

2026-09-10 13:07:15,824 Load disk config: storage_dir=/opt/seafile/seafile-data/storage/blocks
2026-09-10 13:07:15,825 Load disk config: storage_dir=/opt/seafile/seafile-data/storage/fs
2026-09-10 13:07:15,825 Load disk config: storage_dir=/opt/seafile/seafile-data/storage/commits
[2026-09-10 13:07:18.310781] Start sending file updates emails...
[2026-09-10 13:07:18.319380] Finish sending file updates emails.

2026-09-10 13:12:19,477 Load disk config: storage_dir=/opt/seafile/seafile-data/storage/blocks
2026-09-10 13:12:19,478 Load disk config: storage_dir=/opt/seafile/seafile-data/storage/fs
2026-09-10 13:12:19,478 Load disk config: storage_dir=/opt/seafile/seafile-data/storage/commits
[2026-09-10 13:12:21.955414] Start sending file updates emails...
[2026-09-10 13:12:21.963287] Finish sending file updates emails.

2026-09-10 13:17:23,142 Load disk config: storage_dir=/opt/seafile/seafile-data/storage/blocks
2026-09-10 13:17:23,142 Load disk config: storage_dir=/opt/seafile/seafile-data/storage/fs
2026-09-10 13:17:23,142 Load disk config: storage_dir=/opt/seafile/seafile-data/storage/commits
[2026-09-10 13:17:25.613799] Start sending file updates emails...
[2026-09-10 13:17:25.622218] Finish sending file updates emails.

2026-09-10 13:22:26,788 Load disk config: storage_dir=/opt/seafile/seafile-data/storage/blocks
2026-09-10 13:22:26,788 Load disk config: storage_dir=/opt/seafile/seafile-data/storage/fs
2026-09-10 13:22:26,788 Load disk config: storage_dir=/opt/seafile/seafile-data/storage/commits
[2026-09-10 13:22:29.362340] Start sending file updates emails...
[2026-09-10 13:22:29.370461] Finish sending file updates emails.

2026-09-10 13:24:55,287 Start counting user activity info..
2026-09-10 13:24:55,287 starts to send quota alert email notice
2026-09-10 13:24:55,287 Start counting traffic info..
2026-09-10 13:24:55,288 [UserActivityCounter] update 0 items.
2026-09-10 13:24:55,288 Traffic counter finished, total time: 0.001043081283569336 seconds.
2026-09-10 13:24:55,297 starts to send email
2026-09-10 13:24:55,734 Start counting file operations..
2026-09-10 13:24:55,760 [FileOpsCounter] Finish counting file operations in 0.02541351318359375 seconds, 0 added, 0 deleted, 0 visited, 0 modified
2026-09-10 13:24:55,958 Start counting monthly traffic info..
2026-09-10 13:24:56,004 Monthly traffic counter finished, update 1 user items, 1 org items, total time: 0.04534339904785156 seconds.
2026-09-10 13:24:56,446 Start counting total storage..
2026-09-10 13:24:56,472 Load disk config: storage_dir=/opt/seafile/seafile-data/storage/blocks
2026-09-10 13:24:56,472 Load disk config: storage_dir=/opt/seafile/seafile-data/storage/fs
2026-09-10 13:24:56,472 Load disk config: storage_dir=/opt/seafile/seafile-data/storage/commits
2026-09-10 13:24:56,490 Load disk config: storage_dir=/opt/seafile/seafile-data/storage/blocks
2026-09-10 13:24:56,490 Load disk config: storage_dir=/opt/seafile/seafile-data/storage/fs
2026-09-10 13:24:56,491 Load disk config: storage_dir=/opt/seafile/seafile-data/storage/commits
2026-09-10 13:24:56,493 [TotalStorageCounter] Finish counting total storage in 0.04628324508666992 seconds.
2026-09-10 13:27:30,532 Load disk config: storage_dir=/opt/seafile/seafile-data/storage/blocks
2026-09-10 13:27:30,532 Load disk config: storage_dir=/opt/seafile/seafile-data/storage/fs
2026-09-10 13:27:30,532 Load disk config: storage_dir=/opt/seafile/seafile-data/storage/commits
[2026-09-10 13:27:33.049415] Start sending file updates emails...
[2026-09-10 13:27:33.057413] Finish sending file updates emails.

2026-09-10 13:32:34,231 Load disk config: storage_dir=/opt/seafile/seafile-data/storage/blocks
2026-09-10 13:32:34,232 Load disk config: storage_dir=/opt/seafile/seafile-data/storage/fs
2026-09-10 13:32:34,232 Load disk config: storage_dir=/opt/seafile/seafile-data/storage/commits
[2026-09-10 13:32:36.726883] Start sending file updates emails...
[2026-09-10 13:32:36.734863] Finish sending file updates emails.

2026-09-10 13:37:37,908 Load disk config: storage_dir=/opt/seafile/seafile-data/storage/blocks
2026-09-10 13:37:37,908 Load disk config: storage_dir=/opt/seafile/seafile-data/storage/fs
2026-09-10 13:37:37,908 Load disk config: storage_dir=/opt/seafile/seafile-data/storage/commits
[2026-09-10 13:37:40.363748] Start sending file updates emails...
[2026-09-10 13:37:40.371677] Finish sending file updates emails.

2026-09-10 13:42:41,535 Load disk config: storage_dir=/opt/seafile/seafile-data/storage/blocks
2026-09-10 13:42:41,535 Load disk config: storage_dir=/opt/seafile/seafile-data/storage/fs
2026-09-10 13:42:41,535 Load disk config: storage_dir=/opt/seafile/seafile-data/storage/commits
[2026-09-10 13:42:44.067083] Start sending file updates emails...
[2026-09-10 13:42:44.074985] Finish sending file updates emails.

2026-09-10 13:47:45,295 Load disk config: storage_dir=/opt/seafile/seafile-data/storage/blocks
2026-09-10 13:47:45,296 Load disk config: storage_dir=/opt/seafile/seafile-data/storage/fs
2026-09-10 13:47:45,296 Load disk config: storage_dir=/opt/seafile/seafile-data/storage/commits
[2026-09-10 13:47:47.830831] Start sending file updates emails...
[2026-09-10 13:47:47.838591] Finish sending file updates emails.

2026-09-10 13:52:49,056 Load disk config: storage_dir=/opt/seafile/seafile-data/storage/blocks
2026-09-10 13:52:49,056 Load disk config: storage_dir=/opt/seafile/seafile-data/storage/fs
2026-09-10 13:52:49,056 Load disk config: storage_dir=/opt/seafile/seafile-data/storage/commits
[2026-09-10 13:52:51.565580] Start sending file updates emails...
[2026-09-10 13:52:51.573293] Finish sending file updates emails.

2026-09-10 13:54:55,298 starts to send email
2026-09-10 13:54:56,005 Load disk config: storage_dir=/opt/seafile/seafile-data/storage/blocks
2026-09-10 13:54:56,005 Load disk config: storage_dir=/opt/seafile/seafile-data/storage/fs
2026-09-10 13:54:56,005 Load disk config: storage_dir=/opt/seafile/seafile-data/storage/commits
2026-09-10 13:57:52,742 Load disk config: storage_dir=/opt/seafile/seafile-data/storage/blocks
2026-09-10 13:57:52,742 Load disk config: storage_dir=/opt/seafile/seafile-data/storage/fs
2026-09-10 13:57:52,742 Load disk config: storage_dir=/opt/seafile/seafile-data/storage/commits
[2026-09-10 13:57:55.240746] Start sending file updates emails...
[2026-09-10 13:57:55.248730] Finish sending file updates emails.

2026-09-10 14:02:56,462 Load disk config: storage_dir=/opt/seafile/seafile-data/storage/blocks
2026-09-10 14:02:56,462 Load disk config: storage_dir=/opt/seafile/seafile-data/storage/fs
2026-09-10 14:02:56,462 Load disk config: storage_dir=/opt/seafile/seafile-data/storage/commits
[2026-09-10 14:02:58.930753] Start sending file updates emails...
[2026-09-10 14:02:58.938469] Finish sending file updates emails.

2026-09-10 14:08:00,128 Load disk config: storage_dir=/opt/seafile/seafile-data/storage/blocks
2026-09-10 14:08:00,129 Load disk config: storage_dir=/opt/seafile/seafile-data/storage/fs
2026-09-10 14:08:00,129 Load disk config: storage_dir=/opt/seafile/seafile-data/storage/commits
[2026-09-10 14:08:02.629418] Start sending file updates emails...
[2026-09-10 14:08:02.637280] Finish sending file updates emails.

2026-09-10 14:13:03,816 Load disk config: storage_dir=/opt/seafile/seafile-data/storage/blocks
2026-09-10 14:13:03,816 Load disk config: storage_dir=/opt/seafile/seafile-data/storage/fs
2026-09-10 14:13:03,816 Load disk config: storage_dir=/opt/seafile/seafile-data/storage/commits
[2026-09-10 14:13:06.297438] Start sending file updates emails...
[2026-09-10 14:13:06.305723] Finish sending file updates emails.

2026-09-10 14:18:07,472 Load disk config: storage_dir=/opt/seafile/seafile-data/storage/blocks
2026-09-10 14:18:07,472 Load disk config: storage_dir=/opt/seafile/seafile-data/storage/fs
2026-09-10 14:18:07,472 Load disk config: storage_dir=/opt/seafile/seafile-data/storage/commits
[2026-09-10 14:18:09.971883] Start sending file updates emails...
[2026-09-10 14:18:09.979486] Finish sending file updates emails.

2026-09-10 14:23:11,156 Load disk config: storage_dir=/opt/seafile/seafile-data/storage/blocks
2026-09-10 14:23:11,157 Load disk config: storage_dir=/opt/seafile/seafile-data/storage/fs
2026-09-10 14:23:11,157 Load disk config: storage_dir=/opt/seafile/seafile-data/storage/commits
[2026-09-10 14:23:13.682835] Start sending file updates emails...
[2026-09-10 14:23:13.690472] Finish sending file updates emails.

2026-09-10 14:24:55,289 Start counting user activity info..
2026-09-10 14:24:55,290 Start counting traffic info..
2026-09-10 14:24:55,290 [UserActivityCounter] update 0 items.
2026-09-10 14:24:55,290 Traffic counter finished, total time: 0.0008044242858886719 seconds.
2026-09-10 14:24:55,299 starts to send email
2026-09-10 14:24:55,763 Start counting file operations..
2026-09-10 14:24:55,777 [FileOpsCounter] Finish counting file operations in 0.013859987258911133 seconds, 0 added, 0 deleted, 0 visited, 0 modified
2026-09-10 14:24:56,005 Start counting monthly traffic info..
2026-09-10 14:24:56,032 Monthly traffic counter finished, update 1 user items, 1 org items, total time: 0.02665424346923828 seconds.
2026-09-10 14:24:56,045 Load disk config: storage_dir=/opt/seafile/seafile-data/storage/blocks
2026-09-10 14:24:56,046 Load disk config: storage_dir=/opt/seafile/seafile-data/storage/fs
2026-09-10 14:24:56,046 Load disk config: storage_dir=/opt/seafile/seafile-data/storage/commits
2026-09-10 14:24:56,495 Start counting total storage..
2026-09-10 14:24:56,540 [TotalStorageCounter] Finish counting total storage in 0.04482007026672363 seconds.
2026-09-10 14:28:14,900 Load disk config: storage_dir=/opt/seafile/seafile-data/storage/blocks
2026-09-10 14:28:14,900 Load disk config: storage_dir=/opt/seafile/seafile-data/storage/fs
2026-09-10 14:28:14,900 Load disk config: storage_dir=/opt/seafile/seafile-data/storage/commits
[2026-09-10 14:28:17.428829] Start sending file updates emails...
[2026-09-10 14:28:17.436724] Finish sending file updates emails.

2026-09-10 14:33:18,610 Load disk config: storage_dir=/opt/seafile/seafile-data/storage/blocks
2026-09-10 14:33:18,611 Load disk config: storage_dir=/opt/seafile/seafile-data/storage/fs
2026-09-10 14:33:18,611 Load disk config: storage_dir=/opt/seafile/seafile-data/storage/commits
[2026-09-10 14:33:21.123882] Start sending file updates emails...
[2026-09-10 14:33:21.131396] Finish sending file updates emails.

2026-09-10 14:38:22,317 Load disk config: storage_dir=/opt/seafile/seafile-data/storage/blocks
2026-09-10 14:38:22,318 Load disk config: storage_dir=/opt/seafile/seafile-data/storage/fs
2026-09-10 14:38:22,318 Load disk config: storage_dir=/opt/seafile/seafile-data/storage/commits
[2026-09-10 14:38:24.852049] Start sending file updates emails...
[2026-09-10 14:38:24.860097] Finish sending file updates emails.

2026-09-10 14:43:26,026 Load disk config: storage_dir=/opt/seafile/seafile-data/storage/blocks
2026-09-10 14:43:26,026 Load disk config: storage_dir=/opt/seafile/seafile-data/storage/fs
2026-09-10 14:43:26,026 Load disk config: storage_dir=/opt/seafile/seafile-data/storage/commits
[2026-09-10 14:43:28.517318] Start sending file updates emails...
[2026-09-10 14:43:28.525263] Finish sending file updates emails.

2026-09-10 14:48:29,700 Load disk config: storage_dir=/opt/seafile/seafile-data/storage/blocks
2026-09-10 14:48:29,700 Load disk config: storage_dir=/opt/seafile/seafile-data/storage/fs
2026-09-10 14:48:29,700 Load disk config: storage_dir=/opt/seafile/seafile-data/storage/commits
[2026-09-10 14:48:32.209328] Start sending file updates emails...
[2026-09-10 14:48:32.217411] Finish sending file updates emails.

2026-09-10 14:53:33,392 Load disk config: storage_dir=/opt/seafile/seafile-data/storage/blocks
2026-09-10 14:53:33,392 Load disk config: storage_dir=/opt/seafile/seafile-data/storage/fs
2026-09-10 14:53:33,392 Load disk config: storage_dir=/opt/seafile/seafile-data/storage/commits
[2026-09-10 14:53:35.901711] Start sending file updates emails...
[2026-09-10 14:53:35.909704] Finish sending file updates emails.

2026-09-10 14:54:55,299 starts to send email
2026-09-10 14:54:56,007 Load disk config: storage_dir=/opt/seafile/seafile-data/storage/blocks
2026-09-10 14:54:56,008 Load disk config: storage_dir=/opt/seafile/seafile-data/storage/fs
2026-09-10 14:54:56,008 Load disk config: storage_dir=/opt/seafile/seafile-data/storage/commits
2026-09-10 14:58:37,089 Load disk config: storage_dir=/opt/seafile/seafile-data/storage/blocks
2026-09-10 14:58:37,090 Load disk config: storage_dir=/opt/seafile/seafile-data/storage/fs
2026-09-10 14:58:37,090 Load disk config: storage_dir=/opt/seafile/seafile-data/storage/commits
[2026-09-10 14:58:39.595905] Start sending file updates emails...
[2026-09-10 14:58:39.603414] Finish sending file updates emails.

2026-09-10 15:03:40,762 Load disk config: storage_dir=/opt/seafile/seafile-data/storage/blocks
2026-09-10 15:03:40,762 Load disk config: storage_dir=/opt/seafile/seafile-data/storage/fs
2026-09-10 15:03:40,762 Load disk config: storage_dir=/opt/seafile/seafile-data/storage/commits
[2026-09-10 15:03:43.238055] Start sending file updates emails...
[2026-09-10 15:03:43.246520] Finish sending file updates emails.

2026-09-10 15:08:44,427 Load disk config: storage_dir=/opt/seafile/seafile-data/storage/blocks
2026-09-10 15:08:44,427 Load disk config: storage_dir=/opt/seafile/seafile-data/storage/fs
2026-09-10 15:08:44,427 Load disk config: storage_dir=/opt/seafile/seafile-data/storage/commits
[2026-09-10 15:08:46.962878] Start sending file updates emails...
[2026-09-10 15:08:46.971088] Finish sending file updates emails.

2026-09-10 15:13:48,144 Load disk config: storage_dir=/opt/seafile/seafile-data/storage/blocks
2026-09-10 15:13:48,145 Load disk config: storage_dir=/opt/seafile/seafile-data/storage/fs
2026-09-10 15:13:48,145 Load disk config: storage_dir=/opt/seafile/seafile-data/storage/commits
[2026-09-10 15:13:50.616983] Start sending file updates emails...
[2026-09-10 15:13:50.624958] Finish sending file updates emails.

2026-09-10 15:18:51,803 Load disk config: storage_dir=/opt/seafile/seafile-data/storage/blocks
2026-09-10 15:18:51,803 Load disk config: storage_dir=/opt/seafile/seafile-data/storage/fs
2026-09-10 15:18:51,803 Load disk config: storage_dir=/opt/seafile/seafile-data/storage/commits
[2026-09-10 15:18:54.294787] Start sending file updates emails...
[2026-09-10 15:18:54.302493] Finish sending file updates emails.

2026-09-10 15:23:55,475 Load disk config: storage_dir=/opt/seafile/seafile-data/storage/blocks
2026-09-10 15:23:55,476 Load disk config: storage_dir=/opt/seafile/seafile-data/storage/fs
2026-09-10 15:23:55,476 Load disk config: storage_dir=/opt/seafile/seafile-data/storage/commits
[2026-09-10 15:23:57.962181] Start sending file updates emails...
[2026-09-10 15:23:57.970188] Finish sending file updates emails.

2026-09-10 15:24:55,291 Start counting user activity info..
2026-09-10 15:24:55,292 Start counting traffic info..
2026-09-10 15:24:55,292 [UserActivityCounter] update 0 items.
2026-09-10 15:24:55,293 Traffic counter finished, total time: 0.0007936954498291016 seconds.
2026-09-10 15:24:55,300 starts to send email
2026-09-10 15:24:55,779 Start counting file operations..
2026-09-10 15:24:55,793 [FileOpsCounter] Finish counting file operations in 0.013602733612060547 seconds, 0 added, 0 deleted, 0 visited, 0 modified
2026-09-10 15:24:56,016 Load disk config: storage_dir=/opt/seafile/seafile-data/storage/blocks
2026-09-10 15:24:56,016 Load disk config: storage_dir=/opt/seafile/seafile-data/storage/fs
2026-09-10 15:24:56,016 Load disk config: storage_dir=/opt/seafile/seafile-data/storage/commits
2026-09-10 15:24:56,033 Start counting monthly traffic info..
2026-09-10 15:24:56,057 Monthly traffic counter finished, update 1 user items, 1 org items, total time: 0.023607730865478516 seconds.
2026-09-10 15:24:56,546 Start counting total storage..
2026-09-10 15:24:56,599 [TotalStorageCounter] Finish counting total storage in 0.052916526794433594 seconds.
2026-09-10 15:28:59,162 Load disk config: storage_dir=/opt/seafile/seafile-data/storage/blocks
2026-09-10 15:28:59,162 Load disk config: storage_dir=/opt/seafile/seafile-data/storage/fs
2026-09-10 15:28:59,162 Load disk config: storage_dir=/opt/seafile/seafile-data/storage/commits
[2026-09-10 15:29:01.666839] Start sending file updates emails...
[2026-09-10 15:29:01.674891] Finish sending file updates emails.

2026-09-10 15:34:02,856 Load disk config: storage_dir=/opt/seafile/seafile-data/storage/blocks
2026-09-10 15:34:02,856 Load disk config: storage_dir=/opt/seafile/seafile-data/storage/fs
2026-09-10 15:34:02,856 Load disk config: storage_dir=/opt/seafile/seafile-data/storage/commits
[2026-09-10 15:34:05.411005] Start sending file updates emails...
[2026-09-10 15:34:05.418520] Finish sending file updates emails.

2026-09-10 15:39:06,650 Load disk config: storage_dir=/opt/seafile/seafile-data/storage/blocks
2026-09-10 15:39:06,651 Load disk config: storage_dir=/opt/seafile/seafile-data/storage/fs
2026-09-10 15:39:06,651 Load disk config: storage_dir=/opt/seafile/seafile-data/storage/commits
[2026-09-10 15:39:09.136965] Start sending file updates emails...
[2026-09-10 15:39:09.145263] Finish sending file updates emails.

2026-09-10 15:44:10,380 Load disk config: storage_dir=/opt/seafile/seafile-data/storage/blocks
2026-09-10 15:44:10,381 Load disk config: storage_dir=/opt/seafile/seafile-data/storage/fs
2026-09-10 15:44:10,381 Load disk config: storage_dir=/opt/seafile/seafile-data/storage/commits
[2026-09-10 15:44:12.901599] Start sending file updates emails...
[2026-09-10 15:44:12.909503] Finish sending file updates emails.

2026-09-10 15:49:14,082 Load disk config: storage_dir=/opt/seafile/seafile-data/storage/blocks
2026-09-10 15:49:14,082 Load disk config: storage_dir=/opt/seafile/seafile-data/storage/fs
2026-09-10 15:49:14,082 Load disk config: storage_dir=/opt/seafile/seafile-data/storage/commits
[2026-09-10 15:49:16.627685] Start sending file updates emails...
[2026-09-10 15:49:16.635816] Finish sending file updates emails.

2026-09-10 15:54:17,805 Load disk config: storage_dir=/opt/seafile/seafile-data/storage/blocks
2026-09-10 15:54:17,805 Load disk config: storage_dir=/opt/seafile/seafile-data/storage/fs
2026-09-10 15:54:17,805 Load disk config: storage_dir=/opt/seafile/seafile-data/storage/commits
[2026-09-10 15:54:20.361553] Start sending file updates emails...
[2026-09-10 15:54:20.369404] Finish sending file updates emails.

2026-09-10 15:54:55,301 starts to send email
2026-09-10 15:54:56,011 Load disk config: storage_dir=/opt/seafile/seafile-data/storage/blocks
2026-09-10 15:54:56,012 Load disk config: storage_dir=/opt/seafile/seafile-data/storage/fs
2026-09-10 15:54:56,012 Load disk config: storage_dir=/opt/seafile/seafile-data/storage/commits
2026-09-10 15:59:21,541 Load disk config: storage_dir=/opt/seafile/seafile-data/storage/blocks
2026-09-10 15:59:21,542 Load disk config: storage_dir=/opt/seafile/seafile-data/storage/fs
2026-09-10 15:59:21,542 Load disk config: storage_dir=/opt/seafile/seafile-data/storage/commits
[2026-09-10 15:59:24.024732] Start sending file updates emails...
[2026-09-10 15:59:24.032950] Finish sending file updates emails.

2026-09-10 16:04:25,209 Load disk config: storage_dir=/opt/seafile/seafile-data/storage/blocks
2026-09-10 16:04:25,209 Load disk config: storage_dir=/opt/seafile/seafile-data/storage/fs
2026-09-10 16:04:25,210 Load disk config: storage_dir=/opt/seafile/seafile-data/storage/commits
[2026-09-10 16:04:27.735899] Start sending file updates emails...
[2026-09-10 16:04:27.743657] Finish sending file updates emails.

2026-09-10 16:09:28,923 Load disk config: storage_dir=/opt/seafile/seafile-data/storage/blocks
2026-09-10 16:09:28,924 Load disk config: storage_dir=/opt/seafile/seafile-data/storage/fs
2026-09-10 16:09:28,924 Load disk config: storage_dir=/opt/seafile/seafile-data/storage/commits
[2026-09-10 16:09:31.424462] Start sending file updates emails...
[2026-09-10 16:09:31.432167] Finish sending file updates emails.

2026-09-10 16:14:32,612 Load disk config: storage_dir=/opt/seafile/seafile-data/storage/blocks
2026-09-10 16:14:32,612 Load disk config: storage_dir=/opt/seafile/seafile-data/storage/fs
2026-09-10 16:14:32,612 Load disk config: storage_dir=/opt/seafile/seafile-data/storage/commits
[2026-09-10 16:14:35.124423] Start sending file updates emails...
[2026-09-10 16:14:35.132731] Finish sending file updates emails.

2026-09-10 16:19:36,306 Load disk config: storage_dir=/opt/seafile/seafile-data/storage/blocks
2026-09-10 16:19:36,306 Load disk config: storage_dir=/opt/seafile/seafile-data/storage/fs
2026-09-10 16:19:36,307 Load disk config: storage_dir=/opt/seafile/seafile-data/storage/commits
[2026-09-10 16:19:38.780404] Start sending file updates emails...
[2026-09-10 16:19:38.788531] Finish sending file updates emails.

2026-09-10 16:24:39,947 Load disk config: storage_dir=/opt/seafile/seafile-data/storage/blocks
2026-09-10 16:24:39,947 Load disk config: storage_dir=/opt/seafile/seafile-data/storage/fs
2026-09-10 16:24:39,947 Load disk config: storage_dir=/opt/seafile/seafile-data/storage/commits
[2026-09-10 16:24:42.478488] Start sending file updates emails...
[2026-09-10 16:24:42.486691] Finish sending file updates emails.

2026-09-10 16:24:55,293 Start counting user activity info..
2026-09-10 16:24:55,294 Start counting traffic info..
2026-09-10 16:24:55,294 [UserActivityCounter] update 0 items.
2026-09-10 16:24:55,295 Traffic counter finished, total time: 0.0008180141448974609 seconds.
2026-09-10 16:24:55,302 starts to send email
2026-09-10 16:24:55,795 Start counting file operations..
2026-09-10 16:24:55,811 [FileOpsCounter] Finish counting file operations in 0.015966415405273438 seconds, 0 added, 0 deleted, 0 visited, 0 modified
2026-09-10 16:24:56,036 Load disk config: storage_dir=/opt/seafile/seafile-data/storage/blocks
2026-09-10 16:24:56,036 Load disk config: storage_dir=/opt/seafile/seafile-data/storage/fs
2026-09-10 16:24:56,036 Load disk config: storage_dir=/opt/seafile/seafile-data/storage/commits
2026-09-10 16:24:56,058 Start counting monthly traffic info..
2026-09-10 16:24:56,082 Monthly traffic counter finished, update 1 user items, 1 org items, total time: 0.024132966995239258 seconds.
2026-09-10 16:24:56,602 Start counting total storage..
2026-09-10 16:24:56,649 [TotalStorageCounter] Finish counting total storage in 0.04705810546875 seconds.
2026-09-10 16:29:43,717 Load disk config: storage_dir=/opt/seafile/seafile-data/storage/blocks
2026-09-10 16:29:43,718 Load disk config: storage_dir=/opt/seafile/seafile-data/storage/fs
2026-09-10 16:29:43,718 Load disk config: storage_dir=/opt/seafile/seafile-data/storage/commits
[2026-09-10 16:29:46.235829] Start sending file updates emails...
[2026-09-10 16:29:46.244543] Finish sending file updates emails.

2026-09-10 16:34:47,441 Load disk config: storage_dir=/opt/seafile/seafile-data/storage/blocks
2026-09-10 16:34:47,442 Load disk config: storage_dir=/opt/seafile/seafile-data/storage/fs
2026-09-10 16:34:47,442 Load disk config: storage_dir=/opt/seafile/seafile-data/storage/commits
[2026-09-10 16:34:50.017997] Start sending file updates emails...
[2026-09-10 16:34:50.026046] Finish sending file updates emails.

2026-09-10 16:39:51,216 Load disk config: storage_dir=/opt/seafile/seafile-data/storage/blocks
2026-09-10 16:39:51,216 Load disk config: storage_dir=/opt/seafile/seafile-data/storage/fs
2026-09-10 16:39:51,217 Load disk config: storage_dir=/opt/seafile/seafile-data/storage/commits
[2026-09-10 16:39:53.714143] Start sending file updates emails...
[2026-09-10 16:39:53.721963] Finish sending file updates emails.

2026-09-10 16:44:54,924 Load disk config: storage_dir=/opt/seafile/seafile-data/storage/blocks
2026-09-10 16:44:54,924 Load disk config: storage_dir=/opt/seafile/seafile-data/storage/fs
2026-09-10 16:44:54,924 Load disk config: storage_dir=/opt/seafile/seafile-data/storage/commits
[2026-09-10 16:44:57.424299] Start sending file updates emails...
[2026-09-10 16:44:57.432058] Finish sending file updates emails.

2026-09-10 16:49:58,627 Load disk config: storage_dir=/opt/seafile/seafile-data/storage/blocks
2026-09-10 16:49:58,627 Load disk config: storage_dir=/opt/seafile/seafile-data/storage/fs
2026-09-10 16:49:58,628 Load disk config: storage_dir=/opt/seafile/seafile-data/storage/commits
[2026-09-10 16:50:01.149158] Start sending file updates emails...
[2026-09-10 16:50:01.157251] Finish sending file updates emails.

2026-09-10 16:54:55,302 starts to send email
2026-09-10 16:54:56,019 Load disk config: storage_dir=/opt/seafile/seafile-data/storage/blocks
2026-09-10 16:54:56,019 Load disk config: storage_dir=/opt/seafile/seafile-data/storage/fs
2026-09-10 16:54:56,019 Load disk config: storage_dir=/opt/seafile/seafile-data/storage/commits
2026-09-10 16:55:02,341 Load disk config: storage_dir=/opt/seafile/seafile-data/storage/blocks
2026-09-10 16:55:02,342 Load disk config: storage_dir=/opt/seafile/seafile-data/storage/fs
2026-09-10 16:55:02,342 Load disk config: storage_dir=/opt/seafile/seafile-data/storage/commits
[2026-09-10 16:55:04.857177] Start sending file updates emails...
[2026-09-10 16:55:04.865269] Finish sending file updates emails.

2026-09-10 17:00:06,035 Load disk config: storage_dir=/opt/seafile/seafile-data/storage/blocks
2026-09-10 17:00:06,036 Load disk config: storage_dir=/opt/seafile/seafile-data/storage/fs
2026-09-10 17:00:06,036 Load disk config: storage_dir=/opt/seafile/seafile-data/storage/commits
[2026-09-10 17:00:08.558803] Start sending file updates emails...
[2026-09-10 17:00:08.566807] Finish sending file updates emails.

2026-09-10 17:05:09,748 Load disk config: storage_dir=/opt/seafile/seafile-data/storage/blocks
2026-09-10 17:05:09,748 Load disk config: storage_dir=/opt/seafile/seafile-data/storage/fs
2026-09-10 17:05:09,748 Load disk config: storage_dir=/opt/seafile/seafile-data/storage/commits
[2026-09-10 17:05:12.245849] Start sending file updates emails...
[2026-09-10 17:05:12.253714] Finish sending file updates emails.

2026-09-10 17:10:13,438 Load disk config: storage_dir=/opt/seafile/seafile-data/storage/blocks
2026-09-10 17:10:13,439 Load disk config: storage_dir=/opt/seafile/seafile-data/storage/fs
2026-09-10 17:10:13,439 Load disk config: storage_dir=/opt/seafile/seafile-data/storage/commits
[2026-09-10 17:10:15.927698] Start sending file updates emails...
[2026-09-10 17:10:15.935476] Finish sending file updates emails.

2026-09-10 17:15:17,117 Load disk config: storage_dir=/opt/seafile/seafile-data/storage/blocks
2026-09-10 17:15:17,117 Load disk config: storage_dir=/opt/seafile/seafile-data/storage/fs
2026-09-10 17:15:17,117 Load disk config: storage_dir=/opt/seafile/seafile-data/storage/commits
[2026-09-10 17:15:19.659468] Start sending file updates emails...
[2026-09-10 17:15:19.667685] Finish sending file updates emails.

2026-09-10 17:20:20,838 Load disk config: storage_dir=/opt/seafile/seafile-data/storage/blocks
2026-09-10 17:20:20,839 Load disk config: storage_dir=/opt/seafile/seafile-data/storage/fs
2026-09-10 17:20:20,839 Load disk config: storage_dir=/opt/seafile/seafile-data/storage/commits
[2026-09-10 17:20:23.440869] Start sending file updates emails...
[2026-09-10 17:20:23.448732] Finish sending file updates emails.

2026-09-10 17:24:55,295 Start counting user activity info..
2026-09-10 17:24:55,296 Start counting traffic info..
2026-09-10 17:24:55,296 [UserActivityCounter] update 0 items.
2026-09-10 17:24:55,297 Traffic counter finished, total time: 0.0007817745208740234 seconds.
2026-09-10 17:24:55,303 starts to send email
2026-09-10 17:24:55,813 Start counting file operations..
2026-09-10 17:24:55,828 [FileOpsCounter] Finish counting file operations in 0.014316320419311523 seconds, 0 added, 0 deleted, 0 visited, 0 modified
2026-09-10 17:24:56,021 Load disk config: storage_dir=/opt/seafile/seafile-data/storage/blocks
2026-09-10 17:24:56,021 Load disk config: storage_dir=/opt/seafile/seafile-data/storage/fs
2026-09-10 17:24:56,021 Load disk config: storage_dir=/opt/seafile/seafile-data/storage/commits
2026-09-10 17:24:56,083 Start counting monthly traffic info..
2026-09-10 17:24:56,112 Monthly traffic counter finished, update 1 user items, 1 org items, total time: 0.028096675872802734 seconds.
2026-09-10 17:24:56,651 Start counting total storage..
2026-09-10 17:24:56,696 [TotalStorageCounter] Finish counting total storage in 0.044679880142211914 seconds.
2026-09-10 17:25:24,627 Load disk config: storage_dir=/opt/seafile/seafile-data/storage/blocks
2026-09-10 17:25:24,627 Load disk config: storage_dir=/opt/seafile/seafile-data/storage/fs
2026-09-10 17:25:24,627 Load disk config: storage_dir=/opt/seafile/seafile-data/storage/commits
[2026-09-10 17:25:27.221998] Start sending file updates emails...
[2026-09-10 17:25:27.230072] Finish sending file updates emails.

2026-09-10 17:30:28,408 Load disk config: storage_dir=/opt/seafile/seafile-data/storage/blocks
2026-09-10 17:30:28,408 Load disk config: storage_dir=/opt/seafile/seafile-data/storage/fs
2026-09-10 17:30:28,409 Load disk config: storage_dir=/opt/seafile/seafile-data/storage/commits
[2026-09-10 17:30:30.918977] Start sending file updates emails...
[2026-09-10 17:30:30.927084] Finish sending file updates emails.

2026-09-10 17:35:32,101 Load disk config: storage_dir=/opt/seafile/seafile-data/storage/blocks
2026-09-10 17:35:32,101 Load disk config: storage_dir=/opt/seafile/seafile-data/storage/fs
2026-09-10 17:35:32,101 Load disk config: storage_dir=/opt/seafile/seafile-data/storage/commits
[2026-09-10 17:35:34.595549] Start sending file updates emails...
[2026-09-10 17:35:34.603463] Finish sending file updates emails.

2026-09-10 17:40:35,780 Load disk config: storage_dir=/opt/seafile/seafile-data/storage/blocks
2026-09-10 17:40:35,781 Load disk config: storage_dir=/opt/seafile/seafile-data/storage/fs
2026-09-10 17:40:35,781 Load disk config: storage_dir=/opt/seafile/seafile-data/storage/commits
[2026-09-10 17:40:38.278867] Start sending file updates emails...
[2026-09-10 17:40:38.286882] Finish sending file updates emails.

2026-09-10 17:45:39,459 Load disk config: storage_dir=/opt/seafile/seafile-data/storage/blocks
2026-09-10 17:45:39,459 Load disk config: storage_dir=/opt/seafile/seafile-data/storage/fs
2026-09-10 17:45:39,459 Load disk config: storage_dir=/opt/seafile/seafile-data/storage/commits
[2026-09-10 17:45:41.942752] Start sending file updates emails...
[2026-09-10 17:45:41.950339] Finish sending file updates emails.

2026-09-10 17:50:43,117 Load disk config: storage_dir=/opt/seafile/seafile-data/storage/blocks
2026-09-10 17:50:43,117 Load disk config: storage_dir=/opt/seafile/seafile-data/storage/fs
2026-09-10 17:50:43,117 Load disk config: storage_dir=/opt/seafile/seafile-data/storage/commits
[2026-09-10 17:50:45.601546] Start sending file updates emails...
[2026-09-10 17:50:45.609299] Finish sending file updates emails.

2026-09-10 17:54:55,304 starts to send email
2026-09-10 17:54:56,015 Load disk config: storage_dir=/opt/seafile/seafile-data/storage/blocks
2026-09-10 17:54:56,015 Load disk config: storage_dir=/opt/seafile/seafile-data/storage/fs
2026-09-10 17:54:56,016 Load disk config: storage_dir=/opt/seafile/seafile-data/storage/commits
2026-09-10 17:55:46,781 Load disk config: storage_dir=/opt/seafile/seafile-data/storage/blocks
2026-09-10 17:55:46,782 Load disk config: storage_dir=/opt/seafile/seafile-data/storage/fs
2026-09-10 17:55:46,805 Load disk config: storage_dir=/opt/seafile/seafile-data/storage/commits
[2026-09-10 17:55:49.301917] Start sending file updates emails...
[2026-09-10 17:55:49.310142] Finish sending file updates emails.

2026-09-10 18:00:50,519 Load disk config: storage_dir=/opt/seafile/seafile-data/storage/blocks
2026-09-10 18:00:50,519 Load disk config: storage_dir=/opt/seafile/seafile-data/storage/fs
2026-09-10 18:00:50,519 Load disk config: storage_dir=/opt/seafile/seafile-data/storage/commits
[2026-09-10 18:00:53.083214] Start sending file updates emails...
[2026-09-10 18:00:53.091562] Finish sending file updates emails.

2026-09-10 18:05:54,264 Load disk config: storage_dir=/opt/seafile/seafile-data/storage/blocks
2026-09-10 18:05:54,265 Load disk config: storage_dir=/opt/seafile/seafile-data/storage/fs
2026-09-10 18:05:54,265 Load disk config: storage_dir=/opt/seafile/seafile-data/storage/commits
[2026-09-10 18:05:56.759422] Start sending file updates emails...
[2026-09-10 18:05:56.767362] Finish sending file updates emails.

2026-09-10 18:10:57,967 Load disk config: storage_dir=/opt/seafile/seafile-data/storage/blocks
2026-09-10 18:10:57,967 Load disk config: storage_dir=/opt/seafile/seafile-data/storage/fs
2026-09-10 18:10:57,967 Load disk config: storage_dir=/opt/seafile/seafile-data/storage/commits
[2026-09-10 18:11:00.468905] Start sending file updates emails...
[2026-09-10 18:11:00.476670] Finish sending file updates emails.

2026-09-10 18:16:01,739 Load disk config: storage_dir=/opt/seafile/seafile-data/storage/blocks
2026-09-10 18:16:01,740 Load disk config: storage_dir=/opt/seafile/seafile-data/storage/fs
2026-09-10 18:16:01,740 Load disk config: storage_dir=/opt/seafile/seafile-data/storage/commits
[2026-09-10 18:16:04.253721] Start sending file updates emails...
[2026-09-10 18:16:04.261632] Finish sending file updates emails.

2026-09-10 18:21:05,446 Load disk config: storage_dir=/opt/seafile/seafile-data/storage/blocks
2026-09-10 18:21:05,446 Load disk config: storage_dir=/opt/seafile/seafile-data/storage/fs
2026-09-10 18:21:05,446 Load disk config: storage_dir=/opt/seafile/seafile-data/storage/commits
[2026-09-10 18:21:07.931652] Start sending file updates emails...
[2026-09-10 18:21:07.939843] Finish sending file updates emails.

2026-09-10 18:24:55,297 Start counting user activity info..
2026-09-10 18:24:55,298 Start counting traffic info..
2026-09-10 18:24:55,298 [UserActivityCounter] update 0 items.
2026-09-10 18:24:55,299 Traffic counter finished, total time: 0.0007894039154052734 seconds.
2026-09-10 18:24:55,305 starts to send email
2026-09-10 18:24:55,829 Start counting file operations..
2026-09-10 18:24:55,845 [FileOpsCounter] Finish counting file operations in 0.014947891235351562 seconds, 0 added, 0 deleted, 0 visited, 0 modified
2026-09-10 18:24:56,034 Load disk config: storage_dir=/opt/seafile/seafile-data/storage/blocks
2026-09-10 18:24:56,034 Load disk config: storage_dir=/opt/seafile/seafile-data/storage/fs
2026-09-10 18:24:56,034 Load disk config: storage_dir=/opt/seafile/seafile-data/storage/commits
2026-09-10 18:24:56,113 Start counting monthly traffic info..
2026-09-10 18:24:56,137 Monthly traffic counter finished, update 1 user items, 1 org items, total time: 0.024061203002929688 seconds.
2026-09-10 18:24:56,698 Start counting total storage..
2026-09-10 18:24:56,744 [TotalStorageCounter] Finish counting total storage in 0.04574728012084961 seconds.
2026-09-10 18:26:09,110 Load disk config: storage_dir=/opt/seafile/seafile-data/storage/blocks
2026-09-10 18:26:09,111 Load disk config: storage_dir=/opt/seafile/seafile-data/storage/fs
2026-09-10 18:26:09,111 Load disk config: storage_dir=/opt/seafile/seafile-data/storage/commits
[2026-09-10 18:26:11.605762] Start sending file updates emails...
[2026-09-10 18:26:11.614243] Finish sending file updates emails.

2026-09-10 18:31:12,794 Load disk config: storage_dir=/opt/seafile/seafile-data/storage/blocks
2026-09-10 18:31:12,794 Load disk config: storage_dir=/opt/seafile/seafile-data/storage/fs
2026-09-10 18:31:12,794 Load disk config: storage_dir=/opt/seafile/seafile-data/storage/commits
[2026-09-10 18:31:15.276023] Start sending file updates emails...
[2026-09-10 18:31:15.284016] Finish sending file updates emails.

2026-09-10 18:36:16,466 Load disk config: storage_dir=/opt/seafile/seafile-data/storage/blocks
2026-09-10 18:36:16,466 Load disk config: storage_dir=/opt/seafile/seafile-data/storage/fs
2026-09-10 18:36:16,466 Load disk config: storage_dir=/opt/seafile/seafile-data/storage/commits
[2026-09-10 18:36:18.940792] Start sending file updates emails...
[2026-09-10 18:36:18.948622] Finish sending file updates emails.

2026-09-10 18:41:20,169 Load disk config: storage_dir=/opt/seafile/seafile-data/storage/blocks
2026-09-10 18:41:20,169 Load disk config: storage_dir=/opt/seafile/seafile-data/storage/fs
2026-09-10 18:41:20,169 Load disk config: storage_dir=/opt/seafile/seafile-data/storage/commits
[2026-09-10 18:41:22.669243] Start sending file updates emails...
[2026-09-10 18:41:22.677519] Finish sending file updates emails.

2026-09-10 18:46:23,909 Load disk config: storage_dir=/opt/seafile/seafile-data/storage/blocks
2026-09-10 18:46:23,909 Load disk config: storage_dir=/opt/seafile/seafile-data/storage/fs
2026-09-10 18:46:23,909 Load disk config: storage_dir=/opt/seafile/seafile-data/storage/commits
[2026-09-10 18:46:26.436335] Start sending file updates emails...
[2026-09-10 18:46:26.444181] Finish sending file updates emails.

2026-09-10 18:51:27,617 Load disk config: storage_dir=/opt/seafile/seafile-data/storage/blocks
2026-09-10 18:51:27,617 Load disk config: storage_dir=/opt/seafile/seafile-data/storage/fs
2026-09-10 18:51:27,617 Load disk config: storage_dir=/opt/seafile/seafile-data/storage/commits
[2026-09-10 18:51:30.104034] Start sending file updates emails...
[2026-09-10 18:51:30.111581] Finish sending file updates emails.

2026-09-10 18:54:55,305 starts to send email
2026-09-10 18:54:56,016 Load disk config: storage_dir=/opt/seafile/seafile-data/storage/blocks
2026-09-10 18:54:56,017 Load disk config: storage_dir=/opt/seafile/seafile-data/storage/fs
2026-09-10 18:54:56,017 Load disk config: storage_dir=/opt/seafile/seafile-data/storage/commits
2026-09-10 18:56:31,310 Load disk config: storage_dir=/opt/seafile/seafile-data/storage/blocks
2026-09-10 18:56:31,311 Load disk config: storage_dir=/opt/seafile/seafile-data/storage/fs
2026-09-10 18:56:31,311 Load disk config: storage_dir=/opt/seafile/seafile-data/storage/commits
[2026-09-10 18:56:33.837896] Start sending file updates emails...
[2026-09-10 18:56:33.845747] Finish sending file updates emails.

2026-09-10 19:01:35,017 Load disk config: storage_dir=/opt/seafile/seafile-data/storage/blocks
2026-09-10 19:01:35,018 Load disk config: storage_dir=/opt/seafile/seafile-data/storage/fs
2026-09-10 19:01:35,018 Load disk config: storage_dir=/opt/seafile/seafile-data/storage/commits
[2026-09-10 19:01:37.513796] Start sending file updates emails...
[2026-09-10 19:01:37.521399] Finish sending file updates emails.

2026-09-10 19:06:38,695 Load disk config: storage_dir=/opt/seafile/seafile-data/storage/blocks
2026-09-10 19:06:38,695 Load disk config: storage_dir=/opt/seafile/seafile-data/storage/fs
2026-09-10 19:06:38,696 Load disk config: storage_dir=/opt/seafile/seafile-data/storage/commits
[2026-09-10 19:06:41.238481] Start sending file updates emails...
[2026-09-10 19:06:41.246462] Finish sending file updates emails.

2026-09-10 19:11:42,420 Load disk config: storage_dir=/opt/seafile/seafile-data/storage/blocks
2026-09-10 19:11:42,421 Load disk config: storage_dir=/opt/seafile/seafile-data/storage/fs
2026-09-10 19:11:42,421 Load disk config: storage_dir=/opt/seafile/seafile-data/storage/commits
[2026-09-10 19:11:44.896708] Start sending file updates emails...
[2026-09-10 19:11:44.904895] Finish sending file updates emails.

2026-09-10 19:16:46,077 Load disk config: storage_dir=/opt/seafile/seafile-data/storage/blocks
2026-09-10 19:16:46,077 Load disk config: storage_dir=/opt/seafile/seafile-data/storage/fs
2026-09-10 19:16:46,077 Load disk config: storage_dir=/opt/seafile/seafile-data/storage/commits
[2026-09-10 19:16:48.579523] Start sending file updates emails...
[2026-09-10 19:16:48.587448] Finish sending file updates emails.

2026-09-10 19:21:49,763 Load disk config: storage_dir=/opt/seafile/seafile-data/storage/blocks
2026-09-10 19:21:49,763 Load disk config: storage_dir=/opt/seafile/seafile-data/storage/fs
2026-09-10 19:21:49,764 Load disk config: storage_dir=/opt/seafile/seafile-data/storage/commits
[2026-09-10 19:21:52.254038] Start sending file updates emails...
[2026-09-10 19:21:52.262123] Finish sending file updates emails.

2026-09-10 19:24:55,299 Start counting user activity info..
2026-09-10 19:24:55,300 [UserActivityCounter] update 0 items.
2026-09-10 19:24:55,300 Start counting traffic info..
2026-09-10 19:24:55,301 Traffic counter finished, total time: 0.0006875991821289062 seconds.
2026-09-10 19:24:55,306 starts to send email
2026-09-10 19:24:55,847 Start counting file operations..
2026-09-10 19:24:55,867 [FileOpsCounter] Finish counting file operations in 0.019681930541992188 seconds, 0 added, 0 deleted, 0 visited, 0 modified
2026-09-10 19:24:56,052 Load disk config: storage_dir=/opt/seafile/seafile-data/storage/blocks
2026-09-10 19:24:56,053 Load disk config: storage_dir=/opt/seafile/seafile-data/storage/fs
2026-09-10 19:24:56,053 Load disk config: storage_dir=/opt/seafile/seafile-data/storage/commits
2026-09-10 19:24:56,138 Start counting monthly traffic info..
2026-09-10 19:24:56,166 Monthly traffic counter finished, update 1 user items, 1 org items, total time: 0.028621435165405273 seconds.
2026-09-10 19:24:56,749 Start counting total storage..
2026-09-10 19:24:56,796 [TotalStorageCounter] Finish counting total storage in 0.04721832275390625 seconds.
2026-09-10 19:26:53,449 Load disk config: storage_dir=/opt/seafile/seafile-data/storage/blocks
2026-09-10 19:26:53,449 Load disk config: storage_dir=/opt/seafile/seafile-data/storage/fs
2026-09-10 19:26:53,449 Load disk config: storage_dir=/opt/seafile/seafile-data/storage/commits
[2026-09-10 19:26:56.140419] Start sending file updates emails...
[2026-09-10 19:26:56.148605] Finish sending file updates emails.

2026-09-10 19:31:57,327 Load disk config: storage_dir=/opt/seafile/seafile-data/storage/blocks
2026-09-10 19:31:57,327 Load disk config: storage_dir=/opt/seafile/seafile-data/storage/fs
2026-09-10 19:31:57,327 Load disk config: storage_dir=/opt/seafile/seafile-data/storage/commits
[2026-09-10 19:31:59.838224] Start sending file updates emails...
[2026-09-10 19:31:59.846047] Finish sending file updates emails.

2026-09-10 19:37:01,046 Load disk config: storage_dir=/opt/seafile/seafile-data/storage/blocks
2026-09-10 19:37:01,047 Load disk config: storage_dir=/opt/seafile/seafile-data/storage/fs
2026-09-10 19:37:01,047 Load disk config: storage_dir=/opt/seafile/seafile-data/storage/commits
[2026-09-10 19:37:03.535218] Start sending file updates emails...
[2026-09-10 19:37:03.543628] Finish sending file updates emails.

2026-09-10 19:42:04,727 Load disk config: storage_dir=/opt/seafile/seafile-data/storage/blocks
2026-09-10 19:42:04,727 Load disk config: storage_dir=/opt/seafile/seafile-data/storage/fs
2026-09-10 19:42:04,728 Load disk config: storage_dir=/opt/seafile/seafile-data/storage/commits
[2026-09-10 19:42:07.248789] Start sending file updates emails...
[2026-09-10 19:42:07.256459] Finish sending file updates emails.

2026-09-10 19:47:08,452 Load disk config: storage_dir=/opt/seafile/seafile-data/storage/blocks
2026-09-10 19:47:08,452 Load disk config: storage_dir=/opt/seafile/seafile-data/storage/fs
2026-09-10 19:47:08,452 Load disk config: storage_dir=/opt/seafile/seafile-data/storage/commits
[2026-09-10 19:47:11.009057] Start sending file updates emails...
[2026-09-10 19:47:11.016955] Finish sending file updates emails.

2026-09-10 19:52:12,198 Load disk config: storage_dir=/opt/seafile/seafile-data/storage/blocks
2026-09-10 19:52:12,198 Load disk config: storage_dir=/opt/seafile/seafile-data/storage/fs
2026-09-10 19:52:12,198 Load disk config: storage_dir=/opt/seafile/seafile-data/storage/commits
[2026-09-10 19:52:14.796128] Start sending file updates emails...
[2026-09-10 19:52:14.804013] Finish sending file updates emails.

2026-09-10 19:54:55,307 starts to send email
2026-09-10 19:54:56,021 Load disk config: storage_dir=/opt/seafile/seafile-data/storage/blocks
2026-09-10 19:54:56,021 Load disk config: storage_dir=/opt/seafile/seafile-data/storage/fs
2026-09-10 19:54:56,021 Load disk config: storage_dir=/opt/seafile/seafile-data/storage/commits
2026-09-10 19:57:15,978 Load disk config: storage_dir=/opt/seafile/seafile-data/storage/blocks
2026-09-10 19:57:15,978 Load disk config: storage_dir=/opt/seafile/seafile-data/storage/fs
2026-09-10 19:57:15,978 Load disk config: storage_dir=/opt/seafile/seafile-data/storage/commits
[2026-09-10 19:57:18.544299] Start sending file updates emails...
[2026-09-10 19:57:18.551957] Finish sending file updates emails.

2026-09-10 20:02:19,810 Load disk config: storage_dir=/opt/seafile/seafile-data/storage/blocks
2026-09-10 20:02:19,810 Load disk config: storage_dir=/opt/seafile/seafile-data/storage/fs
2026-09-10 20:02:19,811 Load disk config: storage_dir=/opt/seafile/seafile-data/storage/commits
[2026-09-10 20:02:22.390363] Start sending file updates emails...
[2026-09-10 20:02:22.398630] Finish sending file updates emails.

2026-09-10 20:07:23,577 Load disk config: storage_dir=/opt/seafile/seafile-data/storage/blocks
2026-09-10 20:07:23,578 Load disk config: storage_dir=/opt/seafile/seafile-data/storage/fs
2026-09-10 20:07:23,578 Load disk config: storage_dir=/opt/seafile/seafile-data/storage/commits
[2026-09-10 20:07:26.205132] Start sending file updates emails...
[2026-09-10 20:07:26.213047] Finish sending file updates emails.

2026-09-10 20:12:27,443 Load disk config: storage_dir=/opt/seafile/seafile-data/storage/blocks
2026-09-10 20:12:27,443 Load disk config: storage_dir=/opt/seafile/seafile-data/storage/fs
2026-09-10 20:12:27,467 Load disk config: storage_dir=/opt/seafile/seafile-data/storage/commits
[2026-09-10 20:12:30.062901] Start sending file updates emails...
[2026-09-10 20:12:30.070891] Finish sending file updates emails.

2026-09-10 20:17:31,247 Load disk config: storage_dir=/opt/seafile/seafile-data/storage/blocks
2026-09-10 20:17:31,247 Load disk config: storage_dir=/opt/seafile/seafile-data/storage/fs
2026-09-10 20:17:31,247 Load disk config: storage_dir=/opt/seafile/seafile-data/storage/commits
[2026-09-10 20:17:33.799367] Start sending file updates emails...
[2026-09-10 20:17:33.807834] Finish sending file updates emails.

2026-09-10 20:22:34,994 Load disk config: storage_dir=/opt/seafile/seafile-data/storage/blocks
2026-09-10 20:22:34,995 Load disk config: storage_dir=/opt/seafile/seafile-data/storage/fs
2026-09-10 20:22:34,995 Load disk config: storage_dir=/opt/seafile/seafile-data/storage/commits
[2026-09-10 20:22:37.545049] Start sending file updates emails...
[2026-09-10 20:22:37.553339] Finish sending file updates emails.

2026-09-10 20:24:55,301 Start counting user activity info..
2026-09-10 20:24:55,301 [UserActivityCounter] update 0 items.
2026-09-10 20:24:55,302 Start counting traffic info..
2026-09-10 20:24:55,302 Traffic counter finished, total time: 0.0005021095275878906 seconds.
2026-09-10 20:24:55,308 starts to send email
2026-09-10 20:24:55,869 Start counting file operations..
2026-09-10 20:24:55,885 [FileOpsCounter] Finish counting file operations in 0.016223430633544922 seconds, 0 added, 0 deleted, 0 visited, 0 modified
2026-09-10 20:24:56,049 Load disk config: storage_dir=/opt/seafile/seafile-data/storage/blocks
2026-09-10 20:24:56,049 Load disk config: storage_dir=/opt/seafile/seafile-data/storage/fs
2026-09-10 20:24:56,049 Load disk config: storage_dir=/opt/seafile/seafile-data/storage/commits
2026-09-10 20:24:56,167 Start counting monthly traffic info..
2026-09-10 20:24:56,193 Monthly traffic counter finished, update 1 user items, 1 org items, total time: 0.025125980377197266 seconds.
2026-09-10 20:24:56,799 Start counting total storage..
2026-09-10 20:24:56,850 [TotalStorageCounter] Finish counting total storage in 0.051427364349365234 seconds.
2026-09-10 20:27:38,740 Load disk config: storage_dir=/opt/seafile/seafile-data/storage/blocks
2026-09-10 20:27:38,740 Load disk config: storage_dir=/opt/seafile/seafile-data/storage/fs
2026-09-10 20:27:38,740 Load disk config: storage_dir=/opt/seafile/seafile-data/storage/commits
[2026-09-10 20:27:41.248226] Start sending file updates emails...
[2026-09-10 20:27:41.258927] Finish sending file updates emails.

2026-09-10 20:32:42,440 Load disk config: storage_dir=/opt/seafile/seafile-data/storage/blocks
2026-09-10 20:32:42,440 Load disk config: storage_dir=/opt/seafile/seafile-data/storage/fs
2026-09-10 20:32:42,440 Load disk config: storage_dir=/opt/seafile/seafile-data/storage/commits
[2026-09-10 20:32:44.923163] Start sending file updates emails...
[2026-09-10 20:32:44.931154] Finish sending file updates emails.

2026-09-10 20:37:46,109 Load disk config: storage_dir=/opt/seafile/seafile-data/storage/blocks
2026-09-10 20:37:46,109 Load disk config: storage_dir=/opt/seafile/seafile-data/storage/fs
2026-09-10 20:37:46,109 Load disk config: storage_dir=/opt/seafile/seafile-data/storage/commits
[2026-09-10 20:37:48.629271] Start sending file updates emails...
[2026-09-10 20:37:48.637389] Finish sending file updates emails.

2026-09-10 20:42:49,835 Load disk config: storage_dir=/opt/seafile/seafile-data/storage/blocks
2026-09-10 20:42:49,835 Load disk config: storage_dir=/opt/seafile/seafile-data/storage/fs
2026-09-10 20:42:49,836 Load disk config: storage_dir=/opt/seafile/seafile-data/storage/commits
[2026-09-10 20:42:52.323791] Start sending file updates emails...
[2026-09-10 20:42:52.331849] Finish sending file updates emails.

2026-09-10 20:47:53,511 Load disk config: storage_dir=/opt/seafile/seafile-data/storage/blocks
2026-09-10 20:47:53,511 Load disk config: storage_dir=/opt/seafile/seafile-data/storage/fs
2026-09-10 20:47:53,511 Load disk config: storage_dir=/opt/seafile/seafile-data/storage/commits
[2026-09-10 20:47:56.006179] Start sending file updates emails...
[2026-09-10 20:47:56.013766] Finish sending file updates emails.

2026-09-10 20:52:57,233 Load disk config: storage_dir=/opt/seafile/seafile-data/storage/blocks
2026-09-10 20:52:57,233 Load disk config: storage_dir=/opt/seafile/seafile-data/storage/fs
2026-09-10 20:52:57,233 Load disk config: storage_dir=/opt/seafile/seafile-data/storage/commits
[2026-09-10 20:52:59.833842] Start sending file updates emails...
[2026-09-10 20:52:59.841787] Finish sending file updates emails.

2026-09-10 20:54:55,308 starts to send email
2026-09-10 20:54:56,034 Load disk config: storage_dir=/opt/seafile/seafile-data/storage/blocks
2026-09-10 20:54:56,034 Load disk config: storage_dir=/opt/seafile/seafile-data/storage/fs
2026-09-10 20:54:56,034 Load disk config: storage_dir=/opt/seafile/seafile-data/storage/commits
2026-09-10 20:58:01,029 Load disk config: storage_dir=/opt/seafile/seafile-data/storage/blocks
2026-09-10 20:58:01,029 Load disk config: storage_dir=/opt/seafile/seafile-data/storage/fs
2026-09-10 20:58:01,029 Load disk config: storage_dir=/opt/seafile/seafile-data/storage/commits
[2026-09-10 20:58:03.556734] Start sending file updates emails...
[2026-09-10 20:58:03.564765] Finish sending file updates emails.

2026-09-10 21:03:04,738 Load disk config: storage_dir=/opt/seafile/seafile-data/storage/blocks
2026-09-10 21:03:04,739 Load disk config: storage_dir=/opt/seafile/seafile-data/storage/fs
2026-09-10 21:03:04,739 Load disk config: storage_dir=/opt/seafile/seafile-data/storage/commits
[2026-09-10 21:03:07.247537] Start sending file updates emails...
[2026-09-10 21:03:07.255324] Finish sending file updates emails.

2026-09-10 21:08:08,430 Load disk config: storage_dir=/opt/seafile/seafile-data/storage/blocks
2026-09-10 21:08:08,430 Load disk config: storage_dir=/opt/seafile/seafile-data/storage/fs
2026-09-10 21:08:08,430 Load disk config: storage_dir=/opt/seafile/seafile-data/storage/commits
[2026-09-10 21:08:10.931541] Start sending file updates emails...
[2026-09-10 21:08:10.939724] Finish sending file updates emails.

2026-09-10 21:13:12,107 Load disk config: storage_dir=/opt/seafile/seafile-data/storage/blocks
2026-09-10 21:13:12,108 Load disk config: storage_dir=/opt/seafile/seafile-data/storage/fs
2026-09-10 21:13:12,108 Load disk config: storage_dir=/opt/seafile/seafile-data/storage/commits
[2026-09-10 21:13:14.574705] Start sending file updates emails...
[2026-09-10 21:13:14.582613] Finish sending file updates emails.

2026-09-10 21:18:15,735 Load disk config: storage_dir=/opt/seafile/seafile-data/storage/blocks
2026-09-10 21:18:15,736 Load disk config: storage_dir=/opt/seafile/seafile-data/storage/fs
2026-09-10 21:18:15,736 Load disk config: storage_dir=/opt/seafile/seafile-data/storage/commits
[2026-09-10 21:18:18.245210] Start sending file updates emails...
[2026-09-10 21:18:18.253047] Finish sending file updates emails.

2026-09-10 21:23:19,413 Load disk config: storage_dir=/opt/seafile/seafile-data/storage/blocks
2026-09-10 21:23:19,413 Load disk config: storage_dir=/opt/seafile/seafile-data/storage/fs
2026-09-10 21:23:19,413 Load disk config: storage_dir=/opt/seafile/seafile-data/storage/commits
[2026-09-10 21:23:21.885288] Start sending file updates emails...
[2026-09-10 21:23:21.892956] Finish sending file updates emails.

2026-09-10 21:24:55,303 Start counting user activity info..
2026-09-10 21:24:55,303 Start counting traffic info..
2026-09-10 21:24:55,303 [UserActivityCounter] update 0 items.
2026-09-10 21:24:55,304 Traffic counter finished, total time: 0.0010290145874023438 seconds.
2026-09-10 21:24:55,309 starts to send email
2026-09-10 21:24:55,887 Start counting file operations..
2026-09-10 21:24:55,903 [FileOpsCounter] Finish counting file operations in 0.015328407287597656 seconds, 0 added, 0 deleted, 0 visited, 0 modified
2026-09-10 21:24:56,022 Load disk config: storage_dir=/opt/seafile/seafile-data/storage/blocks
2026-09-10 21:24:56,022 Load disk config: storage_dir=/opt/seafile/seafile-data/storage/fs
2026-09-10 21:24:56,022 Load disk config: storage_dir=/opt/seafile/seafile-data/storage/commits
2026-09-10 21:24:56,194 Start counting monthly traffic info..
2026-09-10 21:24:56,221 Monthly traffic counter finished, update 1 user items, 1 org items, total time: 0.027620792388916016 seconds.
2026-09-10 21:24:56,853 Start counting total storage..
2026-09-10 21:24:56,900 [TotalStorageCounter] Finish counting total storage in 0.047112464904785156 seconds.
2026-09-10 21:28:23,061 Load disk config: storage_dir=/opt/seafile/seafile-data/storage/blocks
2026-09-10 21:28:23,061 Load disk config: storage_dir=/opt/seafile/seafile-data/storage/fs
2026-09-10 21:28:23,062 Load disk config: storage_dir=/opt/seafile/seafile-data/storage/commits
[2026-09-10 21:28:25.544609] Start sending file updates emails...
[2026-09-10 21:28:25.552133] Finish sending file updates emails.

2026-09-10 21:33:26,725 Load disk config: storage_dir=/opt/seafile/seafile-data/storage/blocks
2026-09-10 21:33:26,726 Load disk config: storage_dir=/opt/seafile/seafile-data/storage/fs
2026-09-10 21:33:26,726 Load disk config: storage_dir=/opt/seafile/seafile-data/storage/commits
[2026-09-10 21:33:29.261175] Start sending file updates emails...
[2026-09-10 21:33:29.269203] Finish sending file updates emails.

2026-09-10 21:38:30,497 Load disk config: storage_dir=/opt/seafile/seafile-data/storage/blocks
2026-09-10 21:38:30,497 Load disk config: storage_dir=/opt/seafile/seafile-data/storage/fs
2026-09-10 21:38:30,498 Load disk config: storage_dir=/opt/seafile/seafile-data/storage/commits
[2026-09-10 21:38:32.986716] Start sending file updates emails...
[2026-09-10 21:38:32.994440] Finish sending file updates emails.

2026-09-10 21:43:34,161 Load disk config: storage_dir=/opt/seafile/seafile-data/storage/blocks
2026-09-10 21:43:34,161 Load disk config: storage_dir=/opt/seafile/seafile-data/storage/fs
2026-09-10 21:43:34,161 Load disk config: storage_dir=/opt/seafile/seafile-data/storage/commits
[2026-09-10 21:43:36.663454] Start sending file updates emails...
[2026-09-10 21:43:36.671775] Finish sending file updates emails.

2026-09-10 21:48:37,868 Load disk config: storage_dir=/opt/seafile/seafile-data/storage/blocks
2026-09-10 21:48:37,868 Load disk config: storage_dir=/opt/seafile/seafile-data/storage/fs
2026-09-10 21:48:37,868 Load disk config: storage_dir=/opt/seafile/seafile-data/storage/commits
[2026-09-10 21:48:40.412521] Start sending file updates emails...
[2026-09-10 21:48:40.420421] Finish sending file updates emails.

2026-09-10 21:53:41,590 Load disk config: storage_dir=/opt/seafile/seafile-data/storage/blocks
2026-09-10 21:53:41,590 Load disk config: storage_dir=/opt/seafile/seafile-data/storage/fs
2026-09-10 21:53:41,590 Load disk config: storage_dir=/opt/seafile/seafile-data/storage/commits
[2026-09-10 21:53:44.066836] Start sending file updates emails...
[2026-09-10 21:53:44.074636] Finish sending file updates emails.

2026-09-10 21:54:55,310 starts to send email
2026-09-10 21:54:56,062 Load disk config: storage_dir=/opt/seafile/seafile-data/storage/blocks
2026-09-10 21:54:56,062 Load disk config: storage_dir=/opt/seafile/seafile-data/storage/fs
2026-09-10 21:54:56,063 Load disk config: storage_dir=/opt/seafile/seafile-data/storage/commits
2026-09-10 21:58:45,252 Load disk config: storage_dir=/opt/seafile/seafile-data/storage/blocks
2026-09-10 21:58:45,252 Load disk config: storage_dir=/opt/seafile/seafile-data/storage/fs
2026-09-10 21:58:45,252 Load disk config: storage_dir=/opt/seafile/seafile-data/storage/commits
[2026-09-10 21:58:47.753426] Start sending file updates emails...
[2026-09-10 21:58:47.761335] Finish sending file updates emails.

2026-09-10 22:03:48,929 Load disk config: storage_dir=/opt/seafile/seafile-data/storage/blocks
2026-09-10 22:03:48,929 Load disk config: storage_dir=/opt/seafile/seafile-data/storage/fs
2026-09-10 22:03:48,929 Load disk config: storage_dir=/opt/seafile/seafile-data/storage/commits
[2026-09-10 22:03:51.433669] Start sending file updates emails...
[2026-09-10 22:03:51.441903] Finish sending file updates emails.

2026-09-10 22:08:52,627 Load disk config: storage_dir=/opt/seafile/seafile-data/storage/blocks
2026-09-10 22:08:52,627 Load disk config: storage_dir=/opt/seafile/seafile-data/storage/fs
2026-09-10 22:08:52,627 Load disk config: storage_dir=/opt/seafile/seafile-data/storage/commits
[2026-09-10 22:08:55.113531] Start sending file updates emails...
[2026-09-10 22:08:55.121216] Finish sending file updates emails.

2026-09-10 22:13:56,293 Load disk config: storage_dir=/opt/seafile/seafile-data/storage/blocks
2026-09-10 22:13:56,293 Load disk config: storage_dir=/opt/seafile/seafile-data/storage/fs
2026-09-10 22:13:56,293 Load disk config: storage_dir=/opt/seafile/seafile-data/storage/commits
[2026-09-10 22:13:58.785513] Start sending file updates emails...
[2026-09-10 22:13:58.793567] Finish sending file updates emails.

2026-09-10 22:18:59,972 Load disk config: storage_dir=/opt/seafile/seafile-data/storage/blocks
2026-09-10 22:18:59,972 Load disk config: storage_dir=/opt/seafile/seafile-data/storage/fs
2026-09-10 22:18:59,972 Load disk config: storage_dir=/opt/seafile/seafile-data/storage/commits
[2026-09-10 22:19:02.540214] Start sending file updates emails...
[2026-09-10 22:19:02.548387] Finish sending file updates emails.

2026-09-10 22:24:03,715 Load disk config: storage_dir=/opt/seafile/seafile-data/storage/blocks
2026-09-10 22:24:03,716 Load disk config: storage_dir=/opt/seafile/seafile-data/storage/fs
2026-09-10 22:24:03,716 Load disk config: storage_dir=/opt/seafile/seafile-data/storage/commits
[2026-09-10 22:24:06.205834] Start sending file updates emails...
[2026-09-10 22:24:06.213763] Finish sending file updates emails.

2026-09-10 22:24:55,305 Start counting user activity info..
2026-09-10 22:24:55,305 Start counting traffic info..
2026-09-10 22:24:55,306 [UserActivityCounter] update 0 items.
2026-09-10 22:24:55,306 Traffic counter finished, total time: 0.0008347034454345703 seconds.
2026-09-10 22:24:55,311 starts to send email
2026-09-10 22:24:55,905 Start counting file operations..
2026-09-10 22:24:55,919 [FileOpsCounter] Finish counting file operations in 0.014230489730834961 seconds, 0 added, 0 deleted, 0 visited, 0 modified
2026-09-10 22:24:56,055 Load disk config: storage_dir=/opt/seafile/seafile-data/storage/blocks
2026-09-10 22:24:56,056 Load disk config: storage_dir=/opt/seafile/seafile-data/storage/fs
2026-09-10 22:24:56,056 Load disk config: storage_dir=/opt/seafile/seafile-data/storage/commits
2026-09-10 22:24:56,222 Start counting monthly traffic info..
2026-09-10 22:24:56,249 Monthly traffic counter finished, update 1 user items, 1 org items, total time: 0.026343345642089844 seconds.
2026-09-10 22:24:56,902 Start counting total storage..
2026-09-10 22:24:56,950 [TotalStorageCounter] Finish counting total storage in 0.047667741775512695 seconds.
2026-09-10 22:29:07,370 Load disk config: storage_dir=/opt/seafile/seafile-data/storage/blocks
2026-09-10 22:29:07,370 Load disk config: storage_dir=/opt/seafile/seafile-data/storage/fs
2026-09-10 22:29:07,393 Load disk config: storage_dir=/opt/seafile/seafile-data/storage/commits
[2026-09-10 22:29:09.888320] Start sending file updates emails...
[2026-09-10 22:29:09.896572] Finish sending file updates emails.

2026-09-10 22:34:11,075 Load disk config: storage_dir=/opt/seafile/seafile-data/storage/blocks
2026-09-10 22:34:11,075 Load disk config: storage_dir=/opt/seafile/seafile-data/storage/fs
2026-09-10 22:34:11,075 Load disk config: storage_dir=/opt/seafile/seafile-data/storage/commits
[2026-09-10 22:34:13.581282] Start sending file updates emails...
[2026-09-10 22:34:13.588933] Finish sending file updates emails.

2026-09-10 22:39:14,754 Load disk config: storage_dir=/opt/seafile/seafile-data/storage/blocks
2026-09-10 22:39:14,754 Load disk config: storage_dir=/opt/seafile/seafile-data/storage/fs
2026-09-10 22:39:14,754 Load disk config: storage_dir=/opt/seafile/seafile-data/storage/commits
[2026-09-10 22:39:17.275365] Start sending file updates emails...
[2026-09-10 22:39:17.283284] Finish sending file updates emails.

2026-09-10 22:44:18,465 Load disk config: storage_dir=/opt/seafile/seafile-data/storage/blocks
2026-09-10 22:44:18,465 Load disk config: storage_dir=/opt/seafile/seafile-data/storage/fs
2026-09-10 22:44:18,465 Load disk config: storage_dir=/opt/seafile/seafile-data/storage/commits
[2026-09-10 22:44:20.953874] Start sending file updates emails...
[2026-09-10 22:44:20.961779] Finish sending file updates emails.

2026-09-10 22:49:22,123 Load disk config: storage_dir=/opt/seafile/seafile-data/storage/blocks
2026-09-10 22:49:22,123 Load disk config: storage_dir=/opt/seafile/seafile-data/storage/fs
2026-09-10 22:49:22,123 Load disk config: storage_dir=/opt/seafile/seafile-data/storage/commits
[2026-09-10 22:49:24.582005] Start sending file updates emails...
[2026-09-10 22:49:24.589655] Finish sending file updates emails.

2026-09-10 22:54:25,762 Load disk config: storage_dir=/opt/seafile/seafile-data/storage/blocks
2026-09-10 22:54:25,762 Load disk config: storage_dir=/opt/seafile/seafile-data/storage/fs
2026-09-10 22:54:25,762 Load disk config: storage_dir=/opt/seafile/seafile-data/storage/commits
[2026-09-10 22:54:28.259299] Start sending file updates emails...
[2026-09-10 22:54:28.267451] Finish sending file updates emails.

2026-09-10 22:54:55,311 starts to send email
2026-09-10 22:54:56,019 Load disk config: storage_dir=/opt/seafile/seafile-data/storage/blocks
2026-09-10 22:54:56,019 Load disk config: storage_dir=/opt/seafile/seafile-data/storage/fs
2026-09-10 22:54:56,019 Load disk config: storage_dir=/opt/seafile/seafile-data/storage/commits
2026-09-10 22:59:29,470 Load disk config: storage_dir=/opt/seafile/seafile-data/storage/blocks
2026-09-10 22:59:29,471 Load disk config: storage_dir=/opt/seafile/seafile-data/storage/fs
2026-09-10 22:59:29,471 Load disk config: storage_dir=/opt/seafile/seafile-data/storage/commits
[2026-09-10 22:59:31.994243] Start sending file updates emails...
[2026-09-10 22:59:32.002471] Finish sending file updates emails.

2026-09-10 23:04:33,278 Load disk config: storage_dir=/opt/seafile/seafile-data/storage/blocks
2026-09-10 23:04:33,278 Load disk config: storage_dir=/opt/seafile/seafile-data/storage/fs
2026-09-10 23:04:33,278 Load disk config: storage_dir=/opt/seafile/seafile-data/storage/commits
[2026-09-10 23:04:35.776012] Start sending file updates emails...
[2026-09-10 23:04:35.784012] Finish sending file updates emails.

2026-09-10 23:09:36,982 Load disk config: storage_dir=/opt/seafile/seafile-data/storage/blocks
2026-09-10 23:09:36,982 Load disk config: storage_dir=/opt/seafile/seafile-data/storage/fs
2026-09-10 23:09:36,982 Load disk config: storage_dir=/opt/seafile/seafile-data/storage/commits
[2026-09-10 23:09:39.483622] Start sending file updates emails...
[2026-09-10 23:09:39.491228] Finish sending file updates emails.

2026-09-10 23:14:40,661 Load disk config: storage_dir=/opt/seafile/seafile-data/storage/blocks
2026-09-10 23:14:40,662 Load disk config: storage_dir=/opt/seafile/seafile-data/storage/fs
2026-09-10 23:14:40,662 Load disk config: storage_dir=/opt/seafile/seafile-data/storage/commits
[2026-09-10 23:14:43.249093] Start sending file updates emails...
[2026-09-10 23:14:43.257179] Finish sending file updates emails.

2026-09-10 23:19:44,425 Load disk config: storage_dir=/opt/seafile/seafile-data/storage/blocks
2026-09-10 23:19:44,425 Load disk config: storage_dir=/opt/seafile/seafile-data/storage/fs
2026-09-10 23:19:44,425 Load disk config: storage_dir=/opt/seafile/seafile-data/storage/commits
[2026-09-10 23:19:46.972999] Start sending file updates emails...
[2026-09-10 23:19:46.980863] Finish sending file updates emails.

2026-09-10 23:24:48,165 Load disk config: storage_dir=/opt/seafile/seafile-data/storage/blocks
2026-09-10 23:24:48,165 Load disk config: storage_dir=/opt/seafile/seafile-data/storage/fs
2026-09-10 23:24:48,165 Load disk config: storage_dir=/opt/seafile/seafile-data/storage/commits
[2026-09-10 23:24:50.737106] Start sending file updates emails...
[2026-09-10 23:24:50.745016] Finish sending file updates emails.

2026-09-10 23:24:55,307 Start counting user activity info..
2026-09-10 23:24:55,307 Start counting traffic info..
2026-09-10 23:24:55,308 [UserActivityCounter] update 0 items.
2026-09-10 23:24:55,308 Traffic counter finished, total time: 0.0008606910705566406 seconds.
2026-09-10 23:24:55,312 starts to send email
2026-09-10 23:24:55,921 Start counting file operations..
2026-09-10 23:24:55,935 [FileOpsCounter] Finish counting file operations in 0.01395869255065918 seconds, 0 added, 0 deleted, 0 visited, 0 modified
2026-09-10 23:24:56,031 Load disk config: storage_dir=/opt/seafile/seafile-data/storage/blocks
2026-09-10 23:24:56,032 Load disk config: storage_dir=/opt/seafile/seafile-data/storage/fs
2026-09-10 23:24:56,032 Load disk config: storage_dir=/opt/seafile/seafile-data/storage/commits
2026-09-10 23:24:56,250 Start counting monthly traffic info..
2026-09-10 23:24:56,275 Monthly traffic counter finished, update 1 user items, 1 org items, total time: 0.02566242218017578 seconds.
2026-09-10 23:24:56,955 Start counting total storage..
2026-09-10 23:24:57,002 [TotalStorageCounter] Finish counting total storage in 0.04656076431274414 seconds.
2026-09-10 23:29:51,924 Load disk config: storage_dir=/opt/seafile/seafile-data/storage/blocks
2026-09-10 23:29:51,924 Load disk config: storage_dir=/opt/seafile/seafile-data/storage/fs
2026-09-10 23:29:51,924 Load disk config: storage_dir=/opt/seafile/seafile-data/storage/commits
[2026-09-10 23:29:54.512789] Start sending file updates emails...
[2026-09-10 23:29:54.520641] Finish sending file updates emails.

2026-09-10 23:34:55,705 Load disk config: storage_dir=/opt/seafile/seafile-data/storage/blocks
2026-09-10 23:34:55,705 Load disk config: storage_dir=/opt/seafile/seafile-data/storage/fs
2026-09-10 23:34:55,705 Load disk config: storage_dir=/opt/seafile/seafile-data/storage/commits
[2026-09-10 23:34:58.327953] Start sending file updates emails...
[2026-09-10 23:34:58.336039] Finish sending file updates emails.

2026-09-10 23:39:59,527 Load disk config: storage_dir=/opt/seafile/seafile-data/storage/blocks
2026-09-10 23:39:59,527 Load disk config: storage_dir=/opt/seafile/seafile-data/storage/fs
2026-09-10 23:39:59,527 Load disk config: storage_dir=/opt/seafile/seafile-data/storage/commits
[2026-09-10 23:40:02.058889] Start sending file updates emails...
[2026-09-10 23:40:02.066498] Finish sending file updates emails.

2026-09-10 23:45:03,271 Load disk config: storage_dir=/opt/seafile/seafile-data/storage/blocks
2026-09-10 23:45:03,271 Load disk config: storage_dir=/opt/seafile/seafile-data/storage/fs
2026-09-10 23:45:03,272 Load disk config: storage_dir=/opt/seafile/seafile-data/storage/commits
[2026-09-10 23:45:05.845457] Start sending file updates emails...
[2026-09-10 23:45:05.853421] Finish sending file updates emails.

2026-09-10 23:50:07,025 Load disk config: storage_dir=/opt/seafile/seafile-data/storage/blocks
2026-09-10 23:50:07,026 Load disk config: storage_dir=/opt/seafile/seafile-data/storage/fs
2026-09-10 23:50:07,026 Load disk config: storage_dir=/opt/seafile/seafile-data/storage/commits
[2026-09-10 23:50:09.582842] Start sending file updates emails...
[2026-09-10 23:50:09.590686] Finish sending file updates emails.

2026-09-10 23:54:55,313 starts to send email
2026-09-10 23:54:56,096 Load disk config: storage_dir=/opt/seafile/seafile-data/storage/blocks
2026-09-10 23:54:56,096 Load disk config: storage_dir=/opt/seafile/seafile-data/storage/fs
2026-09-10 23:54:56,096 Load disk config: storage_dir=/opt/seafile/seafile-data/storage/commits
2026-09-10 23:55:10,766 Load disk config: storage_dir=/opt/seafile/seafile-data/storage/blocks
2026-09-10 23:55:10,767 Load disk config: storage_dir=/opt/seafile/seafile-data/storage/fs
2026-09-10 23:55:10,767 Load disk config: storage_dir=/opt/seafile/seafile-data/storage/commits
[2026-09-10 23:55:13.261289] Start sending file updates emails...
[2026-09-10 23:55:13.269280] Finish sending file updates emails.

2026-09-11 00:00:14,472 Load disk config: storage_dir=/opt/seafile/seafile-data/storage/blocks
2026-09-11 00:00:14,472 Load disk config: storage_dir=/opt/seafile/seafile-data/storage/fs
2026-09-11 00:00:14,472 Load disk config: storage_dir=/opt/seafile/seafile-data/storage/commits
[2026-09-11 00:00:16.975824] Start sending file updates emails...
[2026-09-11 00:00:16.983495] Finish sending file updates emails.

2026-09-11 00:05:18,150 Load disk config: storage_dir=/opt/seafile/seafile-data/storage/blocks
2026-09-11 00:05:18,150 Load disk config: storage_dir=/opt/seafile/seafile-data/storage/fs
2026-09-11 00:05:18,150 Load disk config: storage_dir=/opt/seafile/seafile-data/storage/commits
[2026-09-11 00:05:20.632905] Start sending file updates emails...
[2026-09-11 00:05:20.640821] Finish sending file updates emails.

2026-09-11 00:10:21,807 Load disk config: storage_dir=/opt/seafile/seafile-data/storage/blocks
2026-09-11 00:10:21,808 Load disk config: storage_dir=/opt/seafile/seafile-data/storage/fs
2026-09-11 00:10:21,808 Load disk config: storage_dir=/opt/seafile/seafile-data/storage/commits
[2026-09-11 00:10:24.315790] Start sending file updates emails...
[2026-09-11 00:10:24.323756] Finish sending file updates emails.

2026-09-11 00:15:25,497 Load disk config: storage_dir=/opt/seafile/seafile-data/storage/blocks
2026-09-11 00:15:25,497 Load disk config: storage_dir=/opt/seafile/seafile-data/storage/fs
2026-09-11 00:15:25,497 Load disk config: storage_dir=/opt/seafile/seafile-data/storage/commits
[2026-09-11 00:15:28.002791] Start sending file updates emails...
[2026-09-11 00:15:28.010873] Finish sending file updates emails.

2026-09-11 00:20:29,185 Load disk config: storage_dir=/opt/seafile/seafile-data/storage/blocks
2026-09-11 00:20:29,185 Load disk config: storage_dir=/opt/seafile/seafile-data/storage/fs
2026-09-11 00:20:29,185 Load disk config: storage_dir=/opt/seafile/seafile-data/storage/commits
[2026-09-11 00:20:31.693450] Start sending file updates emails...
[2026-09-11 00:20:31.701127] Finish sending file updates emails.

2026-09-11 00:24:55,240 Start clean delete_files_count
2026-09-11 00:24:55,246 Finished clean delete_files_count
2026-09-11 00:24:55,309 Start counting traffic info..
2026-09-11 00:24:55,310 Traffic counter finished, total time: 0.00042176246643066406 seconds.
2026-09-11 00:24:55,310 Start counting user activity info..
2026-09-11 00:24:55,310 [UserActivityCounter] update 0 items.
2026-09-11 00:24:55,314 starts to send email
2026-09-11 00:24:55,937 Start counting file operations..
2026-09-11 00:24:55,951 [FileOpsCounter] Finish counting file operations in 0.013929128646850586 seconds, 0 added, 0 deleted, 0 visited, 0 modified
2026-09-11 00:24:56,044 Load disk config: storage_dir=/opt/seafile/seafile-data/storage/blocks
2026-09-11 00:24:56,044 Load disk config: storage_dir=/opt/seafile/seafile-data/storage/fs
2026-09-11 00:24:56,044 Load disk config: storage_dir=/opt/seafile/seafile-data/storage/commits
2026-09-11 00:24:56,277 Start counting monthly traffic info..
2026-09-11 00:24:56,303 Monthly traffic counter finished, update 1 user items, 1 org items, total time: 0.026506900787353516 seconds.
2026-09-11 00:24:57,004 Start counting total storage..
2026-09-11 00:24:57,055 [TotalStorageCounter] Finish counting total storage in 0.05095505714416504 seconds.
2026-09-11 00:25:32,869 Load disk config: storage_dir=/opt/seafile/seafile-data/storage/blocks
2026-09-11 00:25:32,869 Load disk config: storage_dir=/opt/seafile/seafile-data/storage/fs
2026-09-11 00:25:32,869 Load disk config: storage_dir=/opt/seafile/seafile-data/storage/commits
[2026-09-11 00:25:35.480218] Start sending file updates emails...
[2026-09-11 00:25:35.488138] Finish sending file updates emails.

2026-09-11 00:30:36,773 Load disk config: storage_dir=/opt/seafile/seafile-data/storage/blocks
2026-09-11 00:30:36,773 Load disk config: storage_dir=/opt/seafile/seafile-data/storage/fs
2026-09-11 00:30:36,773 Load disk config: storage_dir=/opt/seafile/seafile-data/storage/commits
[2026-09-11 00:30:39.273092] Start sending file updates emails...
[2026-09-11 00:30:39.280631] Finish sending file updates emails.

2026-09-11 00:35:40,451 Load disk config: storage_dir=/opt/seafile/seafile-data/storage/blocks
2026-09-11 00:35:40,452 Load disk config: storage_dir=/opt/seafile/seafile-data/storage/fs
2026-09-11 00:35:40,452 Load disk config: storage_dir=/opt/seafile/seafile-data/storage/commits
[2026-09-11 00:35:42.943099] Start sending file updates emails...
[2026-09-11 00:35:42.951051] Finish sending file updates emails.

2026-09-11 00:40:44,150 Load disk config: storage_dir=/opt/seafile/seafile-data/storage/blocks
2026-09-11 00:40:44,150 Load disk config: storage_dir=/opt/seafile/seafile-data/storage/fs
2026-09-11 00:40:44,150 Load disk config: storage_dir=/opt/seafile/seafile-data/storage/commits
[2026-09-11 00:40:46.633707] Start sending file updates emails...
[2026-09-11 00:40:46.641338] Finish sending file updates emails.

2026-09-11 00:45:47,843 Load disk config: storage_dir=/opt/seafile/seafile-data/storage/blocks
2026-09-11 00:45:47,843 Load disk config: storage_dir=/opt/seafile/seafile-data/storage/fs
2026-09-11 00:45:47,843 Load disk config: storage_dir=/opt/seafile/seafile-data/storage/commits
[2026-09-11 00:45:50.375165] Start sending file updates emails...
[2026-09-11 00:45:50.383360] Finish sending file updates emails.

2026-09-11 00:50:51,579 Load disk config: storage_dir=/opt/seafile/seafile-data/storage/blocks
2026-09-11 00:50:51,579 Load disk config: storage_dir=/opt/seafile/seafile-data/storage/fs
2026-09-11 00:50:51,580 Load disk config: storage_dir=/opt/seafile/seafile-data/storage/commits
[2026-09-11 00:50:54.076642] Start sending file updates emails...
[2026-09-11 00:50:54.084616] Finish sending file updates emails.

2026-09-11 00:54:55,315 starts to send email
2026-09-11 00:54:56,028 Load disk config: storage_dir=/opt/seafile/seafile-data/storage/blocks
2026-09-11 00:54:56,028 Load disk config: storage_dir=/opt/seafile/seafile-data/storage/fs
2026-09-11 00:54:56,028 Load disk config: storage_dir=/opt/seafile/seafile-data/storage/commits
2026-09-11 00:55:55,258 Load disk config: storage_dir=/opt/seafile/seafile-data/storage/blocks
2026-09-11 00:55:55,258 Load disk config: storage_dir=/opt/seafile/seafile-data/storage/fs
2026-09-11 00:55:55,258 Load disk config: storage_dir=/opt/seafile/seafile-data/storage/commits
[2026-09-11 00:55:57.781546] Start sending file updates emails...
[2026-09-11 00:55:57.789551] Finish sending file updates emails.

2026-09-11 01:00:58,979 Load disk config: storage_dir=/opt/seafile/seafile-data/storage/blocks
2026-09-11 01:00:58,979 Load disk config: storage_dir=/opt/seafile/seafile-data/storage/fs
2026-09-11 01:00:58,979 Load disk config: storage_dir=/opt/seafile/seafile-data/storage/commits
[2026-09-11 01:01:01.497042] Start sending file updates emails...
[2026-09-11 01:01:01.504926] Finish sending file updates emails.

2026-09-11 01:06:02,675 Load disk config: storage_dir=/opt/seafile/seafile-data/storage/blocks
2026-09-11 01:06:02,675 Load disk config: storage_dir=/opt/seafile/seafile-data/storage/fs
2026-09-11 01:06:02,676 Load disk config: storage_dir=/opt/seafile/seafile-data/storage/commits
[2026-09-11 01:06:05.190878] Start sending file updates emails...
[2026-09-11 01:06:05.198917] Finish sending file updates emails.

2026-09-11 01:11:06,415 Load disk config: storage_dir=/opt/seafile/seafile-data/storage/blocks
2026-09-11 01:11:06,415 Load disk config: storage_dir=/opt/seafile/seafile-data/storage/fs
2026-09-11 01:11:06,415 Load disk config: storage_dir=/opt/seafile/seafile-data/storage/commits
[2026-09-11 01:11:08.963890] Start sending file updates emails...
[2026-09-11 01:11:08.971883] Finish sending file updates emails.

2026-09-11 01:16:10,161 Load disk config: storage_dir=/opt/seafile/seafile-data/storage/blocks
2026-09-11 01:16:10,162 Load disk config: storage_dir=/opt/seafile/seafile-data/storage/fs
2026-09-11 01:16:10,162 Load disk config: storage_dir=/opt/seafile/seafile-data/storage/commits
[2026-09-11 01:16:12.668430] Start sending file updates emails...
[2026-09-11 01:16:12.676380] Finish sending file updates emails.

2026-09-11 01:21:13,858 Load disk config: storage_dir=/opt/seafile/seafile-data/storage/blocks
2026-09-11 01:21:13,859 Load disk config: storage_dir=/opt/seafile/seafile-data/storage/fs
2026-09-11 01:21:13,859 Load disk config: storage_dir=/opt/seafile/seafile-data/storage/commits
[2026-09-11 01:21:16.414945] Start sending file updates emails...
[2026-09-11 01:21:16.422758] Finish sending file updates emails.

2026-09-11 01:24:55,310 Start counting traffic info..
2026-09-11 01:24:55,311 Traffic counter finished, total time: 0.0004563331604003906 seconds.
2026-09-11 01:24:55,311 Start counting user activity info..
2026-09-11 01:24:55,312 [UserActivityCounter] update 0 items.
2026-09-11 01:24:55,315 starts to send email
2026-09-11 01:24:55,953 Start counting file operations..
2026-09-11 01:24:55,967 [FileOpsCounter] Finish counting file operations in 0.013386726379394531 seconds, 0 added, 0 deleted, 0 visited, 0 modified
2026-09-11 01:24:56,029 Load disk config: storage_dir=/opt/seafile/seafile-data/storage/blocks
2026-09-11 01:24:56,029 Load disk config: storage_dir=/opt/seafile/seafile-data/storage/fs
2026-09-11 01:24:56,029 Load disk config: storage_dir=/opt/seafile/seafile-data/storage/commits
2026-09-11 01:24:56,304 Start counting monthly traffic info..
2026-09-11 01:24:56,333 Monthly traffic counter finished, update 1 user items, 1 org items, total time: 0.02876901626586914 seconds.
2026-09-11 01:24:57,057 Start counting total storage..
2026-09-11 01:24:57,111 [TotalStorageCounter] Finish counting total storage in 0.0534815788269043 seconds.
2026-09-11 01:26:17,605 Load disk config: storage_dir=/opt/seafile/seafile-data/storage/blocks
2026-09-11 01:26:17,606 Load disk config: storage_dir=/opt/seafile/seafile-data/storage/fs
2026-09-11 01:26:17,606 Load disk config: storage_dir=/opt/seafile/seafile-data/storage/commits
[2026-09-11 01:26:20.086763] Start sending file updates emails...
[2026-09-11 01:26:20.094261] Finish sending file updates emails.

2026-09-11 01:31:21,295 Load disk config: storage_dir=/opt/seafile/seafile-data/storage/blocks
2026-09-11 01:31:21,295 Load disk config: storage_dir=/opt/seafile/seafile-data/storage/fs
2026-09-11 01:31:21,295 Load disk config: storage_dir=/opt/seafile/seafile-data/storage/commits
[2026-09-11 01:31:23.792068] Start sending file updates emails...
[2026-09-11 01:31:23.799635] Finish sending file updates emails.

2026-09-11 01:36:24,979 Load disk config: storage_dir=/opt/seafile/seafile-data/storage/blocks
2026-09-11 01:36:24,980 Load disk config: storage_dir=/opt/seafile/seafile-data/storage/fs
2026-09-11 01:36:24,980 Load disk config: storage_dir=/opt/seafile/seafile-data/storage/commits
[2026-09-11 01:36:27.500119] Start sending file updates emails...
[2026-09-11 01:36:27.507857] Finish sending file updates emails.

2026-09-11 01:41:28,685 Load disk config: storage_dir=/opt/seafile/seafile-data/storage/blocks
2026-09-11 01:41:28,685 Load disk config: storage_dir=/opt/seafile/seafile-data/storage/fs
2026-09-11 01:41:28,685 Load disk config: storage_dir=/opt/seafile/seafile-data/storage/commits
[2026-09-11 01:41:31.174789] Start sending file updates emails...
[2026-09-11 01:41:31.182791] Finish sending file updates emails.

2026-09-11 01:46:32,350 Load disk config: storage_dir=/opt/seafile/seafile-data/storage/blocks
2026-09-11 01:46:32,351 Load disk config: storage_dir=/opt/seafile/seafile-data/storage/fs
2026-09-11 01:46:32,351 Load disk config: storage_dir=/opt/seafile/seafile-data/storage/commits
[2026-09-11 01:46:34.855681] Start sending file updates emails...
[2026-09-11 01:46:34.863471] Finish sending file updates emails.

2026-09-11 01:51:36,040 Load disk config: storage_dir=/opt/seafile/seafile-data/storage/blocks
2026-09-11 01:51:36,040 Load disk config: storage_dir=/opt/seafile/seafile-data/storage/fs
2026-09-11 01:51:36,040 Load disk config: storage_dir=/opt/seafile/seafile-data/storage/commits
[2026-09-11 01:51:38.576811] Start sending file updates emails...
[2026-09-11 01:51:38.584732] Finish sending file updates emails.

2026-09-11 01:54:55,316 starts to send email
2026-09-11 01:54:56,025 Load disk config: storage_dir=/opt/seafile/seafile-data/storage/blocks
2026-09-11 01:54:56,025 Load disk config: storage_dir=/opt/seafile/seafile-data/storage/fs
2026-09-11 01:54:56,026 Load disk config: storage_dir=/opt/seafile/seafile-data/storage/commits
2026-09-11 01:56:39,822 Load disk config: storage_dir=/opt/seafile/seafile-data/storage/blocks
2026-09-11 01:56:39,822 Load disk config: storage_dir=/opt/seafile/seafile-data/storage/fs
2026-09-11 01:56:39,823 Load disk config: storage_dir=/opt/seafile/seafile-data/storage/commits
[2026-09-11 01:56:42.333635] Start sending file updates emails...
[2026-09-11 01:56:42.341224] Finish sending file updates emails.

2026-09-11 02:01:43,511 Load disk config: storage_dir=/opt/seafile/seafile-data/storage/blocks
2026-09-11 02:01:43,511 Load disk config: storage_dir=/opt/seafile/seafile-data/storage/fs
2026-09-11 02:01:43,511 Load disk config: storage_dir=/opt/seafile/seafile-data/storage/commits
[2026-09-11 02:01:46.003601] Start sending file updates emails...
[2026-09-11 02:01:46.011451] Finish sending file updates emails.

2026-09-11 02:06:47,200 Load disk config: storage_dir=/opt/seafile/seafile-data/storage/blocks
2026-09-11 02:06:47,200 Load disk config: storage_dir=/opt/seafile/seafile-data/storage/fs
2026-09-11 02:06:47,200 Load disk config: storage_dir=/opt/seafile/seafile-data/storage/commits
[2026-09-11 02:06:49.726209] Start sending file updates emails...
[2026-09-11 02:06:49.737649] Finish sending file updates emails.

2026-09-11 02:11:50,938 Load disk config: storage_dir=/opt/seafile/seafile-data/storage/blocks
2026-09-11 02:11:50,938 Load disk config: storage_dir=/opt/seafile/seafile-data/storage/fs
2026-09-11 02:11:50,938 Load disk config: storage_dir=/opt/seafile/seafile-data/storage/commits
[2026-09-11 02:11:53.483996] Start sending file updates emails...
[2026-09-11 02:11:53.498187] Finish sending file updates emails.

2026-09-11 02:16:54,782 Load disk config: storage_dir=/opt/seafile/seafile-data/storage/blocks
2026-09-11 02:16:54,783 Load disk config: storage_dir=/opt/seafile/seafile-data/storage/fs
2026-09-11 02:16:54,783 Load disk config: storage_dir=/opt/seafile/seafile-data/storage/commits
[2026-09-11 02:16:57.288327] Start sending file updates emails...
[2026-09-11 02:16:57.296249] Finish sending file updates emails.

2026-09-11 02:21:58,470 Load disk config: storage_dir=/opt/seafile/seafile-data/storage/blocks
2026-09-11 02:21:58,470 Load disk config: storage_dir=/opt/seafile/seafile-data/storage/fs
2026-09-11 02:21:58,470 Load disk config: storage_dir=/opt/seafile/seafile-data/storage/commits
[2026-09-11 02:22:01.007948] Start sending file updates emails...
[2026-09-11 02:22:01.015975] Finish sending file updates emails.

2026-09-11 02:24:55,312 Start counting traffic info..
2026-09-11 02:24:55,312 Start counting user activity info..
2026-09-11 02:24:55,313 Traffic counter finished, total time: 0.001142740249633789 seconds.
2026-09-11 02:24:55,313 [UserActivityCounter] update 0 items.
2026-09-11 02:24:55,317 starts to send email
2026-09-11 02:24:55,969 Start counting file operations..
2026-09-11 02:24:55,992 [FileOpsCounter] Finish counting file operations in 0.023034334182739258 seconds, 0 added, 0 deleted, 0 visited, 0 modified
2026-09-11 02:24:56,100 Load disk config: storage_dir=/opt/seafile/seafile-data/storage/blocks
2026-09-11 02:24:56,100 Load disk config: storage_dir=/opt/seafile/seafile-data/storage/fs
2026-09-11 02:24:56,100 Load disk config: storage_dir=/opt/seafile/seafile-data/storage/commits
2026-09-11 02:24:56,334 Start counting monthly traffic info..
2026-09-11 02:24:56,361 Monthly traffic counter finished, update 1 user items, 1 org items, total time: 0.02707815170288086 seconds.
2026-09-11 02:24:57,113 Start counting total storage..
2026-09-11 02:24:57,160 [TotalStorageCounter] Finish counting total storage in 0.04665708541870117 seconds.
2026-09-11 02:27:02,194 Load disk config: storage_dir=/opt/seafile/seafile-data/storage/blocks
2026-09-11 02:27:02,194 Load disk config: storage_dir=/opt/seafile/seafile-data/storage/fs
2026-09-11 02:27:02,194 Load disk config: storage_dir=/opt/seafile/seafile-data/storage/commits
[2026-09-11 02:27:04.680051] Start sending file updates emails...
[2026-09-11 02:27:04.687830] Finish sending file updates emails.

2026-09-11 02:32:05,893 Load disk config: storage_dir=/opt/seafile/seafile-data/storage/blocks
2026-09-11 02:32:05,893 Load disk config: storage_dir=/opt/seafile/seafile-data/storage/fs
2026-09-11 02:32:05,893 Load disk config: storage_dir=/opt/seafile/seafile-data/storage/commits
[2026-09-11 02:32:08.425972] Start sending file updates emails...
[2026-09-11 02:32:08.434376] Finish sending file updates emails.

2026-09-11 02:37:09,714 Load disk config: storage_dir=/opt/seafile/seafile-data/storage/blocks
2026-09-11 02:37:09,714 Load disk config: storage_dir=/opt/seafile/seafile-data/storage/fs
2026-09-11 02:37:09,715 Load disk config: storage_dir=/opt/seafile/seafile-data/storage/commits
[2026-09-11 02:37:12.282865] Start sending file updates emails...
[2026-09-11 02:37:12.290565] Finish sending file updates emails.

2026-09-11 02:42:13,503 Load disk config: storage_dir=/opt/seafile/seafile-data/storage/blocks
2026-09-11 02:42:13,503 Load disk config: storage_dir=/opt/seafile/seafile-data/storage/fs
2026-09-11 02:42:13,503 Load disk config: storage_dir=/opt/seafile/seafile-data/storage/commits
[2026-09-11 02:42:16.041132] Start sending file updates emails...
[2026-09-11 02:42:16.049064] Finish sending file updates emails.

2026-09-11 02:47:17,260 Load disk config: storage_dir=/opt/seafile/seafile-data/storage/blocks
2026-09-11 02:47:17,260 Load disk config: storage_dir=/opt/seafile/seafile-data/storage/fs
2026-09-11 02:47:17,260 Load disk config: storage_dir=/opt/seafile/seafile-data/storage/commits
[2026-09-11 02:47:19.885682] Start sending file updates emails...
[2026-09-11 02:47:19.893946] Finish sending file updates emails.

2026-09-11 02:52:21,082 Load disk config: storage_dir=/opt/seafile/seafile-data/storage/blocks
2026-09-11 02:52:21,082 Load disk config: storage_dir=/opt/seafile/seafile-data/storage/fs
2026-09-11 02:52:21,083 Load disk config: storage_dir=/opt/seafile/seafile-data/storage/commits
[2026-09-11 02:52:23.633571] Start sending file updates emails...
[2026-09-11 02:52:23.641261] Finish sending file updates emails.

2026-09-11 02:54:55,318 starts to send email
2026-09-11 02:54:56,031 Load disk config: storage_dir=/opt/seafile/seafile-data/storage/blocks
2026-09-11 02:54:56,031 Load disk config: storage_dir=/opt/seafile/seafile-data/storage/fs
2026-09-11 02:54:56,031 Load disk config: storage_dir=/opt/seafile/seafile-data/storage/commits
2026-09-11 02:57:24,816 Load disk config: storage_dir=/opt/seafile/seafile-data/storage/blocks
2026-09-11 02:57:24,816 Load disk config: storage_dir=/opt/seafile/seafile-data/storage/fs
2026-09-11 02:57:24,816 Load disk config: storage_dir=/opt/seafile/seafile-data/storage/commits
[2026-09-11 02:57:27.343928] Start sending file updates emails...
[2026-09-11 02:57:27.352219] Finish sending file updates emails.

2026-09-11 03:02:28,533 Load disk config: storage_dir=/opt/seafile/seafile-data/storage/blocks
2026-09-11 03:02:28,533 Load disk config: storage_dir=/opt/seafile/seafile-data/storage/fs
2026-09-11 03:02:28,533 Load disk config: storage_dir=/opt/seafile/seafile-data/storage/commits
[2026-09-11 03:02:31.050612] Start sending file updates emails...
[2026-09-11 03:02:31.058934] Finish sending file updates emails.

2026-09-11 03:07:32,233 Load disk config: storage_dir=/opt/seafile/seafile-data/storage/blocks
2026-09-11 03:07:32,233 Load disk config: storage_dir=/opt/seafile/seafile-data/storage/fs
2026-09-11 03:07:32,233 Load disk config: storage_dir=/opt/seafile/seafile-data/storage/commits
[2026-09-11 03:07:34.792034] Start sending file updates emails...
[2026-09-11 03:07:34.800426] Finish sending file updates emails.

2026-09-11 03:12:36,025 Load disk config: storage_dir=/opt/seafile/seafile-data/storage/blocks
2026-09-11 03:12:36,026 Load disk config: storage_dir=/opt/seafile/seafile-data/storage/fs
2026-09-11 03:12:36,026 Load disk config: storage_dir=/opt/seafile/seafile-data/storage/commits
[2026-09-11 03:12:38.526574] Start sending file updates emails...
[2026-09-11 03:12:38.535165] Finish sending file updates emails.

2026-09-11 03:17:39,720 Load disk config: storage_dir=/opt/seafile/seafile-data/storage/blocks
2026-09-11 03:17:39,720 Load disk config: storage_dir=/opt/seafile/seafile-data/storage/fs
2026-09-11 03:17:39,720 Load disk config: storage_dir=/opt/seafile/seafile-data/storage/commits
[2026-09-11 03:17:42.281319] Start sending file updates emails...
[2026-09-11 03:17:42.289386] Finish sending file updates emails.

2026-09-11 03:22:43,472 Load disk config: storage_dir=/opt/seafile/seafile-data/storage/blocks
2026-09-11 03:22:43,473 Load disk config: storage_dir=/opt/seafile/seafile-data/storage/fs
2026-09-11 03:22:43,473 Load disk config: storage_dir=/opt/seafile/seafile-data/storage/commits
[2026-09-11 03:22:45.965939] Start sending file updates emails...
[2026-09-11 03:22:45.973858] Finish sending file updates emails.

2026-09-11 03:24:55,314 Start counting traffic info..
2026-09-11 03:24:55,315 Start counting user activity info..
2026-09-11 03:24:55,315 Traffic counter finished, total time: 0.0008928775787353516 seconds.
2026-09-11 03:24:55,315 [UserActivityCounter] update 0 items.
2026-09-11 03:24:55,319 starts to send email
2026-09-11 03:24:55,995 Start counting file operations..
2026-09-11 03:24:56,010 [FileOpsCounter] Finish counting file operations in 0.01421976089477539 seconds, 0 added, 0 deleted, 0 visited, 0 modified
2026-09-11 03:24:56,040 Load disk config: storage_dir=/opt/seafile/seafile-data/storage/blocks
2026-09-11 03:24:56,040 Load disk config: storage_dir=/opt/seafile/seafile-data/storage/fs
2026-09-11 03:24:56,040 Load disk config: storage_dir=/opt/seafile/seafile-data/storage/commits
2026-09-11 03:24:56,362 Start counting monthly traffic info..
2026-09-11 03:24:56,387 Monthly traffic counter finished, update 1 user items, 1 org items, total time: 0.0248410701751709 seconds.
2026-09-11 03:24:57,166 Start counting total storage..
2026-09-11 03:24:57,218 [TotalStorageCounter] Finish counting total storage in 0.05160951614379883 seconds.
2026-09-11 03:27:47,144 Load disk config: storage_dir=/opt/seafile/seafile-data/storage/blocks
2026-09-11 03:27:47,145 Load disk config: storage_dir=/opt/seafile/seafile-data/storage/fs
2026-09-11 03:27:47,145 Load disk config: storage_dir=/opt/seafile/seafile-data/storage/commits
[2026-09-11 03:27:49.647225] Start sending file updates emails...
[2026-09-11 03:27:49.655322] Finish sending file updates emails.

2026-09-11 03:32:50,840 Load disk config: storage_dir=/opt/seafile/seafile-data/storage/blocks
2026-09-11 03:32:50,840 Load disk config: storage_dir=/opt/seafile/seafile-data/storage/fs
2026-09-11 03:32:50,840 Load disk config: storage_dir=/opt/seafile/seafile-data/storage/commits
[2026-09-11 03:32:53.358770] Start sending file updates emails...
[2026-09-11 03:32:53.367232] Finish sending file updates emails.

2026-09-11 03:37:54,544 Load disk config: storage_dir=/opt/seafile/seafile-data/storage/blocks
2026-09-11 03:37:54,545 Load disk config: storage_dir=/opt/seafile/seafile-data/storage/fs
2026-09-11 03:37:54,545 Load disk config: storage_dir=/opt/seafile/seafile-data/storage/commits
[2026-09-11 03:37:57.043423] Start sending file updates emails...
[2026-09-11 03:37:57.051389] Finish sending file updates emails.

2026-09-11 03:42:58,237 Load disk config: storage_dir=/opt/seafile/seafile-data/storage/blocks
2026-09-11 03:42:58,237 Load disk config: storage_dir=/opt/seafile/seafile-data/storage/fs
2026-09-11 03:42:58,237 Load disk config: storage_dir=/opt/seafile/seafile-data/storage/commits
[2026-09-11 03:43:00.793460] Start sending file updates emails...
[2026-09-11 03:43:00.801722] Finish sending file updates emails.

2026-09-11 03:48:01,991 Load disk config: storage_dir=/opt/seafile/seafile-data/storage/blocks
2026-09-11 03:48:01,991 Load disk config: storage_dir=/opt/seafile/seafile-data/storage/fs
2026-09-11 03:48:01,991 Load disk config: storage_dir=/opt/seafile/seafile-data/storage/commits
[2026-09-11 03:48:04.484529] Start sending file updates emails...
[2026-09-11 03:48:04.492546] Finish sending file updates emails.

2026-09-11 03:53:05,665 Load disk config: storage_dir=/opt/seafile/seafile-data/storage/blocks
2026-09-11 03:53:05,665 Load disk config: storage_dir=/opt/seafile/seafile-data/storage/fs
2026-09-11 03:53:05,665 Load disk config: storage_dir=/opt/seafile/seafile-data/storage/commits
[2026-09-11 03:53:08.148316] Start sending file updates emails...
[2026-09-11 03:53:08.156211] Finish sending file updates emails.

2026-09-11 03:54:55,319 starts to send email
2026-09-11 03:54:56,034 Load disk config: storage_dir=/opt/seafile/seafile-data/storage/blocks
2026-09-11 03:54:56,034 Load disk config: storage_dir=/opt/seafile/seafile-data/storage/fs
2026-09-11 03:54:56,035 Load disk config: storage_dir=/opt/seafile/seafile-data/storage/commits
2026-09-11 03:58:09,320 Load disk config: storage_dir=/opt/seafile/seafile-data/storage/blocks
2026-09-11 03:58:09,320 Load disk config: storage_dir=/opt/seafile/seafile-data/storage/fs
2026-09-11 03:58:09,320 Load disk config: storage_dir=/opt/seafile/seafile-data/storage/commits
[2026-09-11 03:58:11.835804] Start sending file updates emails...
[2026-09-11 03:58:11.843575] Finish sending file updates emails.

2026-09-11 04:03:13,133 Load disk config: storage_dir=/opt/seafile/seafile-data/storage/blocks
2026-09-11 04:03:13,134 Load disk config: storage_dir=/opt/seafile/seafile-data/storage/fs
2026-09-11 04:03:13,134 Load disk config: storage_dir=/opt/seafile/seafile-data/storage/commits
[2026-09-11 04:03:15.707096] Start sending file updates emails...
[2026-09-11 04:03:15.714977] Finish sending file updates emails.

2026-09-11 04:08:16,906 Load disk config: storage_dir=/opt/seafile/seafile-data/storage/blocks
2026-09-11 04:08:16,907 Load disk config: storage_dir=/opt/seafile/seafile-data/storage/fs
2026-09-11 04:08:16,907 Load disk config: storage_dir=/opt/seafile/seafile-data/storage/commits
[2026-09-11 04:08:19.419173] Start sending file updates emails...
[2026-09-11 04:08:19.426904] Finish sending file updates emails.

2026-09-11 04:13:20,594 Load disk config: storage_dir=/opt/seafile/seafile-data/storage/blocks
2026-09-11 04:13:20,594 Load disk config: storage_dir=/opt/seafile/seafile-data/storage/fs
2026-09-11 04:13:20,594 Load disk config: storage_dir=/opt/seafile/seafile-data/storage/commits
[2026-09-11 04:13:23.072928] Start sending file updates emails...
[2026-09-11 04:13:23.080488] Finish sending file updates emails.

2026-09-11 04:18:24,246 Load disk config: storage_dir=/opt/seafile/seafile-data/storage/blocks
2026-09-11 04:18:24,246 Load disk config: storage_dir=/opt/seafile/seafile-data/storage/fs
2026-09-11 04:18:24,246 Load disk config: storage_dir=/opt/seafile/seafile-data/storage/commits
[2026-09-11 04:18:26.750698] Start sending file updates emails...
[2026-09-11 04:18:26.758979] Finish sending file updates emails.

2026-09-11 04:23:27,943 Load disk config: storage_dir=/opt/seafile/seafile-data/storage/blocks
2026-09-11 04:23:27,943 Load disk config: storage_dir=/opt/seafile/seafile-data/storage/fs
2026-09-11 04:23:27,943 Load disk config: storage_dir=/opt/seafile/seafile-data/storage/commits
[2026-09-11 04:23:30.470075] Start sending file updates emails...
[2026-09-11 04:23:30.478190] Finish sending file updates emails.

2026-09-11 04:24:55,316 Start counting traffic info..
2026-09-11 04:24:55,317 Start counting user activity info..
2026-09-11 04:24:55,317 Traffic counter finished, total time: 0.000850677490234375 seconds.
2026-09-11 04:24:55,318 [UserActivityCounter] update 0 items.
2026-09-11 04:24:55,320 starts to send email
2026-09-11 04:24:56,011 Start counting file operations..
2026-09-11 04:24:56,026 [FileOpsCounter] Finish counting file operations in 0.014274358749389648 seconds, 0 added, 0 deleted, 0 visited, 0 modified
2026-09-11 04:24:56,048 Load disk config: storage_dir=/opt/seafile/seafile-data/storage/blocks
2026-09-11 04:24:56,048 Load disk config: storage_dir=/opt/seafile/seafile-data/storage/fs
2026-09-11 04:24:56,048 Load disk config: storage_dir=/opt/seafile/seafile-data/storage/commits
2026-09-11 04:24:56,388 Start counting monthly traffic info..
2026-09-11 04:24:56,412 Monthly traffic counter finished, update 1 user items, 1 org items, total time: 0.023532629013061523 seconds.
2026-09-11 04:24:57,220 Start counting total storage..
2026-09-11 04:24:57,267 [TotalStorageCounter] Finish counting total storage in 0.04672431945800781 seconds.
2026-09-11 04:28:31,668 Load disk config: storage_dir=/opt/seafile/seafile-data/storage/blocks
2026-09-11 04:28:31,668 Load disk config: storage_dir=/opt/seafile/seafile-data/storage/fs
2026-09-11 04:28:31,668 Load disk config: storage_dir=/opt/seafile/seafile-data/storage/commits
[2026-09-11 04:28:34.211095] Start sending file updates emails...
[2026-09-11 04:28:34.219188] Finish sending file updates emails.

2026-09-11 04:33:35,404 Load disk config: storage_dir=/opt/seafile/seafile-data/storage/blocks
2026-09-11 04:33:35,404 Load disk config: storage_dir=/opt/seafile/seafile-data/storage/fs
2026-09-11 04:33:35,404 Load disk config: storage_dir=/opt/seafile/seafile-data/storage/commits
[2026-09-11 04:33:37.891420] Start sending file updates emails...
[2026-09-11 04:33:37.899814] Finish sending file updates emails.

2026-09-11 04:38:39,102 Load disk config: storage_dir=/opt/seafile/seafile-data/storage/blocks
2026-09-11 04:38:39,102 Load disk config: storage_dir=/opt/seafile/seafile-data/storage/fs
2026-09-11 04:38:39,102 Load disk config: storage_dir=/opt/seafile/seafile-data/storage/commits
[2026-09-11 04:38:41.605203] Start sending file updates emails...
[2026-09-11 04:38:41.613330] Finish sending file updates emails.

2026-09-11 04:43:42,804 Load disk config: storage_dir=/opt/seafile/seafile-data/storage/blocks
2026-09-11 04:43:42,804 Load disk config: storage_dir=/opt/seafile/seafile-data/storage/fs
2026-09-11 04:43:42,804 Load disk config: storage_dir=/opt/seafile/seafile-data/storage/commits
[2026-09-11 04:43:45.373515] Start sending file updates emails...
[2026-09-11 04:43:45.382130] Finish sending file updates emails.

2026-09-11 04:48:46,586 Load disk config: storage_dir=/opt/seafile/seafile-data/storage/blocks
2026-09-11 04:48:46,586 Load disk config: storage_dir=/opt/seafile/seafile-data/storage/fs
2026-09-11 04:48:46,586 Load disk config: storage_dir=/opt/seafile/seafile-data/storage/commits
[2026-09-11 04:48:49.131307] Start sending file updates emails...
[2026-09-11 04:48:49.139286] Finish sending file updates emails.

2026-09-11 04:53:50,331 Load disk config: storage_dir=/opt/seafile/seafile-data/storage/blocks
2026-09-11 04:53:50,331 Load disk config: storage_dir=/opt/seafile/seafile-data/storage/fs
2026-09-11 04:53:50,331 Load disk config: storage_dir=/opt/seafile/seafile-data/storage/commits
[2026-09-11 04:53:52.897113] Start sending file updates emails...
[2026-09-11 04:53:52.905161] Finish sending file updates emails.

2026-09-11 04:54:55,321 starts to send email
2026-09-11 04:54:56,027 Load disk config: storage_dir=/opt/seafile/seafile-data/storage/blocks
2026-09-11 04:54:56,028 Load disk config: storage_dir=/opt/seafile/seafile-data/storage/fs
2026-09-11 04:54:56,028 Load disk config: storage_dir=/opt/seafile/seafile-data/storage/commits
2026-09-11 04:58:54,097 Load disk config: storage_dir=/opt/seafile/seafile-data/storage/blocks
2026-09-11 04:58:54,097 Load disk config: storage_dir=/opt/seafile/seafile-data/storage/fs
2026-09-11 04:58:54,098 Load disk config: storage_dir=/opt/seafile/seafile-data/storage/commits
[2026-09-11 04:58:56.591880] Start sending file updates emails...
[2026-09-11 04:58:56.599618] Finish sending file updates emails.

2026-09-11 05:03:57,777 Load disk config: storage_dir=/opt/seafile/seafile-data/storage/blocks
2026-09-11 05:03:57,778 Load disk config: storage_dir=/opt/seafile/seafile-data/storage/fs
2026-09-11 05:03:57,778 Load disk config: storage_dir=/opt/seafile/seafile-data/storage/commits
[2026-09-11 05:04:00.287116] Start sending file updates emails...
[2026-09-11 05:04:00.294985] Finish sending file updates emails.

2026-09-11 05:09:01,464 Load disk config: storage_dir=/opt/seafile/seafile-data/storage/blocks
2026-09-11 05:09:01,464 Load disk config: storage_dir=/opt/seafile/seafile-data/storage/fs
2026-09-11 05:09:01,465 Load disk config: storage_dir=/opt/seafile/seafile-data/storage/commits
[2026-09-11 05:09:03.964982] Start sending file updates emails...
[2026-09-11 05:09:03.972893] Finish sending file updates emails.

2026-09-11 05:14:05,163 Load disk config: storage_dir=/opt/seafile/seafile-data/storage/blocks
2026-09-11 05:14:05,163 Load disk config: storage_dir=/opt/seafile/seafile-data/storage/fs
2026-09-11 05:14:05,163 Load disk config: storage_dir=/opt/seafile/seafile-data/storage/commits
[2026-09-11 05:14:07.726998] Start sending file updates emails...
[2026-09-11 05:14:07.735072] Finish sending file updates emails.

2026-09-11 05:19:08,929 Load disk config: storage_dir=/opt/seafile/seafile-data/storage/blocks
2026-09-11 05:19:08,930 Load disk config: storage_dir=/opt/seafile/seafile-data/storage/fs
2026-09-11 05:19:08,930 Load disk config: storage_dir=/opt/seafile/seafile-data/storage/commits
[2026-09-11 05:19:11.427144] Start sending file updates emails...
[2026-09-11 05:19:11.435082] Finish sending file updates emails.

2026-09-11 05:24:12,623 Load disk config: storage_dir=/opt/seafile/seafile-data/storage/blocks
2026-09-11 05:24:12,623 Load disk config: storage_dir=/opt/seafile/seafile-data/storage/fs
2026-09-11 05:24:12,623 Load disk config: storage_dir=/opt/seafile/seafile-data/storage/commits
[2026-09-11 05:24:15.204883] Start sending file updates emails...
[2026-09-11 05:24:15.217539] Finish sending file updates emails.

2026-09-11 05:24:55,319 Start counting traffic info..
2026-09-11 05:24:55,320 Start counting user activity info..
2026-09-11 05:24:55,321 Traffic counter finished, total time: 0.0017552375793457031 seconds.
2026-09-11 05:24:55,321 [UserActivityCounter] update 0 items.
2026-09-11 05:24:55,322 starts to send email
2026-09-11 05:24:56,028 Start counting file operations..
2026-09-11 05:24:56,043 [FileOpsCounter] Finish counting file operations in 0.014699459075927734 seconds, 0 added, 0 deleted, 0 visited, 0 modified
2026-09-11 05:24:56,131 Load disk config: storage_dir=/opt/seafile/seafile-data/storage/blocks
2026-09-11 05:24:56,132 Load disk config: storage_dir=/opt/seafile/seafile-data/storage/fs
2026-09-11 05:24:56,132 Load disk config: storage_dir=/opt/seafile/seafile-data/storage/commits
2026-09-11 05:24:56,413 Start counting monthly traffic info..
2026-09-11 05:24:56,440 Monthly traffic counter finished, update 1 user items, 1 org items, total time: 0.026633024215698242 seconds.
2026-09-11 05:24:57,269 Start counting total storage..
2026-09-11 05:24:57,316 [TotalStorageCounter] Finish counting total storage in 0.04624199867248535 seconds.
2026-09-11 05:29:16,415 Load disk config: storage_dir=/opt/seafile/seafile-data/storage/blocks
2026-09-11 05:29:16,416 Load disk config: storage_dir=/opt/seafile/seafile-data/storage/fs
2026-09-11 05:29:16,416 Load disk config: storage_dir=/opt/seafile/seafile-data/storage/commits
[2026-09-11 05:29:18.964309] Start sending file updates emails...
[2026-09-11 05:29:18.972713] Finish sending file updates emails.

2026-09-11 05:34:20,143 Load disk config: storage_dir=/opt/seafile/seafile-data/storage/blocks
2026-09-11 05:34:20,143 Load disk config: storage_dir=/opt/seafile/seafile-data/storage/fs
2026-09-11 05:34:20,143 Load disk config: storage_dir=/opt/seafile/seafile-data/storage/commits
[2026-09-11 05:34:22.653806] Start sending file updates emails...
[2026-09-11 05:34:22.661901] Finish sending file updates emails.

2026-09-11 05:39:23,846 Load disk config: storage_dir=/opt/seafile/seafile-data/storage/blocks
2026-09-11 05:39:23,846 Load disk config: storage_dir=/opt/seafile/seafile-data/storage/fs
2026-09-11 05:39:23,846 Load disk config: storage_dir=/opt/seafile/seafile-data/storage/commits
[2026-09-11 05:39:26.333247] Start sending file updates emails...
[2026-09-11 05:39:26.340946] Finish sending file updates emails.

2026-09-11 05:44:27,525 Load disk config: storage_dir=/opt/seafile/seafile-data/storage/blocks
2026-09-11 05:44:27,526 Load disk config: storage_dir=/opt/seafile/seafile-data/storage/fs
2026-09-11 05:44:27,526 Load disk config: storage_dir=/opt/seafile/seafile-data/storage/commits
[2026-09-11 05:44:30.040499] Start sending file updates emails...
[2026-09-11 05:44:30.048267] Finish sending file updates emails.

2026-09-11 05:49:31,227 Load disk config: storage_dir=/opt/seafile/seafile-data/storage/blocks
2026-09-11 05:49:31,227 Load disk config: storage_dir=/opt/seafile/seafile-data/storage/fs
2026-09-11 05:49:31,227 Load disk config: storage_dir=/opt/seafile/seafile-data/storage/commits
[2026-09-11 05:49:33.785235] Start sending file updates emails...
[2026-09-11 05:49:33.798057] Finish sending file updates emails.

2026-09-11 05:54:35,020 Load disk config: storage_dir=/opt/seafile/seafile-data/storage/blocks
2026-09-11 05:54:35,020 Load disk config: storage_dir=/opt/seafile/seafile-data/storage/fs
2026-09-11 05:54:35,020 Load disk config: storage_dir=/opt/seafile/seafile-data/storage/commits
[2026-09-11 05:54:37.510468] Start sending file updates emails...
[2026-09-11 05:54:37.518429] Finish sending file updates emails.

2026-09-11 05:54:55,323 starts to send email
2026-09-11 05:54:56,035 Load disk config: storage_dir=/opt/seafile/seafile-data/storage/blocks
2026-09-11 05:54:56,035 Load disk config: storage_dir=/opt/seafile/seafile-data/storage/fs
2026-09-11 05:54:56,035 Load disk config: storage_dir=/opt/seafile/seafile-data/storage/commits
2026-09-11 05:59:38,687 Load disk config: storage_dir=/opt/seafile/seafile-data/storage/blocks
2026-09-11 05:59:38,687 Load disk config: storage_dir=/opt/seafile/seafile-data/storage/fs
2026-09-11 05:59:38,687 Load disk config: storage_dir=/opt/seafile/seafile-data/storage/commits
[2026-09-11 05:59:41.201059] Start sending file updates emails...
[2026-09-11 05:59:41.208902] Finish sending file updates emails.

2026-09-11 06:04:42,396 Load disk config: storage_dir=/opt/seafile/seafile-data/storage/blocks
2026-09-11 06:04:42,396 Load disk config: storage_dir=/opt/seafile/seafile-data/storage/fs
2026-09-11 06:04:42,396 Load disk config: storage_dir=/opt/seafile/seafile-data/storage/commits
[2026-09-11 06:04:44.874859] Start sending file updates emails...
[2026-09-11 06:04:44.882850] Finish sending file updates emails.

2026-09-11 06:09:46,052 Load disk config: storage_dir=/opt/seafile/seafile-data/storage/blocks
2026-09-11 06:09:46,052 Load disk config: storage_dir=/opt/seafile/seafile-data/storage/fs
2026-09-11 06:09:46,052 Load disk config: storage_dir=/opt/seafile/seafile-data/storage/commits
[2026-09-11 06:09:48.627454] Start sending file updates emails...
[2026-09-11 06:09:48.635155] Finish sending file updates emails.

2026-09-11 06:14:49,809 Load disk config: storage_dir=/opt/seafile/seafile-data/storage/blocks
2026-09-11 06:14:49,809 Load disk config: storage_dir=/opt/seafile/seafile-data/storage/fs
2026-09-11 06:14:49,809 Load disk config: storage_dir=/opt/seafile/seafile-data/storage/commits
[2026-09-11 06:14:52.292648] Start sending file updates emails...
[2026-09-11 06:14:52.300563] Finish sending file updates emails.

2026-09-11 06:19:53,482 Load disk config: storage_dir=/opt/seafile/seafile-data/storage/blocks
2026-09-11 06:19:53,483 Load disk config: storage_dir=/opt/seafile/seafile-data/storage/fs
2026-09-11 06:19:53,483 Load disk config: storage_dir=/opt/seafile/seafile-data/storage/commits
[2026-09-11 06:19:55.993462] Start sending file updates emails...
[2026-09-11 06:19:56.002064] Finish sending file updates emails.

2026-09-11 06:24:55,323 Start counting traffic info..
2026-09-11 06:24:55,323 Start counting user activity info..
2026-09-11 06:24:55,324 Traffic counter finished, total time: 0.0008585453033447266 seconds.
2026-09-11 06:24:55,324 starts to send email
2026-09-11 06:24:55,324 [UserActivityCounter] update 0 items.
2026-09-11 06:24:56,039 Load disk config: storage_dir=/opt/seafile/seafile-data/storage/blocks
2026-09-11 06:24:56,039 Load disk config: storage_dir=/opt/seafile/seafile-data/storage/fs
2026-09-11 06:24:56,039 Load disk config: storage_dir=/opt/seafile/seafile-data/storage/commits
2026-09-11 06:24:56,045 Start counting file operations..
2026-09-11 06:24:56,061 [FileOpsCounter] Finish counting file operations in 0.01567530632019043 seconds, 0 added, 0 deleted, 0 visited, 0 modified
2026-09-11 06:24:56,441 Start counting monthly traffic info..
2026-09-11 06:24:56,467 Monthly traffic counter finished, update 1 user items, 1 org items, total time: 0.026121139526367188 seconds.
2026-09-11 06:24:57,319 Start counting total storage..
2026-09-11 06:24:57,378 [TotalStorageCounter] Finish counting total storage in 0.05794191360473633 seconds.
2026-09-11 06:24:57,577 Load disk config: storage_dir=/opt/seafile/seafile-data/storage/blocks
2026-09-11 06:24:57,577 Load disk config: storage_dir=/opt/seafile/seafile-data/storage/fs
2026-09-11 06:24:57,577 Load disk config: storage_dir=/opt/seafile/seafile-data/storage/commits
[2026-09-11 06:25:01.075912] Start sending file updates emails...
[2026-09-11 06:25:01.083993] Finish sending file updates emails.

2026-09-11 06:30:02,287 Load disk config: storage_dir=/opt/seafile/seafile-data/storage/blocks
2026-09-11 06:30:02,287 Load disk config: storage_dir=/opt/seafile/seafile-data/storage/fs
2026-09-11 06:30:02,287 Load disk config: storage_dir=/opt/seafile/seafile-data/storage/commits
[2026-09-11 06:30:04.789780] Start sending file updates emails...
[2026-09-11 06:30:04.797588] Finish sending file updates emails.

2026-09-11 06:35:05,970 Load disk config: storage_dir=/opt/seafile/seafile-data/storage/blocks
2026-09-11 06:35:05,970 Load disk config: storage_dir=/opt/seafile/seafile-data/storage/fs
2026-09-11 06:35:05,970 Load disk config: storage_dir=/opt/seafile/seafile-data/storage/commits
[2026-09-11 06:35:08.485778] Start sending file updates emails...
[2026-09-11 06:35:08.493887] Finish sending file updates emails.

2026-09-11 06:40:09,697 Load disk config: storage_dir=/opt/seafile/seafile-data/storage/blocks
2026-09-11 06:40:09,697 Load disk config: storage_dir=/opt/seafile/seafile-data/storage/fs
2026-09-11 06:40:09,697 Load disk config: storage_dir=/opt/seafile/seafile-data/storage/commits
[2026-09-11 06:40:12.300118] Start sending file updates emails...
[2026-09-11 06:40:12.307872] Finish sending file updates emails.

2026-09-11 06:45:13,487 Load disk config: storage_dir=/opt/seafile/seafile-data/storage/blocks
2026-09-11 06:45:13,488 Load disk config: storage_dir=/opt/seafile/seafile-data/storage/fs
2026-09-11 06:45:13,488 Load disk config: storage_dir=/opt/seafile/seafile-data/storage/commits
[2026-09-11 06:45:15.993896] Start sending file updates emails...
[2026-09-11 06:45:16.001911] Finish sending file updates emails.

2026-09-11 06:50:17,209 Load disk config: storage_dir=/opt/seafile/seafile-data/storage/blocks
2026-09-11 06:50:17,209 Load disk config: storage_dir=/opt/seafile/seafile-data/storage/fs
2026-09-11 06:50:17,209 Load disk config: storage_dir=/opt/seafile/seafile-data/storage/commits
[2026-09-11 06:50:19.756235] Start sending file updates emails...
[2026-09-11 06:50:19.764454] Finish sending file updates emails.

2026-09-11 06:54:55,325 starts to send email
2026-09-11 06:54:56,034 Load disk config: storage_dir=/opt/seafile/seafile-data/storage/blocks
2026-09-11 06:54:56,034 Load disk config: storage_dir=/opt/seafile/seafile-data/storage/fs
2026-09-11 06:54:56,034 Load disk config: storage_dir=/opt/seafile/seafile-data/storage/commits
2026-09-11 06:55:20,966 Load disk config: storage_dir=/opt/seafile/seafile-data/storage/blocks
2026-09-11 06:55:20,966 Load disk config: storage_dir=/opt/seafile/seafile-data/storage/fs
2026-09-11 06:55:20,966 Load disk config: storage_dir=/opt/seafile/seafile-data/storage/commits
[2026-09-11 06:55:23.458294] Start sending file updates emails...
[2026-09-11 06:55:23.466231] Finish sending file updates emails.

2026-09-11 07:00:24,806 Load disk config: storage_dir=/opt/seafile/seafile-data/storage/blocks
2026-09-11 07:00:24,806 Load disk config: storage_dir=/opt/seafile/seafile-data/storage/fs
2026-09-11 07:00:24,806 Load disk config: storage_dir=/opt/seafile/seafile-data/storage/commits
[2026-09-11 07:00:27.295551] Start sending file updates emails...
[2026-09-11 07:00:27.303553] Finish sending file updates emails.

2026-09-11 07:05:28,522 Load disk config: storage_dir=/opt/seafile/seafile-data/storage/blocks
2026-09-11 07:05:28,522 Load disk config: storage_dir=/opt/seafile/seafile-data/storage/fs
2026-09-11 07:05:28,522 Load disk config: storage_dir=/opt/seafile/seafile-data/storage/commits
[2026-09-11 07:05:31.067020] Start sending file updates emails...
[2026-09-11 07:05:31.075324] Finish sending file updates emails.

2026-09-11 07:10:32,277 Load disk config: storage_dir=/opt/seafile/seafile-data/storage/blocks
2026-09-11 07:10:32,277 Load disk config: storage_dir=/opt/seafile/seafile-data/storage/fs
2026-09-11 07:10:32,277 Load disk config: storage_dir=/opt/seafile/seafile-data/storage/commits
[2026-09-11 07:10:34.930892] Start sending file updates emails...
[2026-09-11 07:10:34.938535] Finish sending file updates emails.

2026-09-11 07:15:36,137 Load disk config: storage_dir=/opt/seafile/seafile-data/storage/blocks
2026-09-11 07:15:36,137 Load disk config: storage_dir=/opt/seafile/seafile-data/storage/fs
2026-09-11 07:15:36,138 Load disk config: storage_dir=/opt/seafile/seafile-data/storage/commits
[2026-09-11 07:15:38.698189] Start sending file updates emails...
[2026-09-11 07:15:38.706047] Finish sending file updates emails.

2026-09-11 07:20:39,884 Load disk config: storage_dir=/opt/seafile/seafile-data/storage/blocks
2026-09-11 07:20:39,885 Load disk config: storage_dir=/opt/seafile/seafile-data/storage/fs
2026-09-11 07:20:39,885 Load disk config: storage_dir=/opt/seafile/seafile-data/storage/commits
[2026-09-11 07:20:42.448084] Start sending file updates emails...
[2026-09-11 07:20:42.456386] Finish sending file updates emails.

2026-09-11 07:24:55,325 Start counting traffic info..
2026-09-11 07:24:55,326 Start counting user activity info..
2026-09-11 07:24:55,326 Traffic counter finished, total time: 0.0007982254028320312 seconds.
2026-09-11 07:24:55,326 starts to send email
2026-09-11 07:24:55,327 [UserActivityCounter] update 0 items.
2026-09-11 07:24:56,040 Load disk config: storage_dir=/opt/seafile/seafile-data/storage/blocks
2026-09-11 07:24:56,041 Load disk config: storage_dir=/opt/seafile/seafile-data/storage/fs
2026-09-11 07:24:56,041 Load disk config: storage_dir=/opt/seafile/seafile-data/storage/commits
2026-09-11 07:24:56,063 Start counting file operations..
2026-09-11 07:24:56,081 [FileOpsCounter] Finish counting file operations in 0.01759648323059082 seconds, 0 added, 0 deleted, 0 visited, 0 modified
2026-09-11 07:24:56,469 Start counting monthly traffic info..
2026-09-11 07:24:56,496 Monthly traffic counter finished, update 1 user items, 1 org items, total time: 0.027453184127807617 seconds.
2026-09-11 07:24:57,380 Start counting total storage..
2026-09-11 07:24:57,429 [TotalStorageCounter] Finish counting total storage in 0.04844546318054199 seconds.
2026-09-11 07:25:43,637 Load disk config: storage_dir=/opt/seafile/seafile-data/storage/blocks
2026-09-11 07:25:43,637 Load disk config: storage_dir=/opt/seafile/seafile-data/storage/fs
2026-09-11 07:25:43,637 Load disk config: storage_dir=/opt/seafile/seafile-data/storage/commits
[2026-09-11 07:25:46.238710] Start sending file updates emails...
[2026-09-11 07:25:46.246752] Finish sending file updates emails.

2026-09-11 07:30:47,435 Load disk config: storage_dir=/opt/seafile/seafile-data/storage/blocks
2026-09-11 07:30:47,435 Load disk config: storage_dir=/opt/seafile/seafile-data/storage/fs
2026-09-11 07:30:47,436 Load disk config: storage_dir=/opt/seafile/seafile-data/storage/commits
[2026-09-11 07:30:50.165784] Start sending file updates emails...
[2026-09-11 07:30:50.173490] Finish sending file updates emails.

2026-09-11 07:35:51,454 Load disk config: storage_dir=/opt/seafile/seafile-data/storage/blocks
2026-09-11 07:35:51,454 Load disk config: storage_dir=/opt/seafile/seafile-data/storage/fs
2026-09-11 07:35:51,454 Load disk config: storage_dir=/opt/seafile/seafile-data/storage/commits
[2026-09-11 07:35:53.980979] Start sending file updates emails...
[2026-09-11 07:35:53.988687] Finish sending file updates emails.

2026-09-11 07:40:55,176 Load disk config: storage_dir=/opt/seafile/seafile-data/storage/blocks
2026-09-11 07:40:55,176 Load disk config: storage_dir=/opt/seafile/seafile-data/storage/fs
2026-09-11 07:40:55,176 Load disk config: storage_dir=/opt/seafile/seafile-data/storage/commits
[2026-09-11 07:40:57.717976] Start sending file updates emails...
[2026-09-11 07:40:57.726086] Finish sending file updates emails.

2026-09-11 07:45:58,927 Load disk config: storage_dir=/opt/seafile/seafile-data/storage/blocks
2026-09-11 07:45:58,928 Load disk config: storage_dir=/opt/seafile/seafile-data/storage/fs
2026-09-11 07:45:58,928 Load disk config: storage_dir=/opt/seafile/seafile-data/storage/commits
[2026-09-11 07:46:01.454519] Start sending file updates emails...
[2026-09-11 07:46:01.462681] Finish sending file updates emails.

2026-09-11 07:51:02,633 Load disk config: storage_dir=/opt/seafile/seafile-data/storage/blocks
2026-09-11 07:51:02,634 Load disk config: storage_dir=/opt/seafile/seafile-data/storage/fs
2026-09-11 07:51:02,634 Load disk config: storage_dir=/opt/seafile/seafile-data/storage/commits
[2026-09-11 07:51:05.132806] Start sending file updates emails...
[2026-09-11 07:51:05.140563] Finish sending file updates emails.

2026-09-11 07:54:55,328 starts to send email
2026-09-11 07:54:56,106 Load disk config: storage_dir=/opt/seafile/seafile-data/storage/blocks
2026-09-11 07:54:56,107 Load disk config: storage_dir=/opt/seafile/seafile-data/storage/fs
2026-09-11 07:54:56,107 Load disk config: storage_dir=/opt/seafile/seafile-data/storage/commits
2026-09-11 07:56:06,318 Load disk config: storage_dir=/opt/seafile/seafile-data/storage/blocks
2026-09-11 07:56:06,318 Load disk config: storage_dir=/opt/seafile/seafile-data/storage/fs
2026-09-11 07:56:06,318 Load disk config: storage_dir=/opt/seafile/seafile-data/storage/commits
[2026-09-11 07:56:08.818825] Start sending file updates emails...
[2026-09-11 07:56:08.830801] Finish sending file updates emails.

2026-09-11 08:01:10,004 Load disk config: storage_dir=/opt/seafile/seafile-data/storage/blocks
2026-09-11 08:01:10,005 Load disk config: storage_dir=/opt/seafile/seafile-data/storage/fs
2026-09-11 08:01:10,005 Load disk config: storage_dir=/opt/seafile/seafile-data/storage/commits
[2026-09-11 08:01:12.510183] Start sending file updates emails...
[2026-09-11 08:01:12.517850] Finish sending file updates emails.

2026-09-11 08:06:13,705 Load disk config: storage_dir=/opt/seafile/seafile-data/storage/blocks
2026-09-11 08:06:13,705 Load disk config: storage_dir=/opt/seafile/seafile-data/storage/fs
2026-09-11 08:06:13,705 Load disk config: storage_dir=/opt/seafile/seafile-data/storage/commits
[2026-09-11 08:06:16.189110] Start sending file updates emails...
[2026-09-11 08:06:16.197452] Finish sending file updates emails.

2026-09-11 08:11:17,384 Load disk config: storage_dir=/opt/seafile/seafile-data/storage/blocks
2026-09-11 08:11:17,384 Load disk config: storage_dir=/opt/seafile/seafile-data/storage/fs
2026-09-11 08:11:17,384 Load disk config: storage_dir=/opt/seafile/seafile-data/storage/commits
[2026-09-11 08:11:19.935427] Start sending file updates emails...
[2026-09-11 08:11:19.943149] Finish sending file updates emails.

2026-09-11 08:16:21,156 Load disk config: storage_dir=/opt/seafile/seafile-data/storage/blocks
2026-09-11 08:16:21,157 Load disk config: storage_dir=/opt/seafile/seafile-data/storage/fs
2026-09-11 08:16:21,157 Load disk config: storage_dir=/opt/seafile/seafile-data/storage/commits
[2026-09-11 08:16:23.734903] Start sending file updates emails...
[2026-09-11 08:16:23.742919] Finish sending file updates emails.

2026-09-11 08:21:24,931 Load disk config: storage_dir=/opt/seafile/seafile-data/storage/blocks
2026-09-11 08:21:24,932 Load disk config: storage_dir=/opt/seafile/seafile-data/storage/fs
2026-09-11 08:21:24,932 Load disk config: storage_dir=/opt/seafile/seafile-data/storage/commits
[2026-09-11 08:21:27.455067] Start sending file updates emails...
[2026-09-11 08:21:27.462918] Finish sending file updates emails.

2026-09-11 08:24:55,327 Start counting traffic info..
2026-09-11 08:24:55,328 Start counting user activity info..
2026-09-11 08:24:55,328 Traffic counter finished, total time: 0.0008347034454345703 seconds.
2026-09-11 08:24:55,328 starts to send email
2026-09-11 08:24:55,330 [UserActivityCounter] update 0 items.
2026-09-11 08:24:56,043 Load disk config: storage_dir=/opt/seafile/seafile-data/storage/blocks
2026-09-11 08:24:56,044 Load disk config: storage_dir=/opt/seafile/seafile-data/storage/fs
2026-09-11 08:24:56,044 Load disk config: storage_dir=/opt/seafile/seafile-data/storage/commits
2026-09-11 08:24:56,083 Start counting file operations..
2026-09-11 08:24:56,097 [FileOpsCounter] Finish counting file operations in 0.01389169692993164 seconds, 0 added, 0 deleted, 0 visited, 0 modified
2026-09-11 08:24:56,497 Start counting monthly traffic info..
2026-09-11 08:24:56,535 Monthly traffic counter finished, update 1 user items, 1 org items, total time: 0.03713274002075195 seconds.
2026-09-11 08:24:57,431 Start counting total storage..
2026-09-11 08:24:57,482 [TotalStorageCounter] Finish counting total storage in 0.051331281661987305 seconds.
2026-09-11 08:26:28,742 Load disk config: storage_dir=/opt/seafile/seafile-data/storage/blocks
2026-09-11 08:26:28,743 Load disk config: storage_dir=/opt/seafile/seafile-data/storage/fs
2026-09-11 08:26:28,743 Load disk config: storage_dir=/opt/seafile/seafile-data/storage/commits
[2026-09-11 08:26:31.255024] Start sending file updates emails...
[2026-09-11 08:26:31.263309] Finish sending file updates emails.

2026-09-11 08:31:32,457 Load disk config: storage_dir=/opt/seafile/seafile-data/storage/blocks
2026-09-11 08:31:32,457 Load disk config: storage_dir=/opt/seafile/seafile-data/storage/fs
2026-09-11 08:31:32,458 Load disk config: storage_dir=/opt/seafile/seafile-data/storage/commits
[2026-09-11 08:31:34.979304] Start sending file updates emails...
[2026-09-11 08:31:34.987310] Finish sending file updates emails.

2026-09-11 08:36:36,164 Load disk config: storage_dir=/opt/seafile/seafile-data/storage/blocks
2026-09-11 08:36:36,164 Load disk config: storage_dir=/opt/seafile/seafile-data/storage/fs
2026-09-11 08:36:36,164 Load disk config: storage_dir=/opt/seafile/seafile-data/storage/commits
[2026-09-11 08:36:38.654470] Start sending file updates emails...
[2026-09-11 08:36:38.662320] Finish sending file updates emails.

2026-09-11 08:41:39,848 Load disk config: storage_dir=/opt/seafile/seafile-data/storage/blocks
2026-09-11 08:41:39,848 Load disk config: storage_dir=/opt/seafile/seafile-data/storage/fs
2026-09-11 08:41:39,848 Load disk config: storage_dir=/opt/seafile/seafile-data/storage/commits
[2026-09-11 08:41:42.342878] Start sending file updates emails...
[2026-09-11 08:41:42.350665] Finish sending file updates emails.

2026-09-11 08:46:43,534 Load disk config: storage_dir=/opt/seafile/seafile-data/storage/blocks
2026-09-11 08:46:43,534 Load disk config: storage_dir=/opt/seafile/seafile-data/storage/fs
2026-09-11 08:46:43,534 Load disk config: storage_dir=/opt/seafile/seafile-data/storage/commits
[2026-09-11 08:46:46.036261] Start sending file updates emails...
[2026-09-11 08:46:46.045537] Finish sending file updates emails.

2026-09-11 08:51:47,233 Load disk config: storage_dir=/opt/seafile/seafile-data/storage/blocks
2026-09-11 08:51:47,233 Load disk config: storage_dir=/opt/seafile/seafile-data/storage/fs
2026-09-11 08:51:47,233 Load disk config: storage_dir=/opt/seafile/seafile-data/storage/commits
[2026-09-11 08:51:49.746098] Start sending file updates emails...
[2026-09-11 08:51:49.754036] Finish sending file updates emails.

2026-09-11 08:54:55,331 starts to send email
2026-09-11 08:54:56,045 Load disk config: storage_dir=/opt/seafile/seafile-data/storage/blocks
2026-09-11 08:54:56,045 Load disk config: storage_dir=/opt/seafile/seafile-data/storage/fs
2026-09-11 08:54:56,045 Load disk config: storage_dir=/opt/seafile/seafile-data/storage/commits
2026-09-11 08:56:50,962 Load disk config: storage_dir=/opt/seafile/seafile-data/storage/blocks
2026-09-11 08:56:50,962 Load disk config: storage_dir=/opt/seafile/seafile-data/storage/fs
2026-09-11 08:56:50,962 Load disk config: storage_dir=/opt/seafile/seafile-data/storage/commits
[2026-09-11 08:56:53.537920] Start sending file updates emails...
[2026-09-11 08:56:53.545905] Finish sending file updates emails.

2026-09-11 09:01:54,743 Load disk config: storage_dir=/opt/seafile/seafile-data/storage/blocks
2026-09-11 09:01:54,743 Load disk config: storage_dir=/opt/seafile/seafile-data/storage/fs
2026-09-11 09:01:54,743 Load disk config: storage_dir=/opt/seafile/seafile-data/storage/commits
[2026-09-11 09:01:57.274954] Start sending file updates emails...
[2026-09-11 09:01:57.282933] Finish sending file updates emails.

2026-09-11 09:06:58,477 Load disk config: storage_dir=/opt/seafile/seafile-data/storage/blocks
2026-09-11 09:06:58,477 Load disk config: storage_dir=/opt/seafile/seafile-data/storage/fs
2026-09-11 09:06:58,478 Load disk config: storage_dir=/opt/seafile/seafile-data/storage/commits
[2026-09-11 09:07:01.025422] Start sending file updates emails...
[2026-09-11 09:07:01.033803] Finish sending file updates emails.

2026-09-11 09:12:02,221 Load disk config: storage_dir=/opt/seafile/seafile-data/storage/blocks
2026-09-11 09:12:02,222 Load disk config: storage_dir=/opt/seafile/seafile-data/storage/fs
2026-09-11 09:12:02,222 Load disk config: storage_dir=/opt/seafile/seafile-data/storage/commits
[2026-09-11 09:12:04.734860] Start sending file updates emails...
[2026-09-11 09:12:04.742980] Finish sending file updates emails.

2026-09-11 09:17:05,937 Load disk config: storage_dir=/opt/seafile/seafile-data/storage/blocks
2026-09-11 09:17:05,937 Load disk config: storage_dir=/opt/seafile/seafile-data/storage/fs
2026-09-11 09:17:05,937 Load disk config: storage_dir=/opt/seafile/seafile-data/storage/commits
[2026-09-11 09:17:08.505733] Start sending file updates emails...
[2026-09-11 09:17:08.513505] Finish sending file updates emails.

2026-09-11 09:22:09,696 Load disk config: storage_dir=/opt/seafile/seafile-data/storage/blocks
2026-09-11 09:22:09,696 Load disk config: storage_dir=/opt/seafile/seafile-data/storage/fs
2026-09-11 09:22:09,697 Load disk config: storage_dir=/opt/seafile/seafile-data/storage/commits
[2026-09-11 09:22:12.219883] Start sending file updates emails...
[2026-09-11 09:22:12.228137] Finish sending file updates emails.

2026-09-11 09:24:55,331 Start counting traffic info..
2026-09-11 09:24:55,331 Start counting user activity info..
2026-09-11 09:24:55,332 Traffic counter finished, total time: 0.0009610652923583984 seconds.
2026-09-11 09:24:55,332 starts to send email
2026-09-11 09:24:55,332 [UserActivityCounter] update 0 items.
2026-09-11 09:24:56,046 Load disk config: storage_dir=/opt/seafile/seafile-data/storage/blocks
2026-09-11 09:24:56,046 Load disk config: storage_dir=/opt/seafile/seafile-data/storage/fs
2026-09-11 09:24:56,046 Load disk config: storage_dir=/opt/seafile/seafile-data/storage/commits
2026-09-11 09:24:56,098 Start counting file operations..
2026-09-11 09:24:56,113 [FileOpsCounter] Finish counting file operations in 0.013808488845825195 seconds, 0 added, 0 deleted, 0 visited, 0 modified
2026-09-11 09:24:56,536 Start counting monthly traffic info..
2026-09-11 09:24:56,563 Monthly traffic counter finished, update 1 user items, 1 org items, total time: 0.027198076248168945 seconds.
2026-09-11 09:24:57,485 Start counting total storage..
2026-09-11 09:24:57,513 [TotalStorageCounter] Finish counting total storage in 0.027703046798706055 seconds.
2026-09-11 09:27:13,415 Load disk config: storage_dir=/opt/seafile/seafile-data/storage/blocks
2026-09-11 09:27:13,415 Load disk config: storage_dir=/opt/seafile/seafile-data/storage/fs
2026-09-11 09:27:13,415 Load disk config: storage_dir=/opt/seafile/seafile-data/storage/commits
[2026-09-11 09:27:15.945168] Start sending file updates emails...
[2026-09-11 09:27:15.953169] Finish sending file updates emails.

2026-09-11 09:32:17,132 Load disk config: storage_dir=/opt/seafile/seafile-data/storage/blocks
2026-09-11 09:32:17,133 Load disk config: storage_dir=/opt/seafile/seafile-data/storage/fs
2026-09-11 09:32:17,133 Load disk config: storage_dir=/opt/seafile/seafile-data/storage/commits
[2026-09-11 09:32:19.642674] Start sending file updates emails...
[2026-09-11 09:32:19.650502] Finish sending file updates emails.

2026-09-11 09:37:20,814 Load disk config: storage_dir=/opt/seafile/seafile-data/storage/blocks
2026-09-11 09:37:20,815 Load disk config: storage_dir=/opt/seafile/seafile-data/storage/fs
2026-09-11 09:37:20,815 Load disk config: storage_dir=/opt/seafile/seafile-data/storage/commits
[2026-09-11 09:37:23.355881] Start sending file updates emails...
[2026-09-11 09:37:23.363436] Finish sending file updates emails.

2026-09-11 09:42:24,607 Load disk config: storage_dir=/opt/seafile/seafile-data/storage/blocks
2026-09-11 09:42:24,608 Load disk config: storage_dir=/opt/seafile/seafile-data/storage/fs
2026-09-11 09:42:24,608 Load disk config: storage_dir=/opt/seafile/seafile-data/storage/commits
[2026-09-11 09:42:27.161251] Start sending file updates emails...
[2026-09-11 09:42:27.169461] Finish sending file updates emails.

2026-09-11 09:47:28,364 Load disk config: storage_dir=/opt/seafile/seafile-data/storage/blocks
2026-09-11 09:47:28,365 Load disk config: storage_dir=/opt/seafile/seafile-data/storage/fs
2026-09-11 09:47:28,388 Load disk config: storage_dir=/opt/seafile/seafile-data/storage/commits
[2026-09-11 09:47:30.936264] Start sending file updates emails...
[2026-09-11 09:47:30.944410] Finish sending file updates emails.

2026-09-11 09:52:32,131 Load disk config: storage_dir=/opt/seafile/seafile-data/storage/blocks
2026-09-11 09:52:32,132 Load disk config: storage_dir=/opt/seafile/seafile-data/storage/fs
2026-09-11 09:52:32,132 Load disk config: storage_dir=/opt/seafile/seafile-data/storage/commits
[2026-09-11 09:52:34.643127] Start sending file updates emails...
[2026-09-11 09:52:34.650955] Finish sending file updates emails.

2026-09-11 09:54:55,333 starts to send email
2026-09-11 09:54:56,070 Load disk config: storage_dir=/opt/seafile/seafile-data/storage/blocks
2026-09-11 09:54:56,070 Load disk config: storage_dir=/opt/seafile/seafile-data/storage/fs
2026-09-11 09:54:56,070 Load disk config: storage_dir=/opt/seafile/seafile-data/storage/commits
2026-09-11 09:57:35,858 Load disk config: storage_dir=/opt/seafile/seafile-data/storage/blocks
2026-09-11 09:57:35,858 Load disk config: storage_dir=/opt/seafile/seafile-data/storage/fs
2026-09-11 09:57:35,858 Load disk config: storage_dir=/opt/seafile/seafile-data/storage/commits
[2026-09-11 09:57:38.384080] Start sending file updates emails...
[2026-09-11 09:57:38.392209] Finish sending file updates emails.

2026-09-11 10:02:39,570 Load disk config: storage_dir=/opt/seafile/seafile-data/storage/blocks
2026-09-11 10:02:39,570 Load disk config: storage_dir=/opt/seafile/seafile-data/storage/fs
2026-09-11 10:02:39,570 Load disk config: storage_dir=/opt/seafile/seafile-data/storage/commits
[2026-09-11 10:02:42.073854] Start sending file updates emails...
[2026-09-11 10:02:42.082340] Finish sending file updates emails.

2026-09-11 10:07:43,275 Load disk config: storage_dir=/opt/seafile/seafile-data/storage/blocks
2026-09-11 10:07:43,276 Load disk config: storage_dir=/opt/seafile/seafile-data/storage/fs
2026-09-11 10:07:43,276 Load disk config: storage_dir=/opt/seafile/seafile-data/storage/commits
[2026-09-11 10:07:45.762274] Start sending file updates emails...
[2026-09-11 10:07:45.770448] Finish sending file updates emails.

2026-09-11 10:12:46,987 Load disk config: storage_dir=/opt/seafile/seafile-data/storage/blocks
2026-09-11 10:12:46,987 Load disk config: storage_dir=/opt/seafile/seafile-data/storage/fs
2026-09-11 10:12:46,987 Load disk config: storage_dir=/opt/seafile/seafile-data/storage/commits
[2026-09-11 10:12:49.565220] Start sending file updates emails...
[2026-09-11 10:12:49.573447] Finish sending file updates emails.

2026-09-11 10:17:50,769 Load disk config: storage_dir=/opt/seafile/seafile-data/storage/blocks
2026-09-11 10:17:50,770 Load disk config: storage_dir=/opt/seafile/seafile-data/storage/fs
2026-09-11 10:17:50,770 Load disk config: storage_dir=/opt/seafile/seafile-data/storage/commits
[2026-09-11 10:17:53.282475] Start sending file updates emails...
[2026-09-11 10:17:53.290341] Finish sending file updates emails.

2026-09-11 10:22:54,478 Load disk config: storage_dir=/opt/seafile/seafile-data/storage/blocks
2026-09-11 10:22:54,478 Load disk config: storage_dir=/opt/seafile/seafile-data/storage/fs
2026-09-11 10:22:54,478 Load disk config: storage_dir=/opt/seafile/seafile-data/storage/commits
[2026-09-11 10:22:57.119298] Start sending file updates emails...
[2026-09-11 10:22:57.127357] Finish sending file updates emails.

2026-09-11 10:24:55,333 Start counting traffic info..
2026-09-11 10:24:55,334 Start counting user activity info..
2026-09-11 10:24:55,334 Traffic counter finished, total time: 0.000789642333984375 seconds.
2026-09-11 10:24:55,334 [UserActivityCounter] update 0 items.
2026-09-11 10:24:55,335 starts to send email
2026-09-11 10:24:56,101 Load disk config: storage_dir=/opt/seafile/seafile-data/storage/blocks
2026-09-11 10:24:56,102 Load disk config: storage_dir=/opt/seafile/seafile-data/storage/fs
2026-09-11 10:24:56,102 Load disk config: storage_dir=/opt/seafile/seafile-data/storage/commits
2026-09-11 10:24:56,114 Start counting file operations..
2026-09-11 10:24:56,129 [FileOpsCounter] Finish counting file operations in 0.014209747314453125 seconds, 0 added, 0 deleted, 0 visited, 0 modified
2026-09-11 10:24:56,564 Start counting monthly traffic info..
2026-09-11 10:24:56,590 Monthly traffic counter finished, update 1 user items, 1 org items, total time: 0.025873661041259766 seconds.
2026-09-11 10:24:57,516 Start counting total storage..
2026-09-11 10:24:57,584 [TotalStorageCounter] Finish counting total storage in 0.0683739185333252 seconds.
2026-09-11 10:27:58,327 Load disk config: storage_dir=/opt/seafile/seafile-data/storage/blocks
2026-09-11 10:27:58,327 Load disk config: storage_dir=/opt/seafile/seafile-data/storage/fs
2026-09-11 10:27:58,327 Load disk config: storage_dir=/opt/seafile/seafile-data/storage/commits
[2026-09-11 10:28:00.940121] Start sending file updates emails...
[2026-09-11 10:28:00.948276] Finish sending file updates emails.

2026-09-11 10:33:02,127 Load disk config: storage_dir=/opt/seafile/seafile-data/storage/blocks
2026-09-11 10:33:02,127 Load disk config: storage_dir=/opt/seafile/seafile-data/storage/fs
2026-09-11 10:33:02,128 Load disk config: storage_dir=/opt/seafile/seafile-data/storage/commits
[2026-09-11 10:33:04.649701] Start sending file updates emails...
[2026-09-11 10:33:04.657591] Finish sending file updates emails.

2026-09-11 10:38:05,835 Load disk config: storage_dir=/opt/seafile/seafile-data/storage/blocks
2026-09-11 10:38:05,835 Load disk config: storage_dir=/opt/seafile/seafile-data/storage/fs
2026-09-11 10:38:05,835 Load disk config: storage_dir=/opt/seafile/seafile-data/storage/commits
[2026-09-11 10:38:08.363386] Start sending file updates emails...
[2026-09-11 10:38:08.371048] Finish sending file updates emails.

[2026-09-15 07:52:04] Start Monitor 
[2026-09-15 07:52:04] Start fileserver 
[2026-09-15 07:52:05] Start seafevents.main 
2026-09-15 07:52:06,955 Load disk config: storage_dir=/opt/seafile/seafile-data/storage/blocks
2026-09-15 07:52:06,956 Load disk config: storage_dir=/opt/seafile/seafile-data/storage/fs
2026-09-15 07:52:06,956 Load disk config: storage_dir=/opt/seafile/seafile-data/storage/commits
2026-09-15 07:52:11,533 LDAP is not set, disable ldap sync.
2026-09-15 07:52:11,534 [virus_scan] scan_command option is not found in seafile.conf, disable virus scan.
2026-09-15 07:52:11,534 Subscribe to channels: {'seaf_server.stats', 'seaf_server.event', 'seahub.stats'}
2026-09-15 07:52:11,536 Start counting user activity info..
2026-09-15 07:52:11,537 [UserActivityCounter] update 0 items.
2026-09-15 07:52:11,538 Start counting traffic info..
2026-09-15 07:52:11,542 Traffic counter finished, total time: 0.004107952117919922 seconds.
2026-09-15 07:52:11,546 Start file updates sender, interval = 300 sec
2026-09-15 07:52:11,547 Serving on http://127.0.0.1:8889
2026-09-15 07:52:11,548 Can not start work weixin notice sender: it is not enabled!
2026-09-15 07:52:11,548 Can not start index updater: it is not enabled!
2026-09-15 07:52:11,548 seahub email sender is started, interval = 1800 sec
2026-09-15 07:52:11,549 Can not start ldap syncer: it is not enabled!
2026-09-15 07:52:11,549 Can not start virus scanner: it is not enabled!
2026-09-15 07:52:11,549 Start data statistics..
2026-09-15 07:52:11,549 Can not start content scanner: it is not enabled!
2026-09-15 07:52:11,550 Can not scan repo old files auto del days: it is not enabled!
2026-09-15 07:52:11,551 Start counting total storage..
2026-09-15 07:52:11,553 Start metric collect, interval = 15 sec
2026-09-15 07:52:11,554 Start counting file operations..
2026-09-15 07:52:11,557 Start counting monthly traffic info..
2026-09-15 07:52:11,563 Starting metric handler
2026-09-15 07:52:11,567 Starting handle redis channel
2026-09-15 07:52:11,568 Can not start seasearch file index updater: it is not enabled!
2026-09-15 07:52:11,569 Can not start seasearch wiki index updater: it is not enabled!
2026-09-15 07:52:11,569 Can not start wiki index updater: it is not enabled!
2026-09-15 07:52:11,569 Starting quota usage saver timer, interval = 30 sec
2026-09-15 07:52:11,571 Starting repo change collector
2026-09-15 07:52:11,610 Starting handle redis channel
2026-09-15 07:52:11,610 seahub quota alert email sender is started, interval = 86400 sec
2026-09-15 07:52:11,645 [FileOpsCounter] Finish counting file operations in 0.08415055274963379 seconds, 0 added, 0 deleted, 0 visited, 0 modified
2026-09-15 07:52:11,674 Monthly traffic counter finished, update 1 user items, 1 org items, total time: 0.11725759506225586 seconds.
2026-09-15 07:52:11,694 [TotalStorageCounter] Finish counting total storage in 0.14263534545898438 seconds.
2026-09-15 07:57:12,017 Load disk config: storage_dir=/opt/seafile/seafile-data/storage/blocks
2026-09-15 07:57:12,017 Load disk config: storage_dir=/opt/seafile/seafile-data/storage/fs
2026-09-15 07:57:12,017 Load disk config: storage_dir=/opt/seafile/seafile-data/storage/commits
[2026-09-15 07:57:13.769759] Start sending file updates emails...
[2026-09-15 07:57:13.775746] Finish sending file updates emails.

2026-09-15 08:02:14,647 Load disk config: storage_dir=/opt/seafile/seafile-data/storage/blocks
2026-09-15 08:02:14,647 Load disk config: storage_dir=/opt/seafile/seafile-data/storage/fs
2026-09-15 08:02:14,647 Load disk config: storage_dir=/opt/seafile/seafile-data/storage/commits
[2026-09-15 08:02:16.291852] Start sending file updates emails...
[2026-09-15 08:02:16.297991] Finish sending file updates emails.

2026-09-15 08:07:17,202 Load disk config: storage_dir=/opt/seafile/seafile-data/storage/blocks
2026-09-15 08:07:17,203 Load disk config: storage_dir=/opt/seafile/seafile-data/storage/fs
2026-09-15 08:07:17,203 Load disk config: storage_dir=/opt/seafile/seafile-data/storage/commits
[2026-09-15 08:07:18.851528] Start sending file updates emails...
[2026-09-15 08:07:18.857798] Finish sending file updates emails.

2026-09-15 08:12:19,719 Load disk config: storage_dir=/opt/seafile/seafile-data/storage/blocks
2026-09-15 08:12:19,719 Load disk config: storage_dir=/opt/seafile/seafile-data/storage/fs
2026-09-15 08:12:19,720 Load disk config: storage_dir=/opt/seafile/seafile-data/storage/commits
[2026-09-15 08:12:21.350913] Start sending file updates emails...
[2026-09-15 08:12:21.356757] Finish sending file updates emails.

2026-09-15 08:17:22,497 Load disk config: storage_dir=/opt/seafile/seafile-data/storage/blocks
2026-09-15 08:17:22,497 Load disk config: storage_dir=/opt/seafile/seafile-data/storage/fs
2026-09-15 08:17:22,497 Load disk config: storage_dir=/opt/seafile/seafile-data/storage/commits
[2026-09-15 08:17:24.974394] Start sending file updates emails...
[2026-09-15 08:17:24.982079] Finish sending file updates emails.

2026-09-15 08:22:11,549 starts to send email
2026-09-15 08:22:12,304 Load disk config: storage_dir=/opt/seafile/seafile-data/storage/blocks
2026-09-15 08:22:12,305 Load disk config: storage_dir=/opt/seafile/seafile-data/storage/fs
2026-09-15 08:22:12,305 Load disk config: storage_dir=/opt/seafile/seafile-data/storage/commits
2026-09-15 08:22:26,254 Load disk config: storage_dir=/opt/seafile/seafile-data/storage/blocks
2026-09-15 08:22:26,254 Load disk config: storage_dir=/opt/seafile/seafile-data/storage/fs
2026-09-15 08:22:26,254 Load disk config: storage_dir=/opt/seafile/seafile-data/storage/commits
[2026-09-15 08:22:28.733300] Start sending file updates emails...
[2026-09-15 08:22:28.740919] Finish sending file updates emails.

2026-09-15 08:27:30,021 Load disk config: storage_dir=/opt/seafile/seafile-data/storage/blocks
2026-09-15 08:27:30,021 Load disk config: storage_dir=/opt/seafile/seafile-data/storage/fs
2026-09-15 08:27:30,021 Load disk config: storage_dir=/opt/seafile/seafile-data/storage/commits
[2026-09-15 08:27:32.565207] Start sending file updates emails...
[2026-09-15 08:27:32.573132] Finish sending file updates emails.

2026-09-15 08:32:33,670 Load disk config: storage_dir=/opt/seafile/seafile-data/storage/blocks
2026-09-15 08:32:33,671 Load disk config: storage_dir=/opt/seafile/seafile-data/storage/fs
2026-09-15 08:32:33,671 Load disk config: storage_dir=/opt/seafile/seafile-data/storage/commits
[2026-09-15 08:32:35.440658] Start sending file updates emails...
[2026-09-15 08:32:35.447079] Finish sending file updates emails.

2026-09-15 08:37:36,328 Load disk config: storage_dir=/opt/seafile/seafile-data/storage/blocks
2026-09-15 08:37:36,329 Load disk config: storage_dir=/opt/seafile/seafile-data/storage/fs
2026-09-15 08:37:36,329 Load disk config: storage_dir=/opt/seafile/seafile-data/storage/commits
[2026-09-15 08:37:37.959007] Start sending file updates emails...
[2026-09-15 08:37:37.964732] Finish sending file updates emails.

2026-09-15 08:42:38,878 Load disk config: storage_dir=/opt/seafile/seafile-data/storage/blocks
2026-09-15 08:42:38,878 Load disk config: storage_dir=/opt/seafile/seafile-data/storage/fs
2026-09-15 08:42:38,878 Load disk config: storage_dir=/opt/seafile/seafile-data/storage/commits
[2026-09-15 08:42:40.538516] Start sending file updates emails...
[2026-09-15 08:42:40.544146] Finish sending file updates emails.

2026-09-15 08:47:41,668 Load disk config: storage_dir=/opt/seafile/seafile-data/storage/blocks
2026-09-15 08:47:41,669 Load disk config: storage_dir=/opt/seafile/seafile-data/storage/fs
2026-09-15 08:47:41,669 Load disk config: storage_dir=/opt/seafile/seafile-data/storage/commits
[2026-09-15 08:47:44.109976] Start sending file updates emails...
[2026-09-15 08:47:44.119162] Finish sending file updates emails.

2026-09-15 08:52:11,538 Start counting user activity info..
2026-09-15 08:52:11,539 [UserActivityCounter] update 0 items.
2026-09-15 08:52:11,544 Start counting traffic info..
2026-09-15 08:52:11,546 Traffic counter finished, total time: 0.0017147064208984375 seconds.
2026-09-15 08:52:11,551 starts to send email
2026-09-15 08:52:11,655 Start counting file operations..
2026-09-15 08:52:11,666 [FileOpsCounter] Finish counting file operations in 0.010778427124023438 seconds, 0 added, 0 deleted, 0 visited, 0 modified
2026-09-15 08:52:11,675 Start counting monthly traffic info..
2026-09-15 08:52:11,693 Monthly traffic counter finished, update 1 user items, 1 org items, total time: 0.017789602279663086 seconds.
2026-09-15 08:52:11,698 Start counting total storage..
2026-09-15 08:52:11,738 [TotalStorageCounter] Finish counting total storage in 0.04017233848571777 seconds.
2026-09-15 08:52:12,037 Load disk config: storage_dir=/opt/seafile/seafile-data/storage/blocks
2026-09-15 08:52:12,038 Load disk config: storage_dir=/opt/seafile/seafile-data/storage/fs
2026-09-15 08:52:12,038 Load disk config: storage_dir=/opt/seafile/seafile-data/storage/commits
2026-09-15 08:52:45,047 Load disk config: storage_dir=/opt/seafile/seafile-data/storage/blocks
2026-09-15 08:52:45,048 Load disk config: storage_dir=/opt/seafile/seafile-data/storage/fs
2026-09-15 08:52:45,048 Load disk config: storage_dir=/opt/seafile/seafile-data/storage/commits
[2026-09-15 08:52:46.695850] Start sending file updates emails...
[2026-09-15 08:52:46.701382] Finish sending file updates emails.

2026-09-15 08:57:47,616 Load disk config: storage_dir=/opt/seafile/seafile-data/storage/blocks
2026-09-15 08:57:47,616 Load disk config: storage_dir=/opt/seafile/seafile-data/storage/fs
2026-09-15 08:57:47,616 Load disk config: storage_dir=/opt/seafile/seafile-data/storage/commits
[2026-09-15 08:57:49.286001] Start sending file updates emails...
[2026-09-15 08:57:49.291902] Finish sending file updates emails.

2026-09-15 09:02:50,152 Load disk config: storage_dir=/opt/seafile/seafile-data/storage/blocks
2026-09-15 09:02:50,152 Load disk config: storage_dir=/opt/seafile/seafile-data/storage/fs
2026-09-15 09:02:50,152 Load disk config: storage_dir=/opt/seafile/seafile-data/storage/commits
[2026-09-15 09:02:51.780360] Start sending file updates emails...
[2026-09-15 09:02:51.787071] Finish sending file updates emails.

2026-09-15 09:07:52,706 Load disk config: storage_dir=/opt/seafile/seafile-data/storage/blocks
2026-09-15 09:07:52,706 Load disk config: storage_dir=/opt/seafile/seafile-data/storage/fs
2026-09-15 09:07:52,706 Load disk config: storage_dir=/opt/seafile/seafile-data/storage/commits
[2026-09-15 09:07:54.378471] Start sending file updates emails...
[2026-09-15 09:07:54.384351] Finish sending file updates emails.

2026-09-15 09:12:55,309 Load disk config: storage_dir=/opt/seafile/seafile-data/storage/blocks
2026-09-15 09:12:55,309 Load disk config: storage_dir=/opt/seafile/seafile-data/storage/fs
2026-09-15 09:12:55,309 Load disk config: storage_dir=/opt/seafile/seafile-data/storage/commits
[2026-09-15 09:12:56.963278] Start sending file updates emails...
[2026-09-15 09:12:56.969506] Finish sending file updates emails.

2026-09-15 09:17:57,829 Load disk config: storage_dir=/opt/seafile/seafile-data/storage/blocks
2026-09-15 09:17:57,830 Load disk config: storage_dir=/opt/seafile/seafile-data/storage/fs
2026-09-15 09:17:57,830 Load disk config: storage_dir=/opt/seafile/seafile-data/storage/commits
[2026-09-15 09:17:59.471049] Start sending file updates emails...
[2026-09-15 09:17:59.477086] Finish sending file updates emails.

2026-09-15 09:22:11,552 starts to send email
2026-09-15 09:22:12,033 Load disk config: storage_dir=/opt/seafile/seafile-data/storage/blocks
2026-09-15 09:22:12,033 Load disk config: storage_dir=/opt/seafile/seafile-data/storage/fs
2026-09-15 09:22:12,033 Load disk config: storage_dir=/opt/seafile/seafile-data/storage/commits
2026-09-15 09:23:00,346 Load disk config: storage_dir=/opt/seafile/seafile-data/storage/blocks
2026-09-15 09:23:00,347 Load disk config: storage_dir=/opt/seafile/seafile-data/storage/fs
2026-09-15 09:23:00,347 Load disk config: storage_dir=/opt/seafile/seafile-data/storage/commits
[2026-09-15 09:23:01.996982] Start sending file updates emails...
[2026-09-15 09:23:02.003228] Finish sending file updates emails.

